{"1":{"fajr":"04:57","sunrise":"06:26","dohr":"13:20","asr":"16:55","maghreb":"20:05","ichaa":"21:22"},"2":{"fajr":"04:55","sunrise":"06:25","dohr":"13:20","asr":"16:55","maghreb":"20:06","ichaa":"21:23"},"3":{"fajr":"04:54","sunrise":"06:24","dohr":"13:20","asr":"16:55","maghreb":"20:07","ichaa":"21:24"},"4":{"fajr":"04:53","sunrise":"06:23","dohr":"13:20","asr":"16:55","maghreb":"20:07","ichaa":"21:25"},"5":{"fajr":"04:52","sunrise":"06:22","dohr":"13:19","asr":"16:55","maghreb":"20:08","ichaa":"21:26"},"6":{"fajr":"04:50","sunrise":"06:21","dohr":"13:19","asr":"16:55","maghreb":"20:09","ichaa":"21:27"},"7":{"fajr":"04:49","sunrise":"06:20","dohr":"13:19","asr":"16:55","maghreb":"20:09","ichaa":"21:28"},"8":{"fajr":"04:48","sunrise":"06:19","dohr":"13:19","asr":"16:55","maghreb":"20:10","ichaa":"21:29"},"9":{"fajr":"04:47","sunrise":"06:19","dohr":"13:19","asr":"16:55","maghreb":"20:11","ichaa":"21:30"},"10":{"fajr":"04:46","sunrise":"06:18","dohr":"13:19","asr":"16:55","maghreb":"20:12","ichaa":"21:31"},"11":{"fajr":"04:45","sunrise":"06:17","dohr":"13:19","asr":"16:55","maghreb":"20:12","ichaa":"21:32"},"12":{"fajr":"04:44","sunrise":"06:16","dohr":"13:19","asr":"16:55","maghreb":"20:13","ichaa":"21:33"},"13":{"fajr":"04:43","sunrise":"06:16","dohr":"13:19","asr":"16:55","maghreb":"20:14","ichaa":"21:34"},"14":{"fajr":"04:42","sunrise":"06:15","dohr":"13:19","asr":"16:55","maghreb":"20:14","ichaa":"21:35"},"15":{"fajr":"04:41","sunrise":"06:14","dohr":"13:19","asr":"16:55","maghreb":"20:15","ichaa":"21:36"},"16":{"fajr":"04:40","sunrise":"06:13","dohr":"13:19","asr":"16:55","maghreb":"20:16","ichaa":"21:37"},"17":{"fajr":"04:39","sunrise":"06:13","dohr":"13:19","asr":"16:55","maghreb":"20:16","ichaa":"21:38"},"18":{"fajr":"04:38","sunrise":"06:12","dohr":"13:19","asr":"16:55","maghreb":"20:17","ichaa":"21:39"},"19":{"fajr":"04:37","sunrise":"06:12","dohr":"13:19","asr":"16:55","maghreb":"20:18","ichaa":"21:40"},"20":{"fajr":"04:36","sunrise":"06:11","dohr":"13:19","asr":"16:55","maghreb":"20:19","ichaa":"21:41"},"21":{"fajr":"04:35","sunrise":"06:10","dohr":"13:19","asr":"16:55","maghreb":"20:19","ichaa":"21:42"},"22":{"fajr":"04:34","sunrise":"06:10","dohr":"13:19","asr":"16:55","maghreb":"20:20","ichaa":"21:42"},"23":{"fajr":"04:34","sunrise":"06:09","dohr":"13:20","asr":"16:55","maghreb":"20:21","ichaa":"21:43"},"24":{"fajr":"04:33","sunrise":"06:09","dohr":"13:20","asr":"16:55","maghreb":"20:21","ichaa":"21:44"},"25":{"fajr":"04:32","sunrise":"06:09","dohr":"13:20","asr":"16:55","maghreb":"20:22","ichaa":"21:45"},"26":{"fajr":"04:31","sunrise":"06:08","dohr":"13:20","asr":"16:56","maghreb":"20:22","ichaa":"21:46"},"27":{"fajr":"04:31","sunrise":"06:08","dohr":"13:20","asr":"16:56","maghreb":"20:23","ichaa":"21:47"},"28":{"fajr":"04:30","sunrise":"06:07","dohr":"13:20","asr":"16:56","maghreb":"20:24","ichaa":"21:48"},"29":{"fajr":"04:30","sunrise":"06:07","dohr":"13:20","asr":"16:56","maghreb":"20:24","ichaa":"21:48"},"30":{"fajr":"04:29","sunrise":"06:07","dohr":"13:20","asr":"16:56","maghreb":"20:25","ichaa":"21:49"},"31":{"fajr":"04:28","sunrise":"06:06","dohr":"13:21","asr":"16:56","maghreb":"20:25","ichaa":"21:50"}}