{"1":{"fajr":"04:28","sunrise":"06:06","dohr":"13:21","asr":"16:56","maghreb":"20:26","ichaa":"21:51"},"2":{"fajr":"04:27","sunrise":"06:06","dohr":"13:21","asr":"16:56","maghreb":"20:27","ichaa":"21:51"},"3":{"fajr":"04:27","sunrise":"06:06","dohr":"13:21","asr":"16:57","maghreb":"20:27","ichaa":"21:52"},"4":{"fajr":"04:27","sunrise":"06:05","dohr":"13:21","asr":"16:57","maghreb":"20:28","ichaa":"21:53"},"5":{"fajr":"04:26","sunrise":"06:05","dohr":"13:21","asr":"16:57","maghreb":"20:28","ichaa":"21:54"},"6":{"fajr":"04:26","sunrise":"06:05","dohr":"13:22","asr":"16:57","maghreb":"20:29","ichaa":"21:54"},"7":{"fajr":"04:26","sunrise":"06:05","dohr":"13:22","asr":"16:57","maghreb":"20:29","ichaa":"21:55"},"8":{"fajr":"04:25","sunrise":"06:05","dohr":"13:22","asr":"16:57","maghreb":"20:30","ichaa":"21:55"},"9":{"fajr":"04:25","sunrise":"06:05","dohr":"13:22","asr":"16:57","maghreb":"20:30","ichaa":"21:56"},"10":{"fajr":"04:25","sunrise":"06:05","dohr":"13:22","asr":"16:58","maghreb":"20:31","ichaa":"21:57"},"11":{"fajr":"04:25","sunrise":"06:05","dohr":"13:23","asr":"16:58","maghreb":"20:31","ichaa":"21:57"},"12":{"fajr":"04:25","sunrise":"06:05","dohr":"13:23","asr":"16:58","maghreb":"20:31","ichaa":"21:58"},"13":{"fajr":"04:25","sunrise":"06:05","dohr":"13:23","asr":"16:58","maghreb":"20:32","ichaa":"21:58"},"14":{"fajr":"04:24","sunrise":"06:05","dohr":"13:23","asr":"16:58","maghreb":"20:32","ichaa":"21:58"},"15":{"fajr":"04:24","sunrise":"06:05","dohr":"13:23","asr":"16:59","maghreb":"20:32","ichaa":"21:59"},"16":{"fajr":"04:24","sunrise":"06:05","dohr":"13:24","asr":"16:59","maghreb":"20:33","ichaa":"21:59"},"17":{"fajr":"04:25","sunrise":"06:05","dohr":"13:24","asr":"16:59","maghreb":"20:33","ichaa":"22:00"},"18":{"fajr":"04:25","sunrise":"06:05","dohr":"13:24","asr":"16:59","maghreb":"20:33","ichaa":"22:00"},"19":{"fajr":"04:25","sunrise":"06:05","dohr":"13:24","asr":"16:59","maghreb":"20:34","ichaa":"22:00"},"20":{"fajr":"04:25","sunrise":"06:06","dohr":"13:24","asr":"17:00","maghreb":"20:34","ichaa":"22:00"},"21":{"fajr":"04:25","sunrise":"06:06","dohr":"13:25","asr":"17:00","maghreb":"20:34","ichaa":"22:01"},"22":{"fajr":"04:25","sunrise":"06:06","dohr":"13:25","asr":"17:00","maghreb":"20:34","ichaa":"22:01"},"23":{"fajr":"04:26","sunrise":"06:06","dohr":"13:25","asr":"17:00","maghreb":"20:34","ichaa":"22:01"},"24":{"fajr":"04:26","sunrise":"06:07","dohr":"13:25","asr":"17:01","maghreb":"20:35","ichaa":"22:01"},"25":{"fajr":"04:26","sunrise":"06:07","dohr":"13:26","asr":"17:01","maghreb":"20:35","ichaa":"22:01"},"26":{"fajr":"04:27","sunrise":"06:07","dohr":"13:26","asr":"17:01","maghreb":"20:35","ichaa":"22:01"},"27":{"fajr":"04:27","sunrise":"06:07","dohr":"13:26","asr":"17:01","maghreb":"20:35","ichaa":"22:01"},"28":{"fajr":"04:27","sunrise":"06:08","dohr":"13:26","asr":"17:01","maghreb":"20:35","ichaa":"22:01"},"29":{"fajr":"04:28","sunrise":"06:08","dohr":"13:26","asr":"17:02","maghreb":"20:35","ichaa":"22:01"},"30":{"fajr":"04:28","sunrise":"06:09","dohr":"13:27","asr":"17:02","maghreb":"20:35","ichaa":"22:01"}}