{"1":{"fajr":"04:29","sunrise":"06:09","dohr":"13:27","asr":"17:02","maghreb":"20:35","ichaa":"22:01"},"2":{"fajr":"04:29","sunrise":"06:09","dohr":"13:27","asr":"17:02","maghreb":"20:35","ichaa":"22:01"},"3":{"fajr":"04:30","sunrise":"06:10","dohr":"13:27","asr":"17:02","maghreb":"20:35","ichaa":"22:00"},"4":{"fajr":"04:31","sunrise":"06:10","dohr":"13:27","asr":"17:03","maghreb":"20:35","ichaa":"22:00"},"5":{"fajr":"04:31","sunrise":"06:11","dohr":"13:27","asr":"17:03","maghreb":"20:35","ichaa":"22:00"},"6":{"fajr":"04:32","sunrise":"06:11","dohr":"13:28","asr":"17:03","maghreb":"20:34","ichaa":"22:00"},"7":{"fajr":"04:33","sunrise":"06:12","dohr":"13:28","asr":"17:03","maghreb":"20:34","ichaa":"21:59"},"8":{"fajr":"04:33","sunrise":"06:12","dohr":"13:28","asr":"17:03","maghreb":"20:34","ichaa":"21:59"},"9":{"fajr":"04:34","sunrise":"06:13","dohr":"13:28","asr":"17:04","maghreb":"20:34","ichaa":"21:58"},"10":{"fajr":"04:35","sunrise":"06:13","dohr":"13:28","asr":"17:04","maghreb":"20:33","ichaa":"21:58"},"11":{"fajr":"04:36","sunrise":"06:14","dohr":"13:28","asr":"17:04","maghreb":"20:33","ichaa":"21:58"},"12":{"fajr":"04:36","sunrise":"06:14","dohr":"13:28","asr":"17:04","maghreb":"20:33","ichaa":"21:57"},"13":{"fajr":"04:37","sunrise":"06:15","dohr":"13:29","asr":"17:04","maghreb":"20:33","ichaa":"21:57"},"14":{"fajr":"04:38","sunrise":"06:16","dohr":"13:29","asr":"17:04","maghreb":"20:32","ichaa":"21:56"},"15":{"fajr":"04:39","sunrise":"06:16","dohr":"13:29","asr":"17:04","maghreb":"20:32","ichaa":"21:55"},"16":{"fajr":"04:40","sunrise":"06:17","dohr":"13:29","asr":"17:04","maghreb":"20:31","ichaa":"21:55"},"17":{"fajr":"04:41","sunrise":"06:17","dohr":"13:29","asr":"17:05","maghreb":"20:31","ichaa":"21:54"},"18":{"fajr":"04:41","sunrise":"06:18","dohr":"13:29","asr":"17:05","maghreb":"20:30","ichaa":"21:53"},"19":{"fajr":"04:42","sunrise":"06:19","dohr":"13:29","asr":"17:05","maghreb":"20:30","ichaa":"21:53"},"20":{"fajr":"04:43","sunrise":"06:19","dohr":"13:29","asr":"17:05","maghreb":"20:29","ichaa":"21:52"},"21":{"fajr":"04:44","sunrise":"06:20","dohr":"13:29","asr":"17:05","maghreb":"20:29","ichaa":"21:51"},"22":{"fajr":"04:45","sunrise":"06:20","dohr":"13:29","asr":"17:05","maghreb":"20:28","ichaa":"21:50"},"23":{"fajr":"04:46","sunrise":"06:21","dohr":"13:29","asr":"17:05","maghreb":"20:28","ichaa":"21:49"},"24":{"fajr":"04:47","sunrise":"06:22","dohr":"13:29","asr":"17:05","maghreb":"20:27","ichaa":"21:49"},"25":{"fajr":"04:48","sunrise":"06:22","dohr":"13:29","asr":"17:05","maghreb":"20:26","ichaa":"21:48"},"26":{"fajr":"04:49","sunrise":"06:23","dohr":"13:29","asr":"17:05","maghreb":"20:26","ichaa":"21:47"},"27":{"fajr":"04:50","sunrise":"06:24","dohr":"13:29","asr":"17:05","maghreb":"20:25","ichaa":"21:46"},"28":{"fajr":"04:51","sunrise":"06:24","dohr":"13:29","asr":"17:05","maghreb":"20:24","ichaa":"21:45"},"29":{"fajr":"04:52","sunrise":"06:25","dohr":"13:29","asr":"17:05","maghreb":"20:24","ichaa":"21:44"},"30":{"fajr":"04:53","sunrise":"06:26","dohr":"13:29","asr":"17:05","maghreb":"20:23","ichaa":"21:43"},"31":{"fajr":"04:54","sunrise":"06:26","dohr":"13:29","asr":"17:05","maghreb":"20:22","ichaa":"21:42"}}