{"1":{"fajr":"04:27","sunrise":"06:05","dohr":"13:21","asr":"16:57","maghreb":"20:27","ichaa":"21:52"},"2":{"fajr":"04:26","sunrise":"06:05","dohr":"13:21","asr":"16:57","maghreb":"20:28","ichaa":"21:53"},"3":{"fajr":"04:26","sunrise":"06:05","dohr":"13:21","asr":"16:57","maghreb":"20:28","ichaa":"21:54"},"4":{"fajr":"04:25","sunrise":"06:05","dohr":"13:21","asr":"16:58","maghreb":"20:29","ichaa":"21:54"},"5":{"fajr":"04:25","sunrise":"06:05","dohr":"13:22","asr":"16:58","maghreb":"20:29","ichaa":"21:55"},"6":{"fajr":"04:25","sunrise":"06:04","dohr":"13:22","asr":"16:58","maghreb":"20:30","ichaa":"21:56"},"7":{"fajr":"04:24","sunrise":"06:04","dohr":"13:22","asr":"16:58","maghreb":"20:30","ichaa":"21:56"},"8":{"fajr":"04:24","sunrise":"06:04","dohr":"13:22","asr":"16:58","maghreb":"20:31","ichaa":"21:57"},"9":{"fajr":"04:24","sunrise":"06:04","dohr":"13:22","asr":"16:58","maghreb":"20:31","ichaa":"21:58"},"10":{"fajr":"04:24","sunrise":"06:04","dohr":"13:23","asr":"16:59","maghreb":"20:32","ichaa":"21:58"},"11":{"fajr":"04:23","sunrise":"06:04","dohr":"13:23","asr":"16:59","maghreb":"20:32","ichaa":"21:59"},"12":{"fajr":"04:23","sunrise":"06:04","dohr":"13:23","asr":"16:59","maghreb":"20:32","ichaa":"21:59"},"13":{"fajr":"04:23","sunrise":"06:04","dohr":"13:23","asr":"16:59","maghreb":"20:33","ichaa":"22:00"},"14":{"fajr":"04:23","sunrise":"06:04","dohr":"13:23","asr":"16:59","maghreb":"20:33","ichaa":"22:00"},"15":{"fajr":"04:23","sunrise":"06:04","dohr":"13:24","asr":"17:00","maghreb":"20:33","ichaa":"22:00"},"16":{"fajr":"04:23","sunrise":"06:04","dohr":"13:24","asr":"17:00","maghreb":"20:34","ichaa":"22:01"},"17":{"fajr":"04:23","sunrise":"06:04","dohr":"13:24","asr":"17:00","maghreb":"20:34","ichaa":"22:01"},"18":{"fajr":"04:23","sunrise":"06:05","dohr":"13:24","asr":"17:00","maghreb":"20:34","ichaa":"22:01"},"19":{"fajr":"04:23","sunrise":"06:05","dohr":"13:24","asr":"17:00","maghreb":"20:35","ichaa":"22:02"},"20":{"fajr":"04:24","sunrise":"06:05","dohr":"13:25","asr":"17:01","maghreb":"20:35","ichaa":"22:02"},"21":{"fajr":"04:24","sunrise":"06:05","dohr":"13:25","asr":"17:01","maghreb":"20:35","ichaa":"22:02"},"22":{"fajr":"04:24","sunrise":"06:05","dohr":"13:25","asr":"17:01","maghreb":"20:35","ichaa":"22:02"},"23":{"fajr":"04:24","sunrise":"06:06","dohr":"13:25","asr":"17:01","maghreb":"20:35","ichaa":"22:03"},"24":{"fajr":"04:25","sunrise":"06:06","dohr":"13:26","asr":"17:02","maghreb":"20:36","ichaa":"22:03"},"25":{"fajr":"04:25","sunrise":"06:06","dohr":"13:26","asr":"17:02","maghreb":"20:36","ichaa":"22:03"},"26":{"fajr":"04:25","sunrise":"06:06","dohr":"13:26","asr":"17:02","maghreb":"20:36","ichaa":"22:03"},"27":{"fajr":"04:26","sunrise":"06:07","dohr":"13:26","asr":"17:02","maghreb":"20:36","ichaa":"22:03"},"28":{"fajr":"04:26","sunrise":"06:07","dohr":"13:26","asr":"17:02","maghreb":"20:36","ichaa":"22:03"},"29":{"fajr":"04:27","sunrise":"06:08","dohr":"13:27","asr":"17:03","maghreb":"20:36","ichaa":"22:03"},"30":{"fajr":"04:27","sunrise":"06:08","dohr":"13:27","asr":"17:03","maghreb":"20:36","ichaa":"22:03"}}