{"1":{"fajr":"05:23","sunrise":"06:47","dohr":"13:23","asr":"16:53","maghreb":"19:49","ichaa":"21:02"},"2":{"fajr":"05:24","sunrise":"06:48","dohr":"13:23","asr":"16:53","maghreb":"19:47","ichaa":"21:00"},"3":{"fajr":"05:24","sunrise":"06:48","dohr":"13:22","asr":"16:52","maghreb":"19:46","ichaa":"20:59"},"4":{"fajr":"05:25","sunrise":"06:49","dohr":"13:22","asr":"16:52","maghreb":"19:45","ichaa":"20:57"},"5":{"fajr":"05:26","sunrise":"06:50","dohr":"13:22","asr":"16:51","maghreb":"19:44","ichaa":"20:56"},"6":{"fajr":"05:27","sunrise":"06:50","dohr":"13:21","asr":"16:50","maghreb":"19:42","ichaa":"20:54"},"7":{"fajr":"05:28","sunrise":"06:51","dohr":"13:21","asr":"16:49","maghreb":"19:41","ichaa":"20:53"},"8":{"fajr":"05:29","sunrise":"06:52","dohr":"13:21","asr":"16:49","maghreb":"19:40","ichaa":"20:51"},"9":{"fajr":"05:29","sunrise":"06:52","dohr":"13:20","asr":"16:48","maghreb":"19:38","ichaa":"20:50"},"10":{"fajr":"05:30","sunrise":"06:53","dohr":"13:20","asr":"16:47","maghreb":"19:37","ichaa":"20:49"},"11":{"fajr":"05:31","sunrise":"06:53","dohr":"13:20","asr":"16:47","maghreb":"19:36","ichaa":"20:47"},"12":{"fajr":"05:32","sunrise":"06:54","dohr":"13:19","asr":"16:46","maghreb":"19:34","ichaa":"20:46"},"13":{"fajr":"05:32","sunrise":"06:55","dohr":"13:19","asr":"16:45","maghreb":"19:33","ichaa":"20:44"},"14":{"fajr":"05:33","sunrise":"06:55","dohr":"13:18","asr":"16:44","maghreb":"19:32","ichaa":"20:43"},"15":{"fajr":"05:34","sunrise":"06:56","dohr":"13:18","asr":"16:44","maghreb":"19:30","ichaa":"20:41"},"16":{"fajr":"05:35","sunrise":"06:56","dohr":"13:18","asr":"16:43","maghreb":"19:29","ichaa":"20:40"},"17":{"fajr":"05:35","sunrise":"06:57","dohr":"13:17","asr":"16:42","maghreb":"19:28","ichaa":"20:38"},"18":{"fajr":"05:36","sunrise":"06:58","dohr":"13:17","asr":"16:41","maghreb":"19:26","ichaa":"20:37"},"19":{"fajr":"05:37","sunrise":"06:58","dohr":"13:17","asr":"16:40","maghreb":"19:25","ichaa":"20:36"},"20":{"fajr":"05:38","sunrise":"06:59","dohr":"13:16","asr":"16:40","maghreb":"19:24","ichaa":"20:34"},"21":{"fajr":"05:38","sunrise":"07:00","dohr":"13:16","asr":"16:39","maghreb":"19:22","ichaa":"20:33"},"22":{"fajr":"05:39","sunrise":"07:00","dohr":"13:16","asr":"16:38","maghreb":"19:21","ichaa":"20:31"},"23":{"fajr":"05:40","sunrise":"07:01","dohr":"13:15","asr":"16:37","maghreb":"19:20","ichaa":"20:30"},"24":{"fajr":"05:40","sunrise":"07:02","dohr":"13:15","asr":"16:36","maghreb":"19:18","ichaa":"20:29"},"25":{"fajr":"05:41","sunrise":"07:02","dohr":"13:15","asr":"16:35","maghreb":"19:17","ichaa":"20:27"},"26":{"fajr":"05:42","sunrise":"07:03","dohr":"13:14","asr":"16:34","maghreb":"19:16","ichaa":"20:26"},"27":{"fajr":"05:43","sunrise":"07:03","dohr":"13:14","asr":"16:34","maghreb":"19:14","ichaa":"20:25"},"28":{"fajr":"05:43","sunrise":"07:04","dohr":"13:14","asr":"16:33","maghreb":"19:13","ichaa":"20:23"},"29":{"fajr":"05:44","sunrise":"07:05","dohr":"13:13","asr":"16:32","maghreb":"19:12","ichaa":"20:22"},"30":{"fajr":"05:45","sunrise":"07:05","dohr":"13:13","asr":"16:31","maghreb":"19:10","ichaa":"20:20"}}