{"1":{"fajr":"05:36","sunrise":"06:59","dohr":"13:30","asr":"16:59","maghreb":"19:51","ichaa":"21:04"},"2":{"fajr":"05:34","sunrise":"06:58","dohr":"13:30","asr":"16:59","maghreb":"19:52","ichaa":"21:05"},"3":{"fajr":"05:33","sunrise":"06:57","dohr":"13:29","asr":"16:59","maghreb":"19:53","ichaa":"21:06"},"4":{"fajr":"05:31","sunrise":"06:55","dohr":"13:29","asr":"16:59","maghreb":"19:53","ichaa":"21:07"},"5":{"fajr":"05:30","sunrise":"06:54","dohr":"13:29","asr":"16:59","maghreb":"19:54","ichaa":"21:08"},"6":{"fajr":"05:28","sunrise":"06:52","dohr":"13:28","asr":"17:00","maghreb":"19:55","ichaa":"21:09"},"7":{"fajr":"05:26","sunrise":"06:51","dohr":"13:28","asr":"17:00","maghreb":"19:56","ichaa":"21:10"},"8":{"fajr":"05:25","sunrise":"06:50","dohr":"13:28","asr":"17:00","maghreb":"19:57","ichaa":"21:11"},"9":{"fajr":"05:23","sunrise":"06:48","dohr":"13:28","asr":"17:00","maghreb":"19:57","ichaa":"21:12"},"10":{"fajr":"05:22","sunrise":"06:47","dohr":"13:27","asr":"17:00","maghreb":"19:58","ichaa":"21:13"},"11":{"fajr":"05:20","sunrise":"06:46","dohr":"13:27","asr":"17:00","maghreb":"19:59","ichaa":"21:14"},"12":{"fajr":"05:18","sunrise":"06:44","dohr":"13:27","asr":"17:01","maghreb":"20:00","ichaa":"21:15"},"13":{"fajr":"05:17","sunrise":"06:43","dohr":"13:27","asr":"17:01","maghreb":"20:01","ichaa":"21:16"},"14":{"fajr":"05:15","sunrise":"06:42","dohr":"13:26","asr":"17:01","maghreb":"20:02","ichaa":"21:17"},"15":{"fajr":"05:14","sunrise":"06:40","dohr":"13:26","asr":"17:01","maghreb":"20:02","ichaa":"21:18"},"16":{"fajr":"05:12","sunrise":"06:39","dohr":"13:26","asr":"17:01","maghreb":"20:03","ichaa":"21:19"},"17":{"fajr":"05:10","sunrise":"06:38","dohr":"13:26","asr":"17:01","maghreb":"20:04","ichaa":"21:20"},"18":{"fajr":"05:09","sunrise":"06:36","dohr":"13:25","asr":"17:01","maghreb":"20:05","ichaa":"21:21"},"19":{"fajr":"05:07","sunrise":"06:35","dohr":"13:25","asr":"17:01","maghreb":"20:06","ichaa":"21:22"},"20":{"fajr":"05:06","sunrise":"06:34","dohr":"13:25","asr":"17:01","maghreb":"20:07","ichaa":"21:23"},"21":{"fajr":"05:04","sunrise":"06:33","dohr":"13:25","asr":"17:02","maghreb":"20:07","ichaa":"21:24"},"22":{"fajr":"05:03","sunrise":"06:32","dohr":"13:25","asr":"17:02","maghreb":"20:08","ichaa":"21:25"},"23":{"fajr":"05:01","sunrise":"06:30","dohr":"13:24","asr":"17:02","maghreb":"20:09","ichaa":"21:27"},"24":{"fajr":"05:00","sunrise":"06:29","dohr":"13:24","asr":"17:02","maghreb":"20:10","ichaa":"21:28"},"25":{"fajr":"04:58","sunrise":"06:28","dohr":"13:24","asr":"17:02","maghreb":"20:11","ichaa":"21:29"},"26":{"fajr":"04:57","sunrise":"06:27","dohr":"13:24","asr":"17:02","maghreb":"20:12","ichaa":"21:30"},"27":{"fajr":"04:55","sunrise":"06:26","dohr":"13:24","asr":"17:02","maghreb":"20:12","ichaa":"21:31"},"28":{"fajr":"04:54","sunrise":"06:24","dohr":"13:24","asr":"17:02","maghreb":"20:13","ichaa":"21:32"},"29":{"fajr":"04:52","sunrise":"06:23","dohr":"13:23","asr":"17:02","maghreb":"20:14","ichaa":"21:33"},"30":{"fajr":"04:51","sunrise":"06:22","dohr":"13:23","asr":"17:02","maghreb":"20:15","ichaa":"21:34"}}