{"1":{"fajr":"04:16","sunrise":"05:59","dohr":"13:24","asr":"17:07","maghreb":"20:40","ichaa":"22:08"},"2":{"fajr":"04:15","sunrise":"05:58","dohr":"13:24","asr":"17:07","maghreb":"20:40","ichaa":"22:09"},"3":{"fajr":"04:15","sunrise":"05:58","dohr":"13:24","asr":"17:07","maghreb":"20:41","ichaa":"22:10"},"4":{"fajr":"04:14","sunrise":"05:58","dohr":"13:25","asr":"17:07","maghreb":"20:42","ichaa":"22:11"},"5":{"fajr":"04:14","sunrise":"05:58","dohr":"13:25","asr":"17:08","maghreb":"20:42","ichaa":"22:12"},"6":{"fajr":"04:13","sunrise":"05:57","dohr":"13:25","asr":"17:08","maghreb":"20:43","ichaa":"22:12"},"7":{"fajr":"04:13","sunrise":"05:57","dohr":"13:25","asr":"17:08","maghreb":"20:43","ichaa":"22:13"},"8":{"fajr":"04:12","sunrise":"05:57","dohr":"13:25","asr":"17:08","maghreb":"20:44","ichaa":"22:14"},"9":{"fajr":"04:12","sunrise":"05:57","dohr":"13:25","asr":"17:08","maghreb":"20:44","ichaa":"22:14"},"10":{"fajr":"04:12","sunrise":"05:57","dohr":"13:26","asr":"17:09","maghreb":"20:45","ichaa":"22:15"},"11":{"fajr":"04:12","sunrise":"05:57","dohr":"13:26","asr":"17:09","maghreb":"20:45","ichaa":"22:15"},"12":{"fajr":"04:11","sunrise":"05:57","dohr":"13:26","asr":"17:09","maghreb":"20:46","ichaa":"22:16"},"13":{"fajr":"04:11","sunrise":"05:57","dohr":"13:26","asr":"17:09","maghreb":"20:46","ichaa":"22:17"},"14":{"fajr":"04:11","sunrise":"05:57","dohr":"13:26","asr":"17:09","maghreb":"20:46","ichaa":"22:17"},"15":{"fajr":"04:11","sunrise":"05:57","dohr":"13:27","asr":"17:10","maghreb":"20:47","ichaa":"22:17"},"16":{"fajr":"04:11","sunrise":"05:57","dohr":"13:27","asr":"17:10","maghreb":"20:47","ichaa":"22:18"},"17":{"fajr":"04:11","sunrise":"05:57","dohr":"13:27","asr":"17:10","maghreb":"20:47","ichaa":"22:18"},"18":{"fajr":"04:11","sunrise":"05:57","dohr":"13:27","asr":"17:10","maghreb":"20:48","ichaa":"22:19"},"19":{"fajr":"04:11","sunrise":"05:57","dohr":"13:28","asr":"17:11","maghreb":"20:48","ichaa":"22:19"},"20":{"fajr":"04:11","sunrise":"05:57","dohr":"13:28","asr":"17:11","maghreb":"20:48","ichaa":"22:19"},"21":{"fajr":"04:12","sunrise":"05:58","dohr":"13:28","asr":"17:11","maghreb":"20:48","ichaa":"22:19"},"22":{"fajr":"04:12","sunrise":"05:58","dohr":"13:28","asr":"17:11","maghreb":"20:48","ichaa":"22:19"},"23":{"fajr":"04:12","sunrise":"05:58","dohr":"13:28","asr":"17:11","maghreb":"20:49","ichaa":"22:20"},"24":{"fajr":"04:12","sunrise":"05:58","dohr":"13:29","asr":"17:12","maghreb":"20:49","ichaa":"22:20"},"25":{"fajr":"04:13","sunrise":"05:59","dohr":"13:29","asr":"17:12","maghreb":"20:49","ichaa":"22:20"},"26":{"fajr":"04:13","sunrise":"05:59","dohr":"13:29","asr":"17:12","maghreb":"20:49","ichaa":"22:20"},"27":{"fajr":"04:14","sunrise":"05:59","dohr":"13:29","asr":"17:12","maghreb":"20:49","ichaa":"22:20"},"28":{"fajr":"04:14","sunrise":"06:00","dohr":"13:29","asr":"17:12","maghreb":"20:49","ichaa":"22:20"},"29":{"fajr":"04:15","sunrise":"06:00","dohr":"13:30","asr":"17:13","maghreb":"20:49","ichaa":"22:19"},"30":{"fajr":"04:15","sunrise":"06:01","dohr":"13:30","asr":"17:13","maghreb":"20:49","ichaa":"22:19"}}