{"1":{"fajr":"04:05","sunrise":"05:53","dohr":"13:12","asr":"16:54","maghreb":"20:23","ichaa":"21:55"},"2":{"fajr":"04:05","sunrise":"05:53","dohr":"13:12","asr":"16:55","maghreb":"20:23","ichaa":"21:56"},"3":{"fajr":"04:04","sunrise":"05:53","dohr":"13:13","asr":"16:55","maghreb":"20:24","ichaa":"21:57"},"4":{"fajr":"04:04","sunrise":"05:52","dohr":"13:13","asr":"16:55","maghreb":"20:24","ichaa":"21:58"},"5":{"fajr":"04:03","sunrise":"05:52","dohr":"13:13","asr":"16:55","maghreb":"20:25","ichaa":"21:59"},"6":{"fajr":"04:03","sunrise":"05:52","dohr":"13:13","asr":"16:55","maghreb":"20:26","ichaa":"21:59"},"7":{"fajr":"04:02","sunrise":"05:52","dohr":"13:13","asr":"16:56","maghreb":"20:26","ichaa":"22:00"},"8":{"fajr":"04:02","sunrise":"05:52","dohr":"13:14","asr":"16:56","maghreb":"20:27","ichaa":"22:01"},"9":{"fajr":"04:02","sunrise":"05:51","dohr":"13:14","asr":"16:56","maghreb":"20:27","ichaa":"22:01"},"10":{"fajr":"04:01","sunrise":"05:51","dohr":"13:14","asr":"16:56","maghreb":"20:27","ichaa":"22:02"},"11":{"fajr":"04:01","sunrise":"05:51","dohr":"13:14","asr":"16:56","maghreb":"20:28","ichaa":"22:03"},"12":{"fajr":"04:01","sunrise":"05:51","dohr":"13:14","asr":"16:57","maghreb":"20:28","ichaa":"22:03"},"13":{"fajr":"04:01","sunrise":"05:51","dohr":"13:15","asr":"16:57","maghreb":"20:29","ichaa":"22:04"},"14":{"fajr":"04:01","sunrise":"05:51","dohr":"13:15","asr":"16:57","maghreb":"20:29","ichaa":"22:04"},"15":{"fajr":"04:01","sunrise":"05:51","dohr":"13:15","asr":"16:57","maghreb":"20:29","ichaa":"22:04"},"16":{"fajr":"04:01","sunrise":"05:52","dohr":"13:15","asr":"16:58","maghreb":"20:30","ichaa":"22:05"},"17":{"fajr":"04:01","sunrise":"05:52","dohr":"13:15","asr":"16:58","maghreb":"20:30","ichaa":"22:05"},"18":{"fajr":"04:01","sunrise":"05:52","dohr":"13:16","asr":"16:58","maghreb":"20:30","ichaa":"22:06"},"19":{"fajr":"04:01","sunrise":"05:52","dohr":"13:16","asr":"16:58","maghreb":"20:31","ichaa":"22:06"},"20":{"fajr":"04:01","sunrise":"05:52","dohr":"13:16","asr":"16:58","maghreb":"20:31","ichaa":"22:06"},"21":{"fajr":"04:01","sunrise":"05:52","dohr":"13:16","asr":"16:59","maghreb":"20:31","ichaa":"22:06"},"22":{"fajr":"04:02","sunrise":"05:53","dohr":"13:16","asr":"16:59","maghreb":"20:31","ichaa":"22:06"},"23":{"fajr":"04:02","sunrise":"05:53","dohr":"13:17","asr":"16:59","maghreb":"20:31","ichaa":"22:07"},"24":{"fajr":"04:02","sunrise":"05:53","dohr":"13:17","asr":"16:59","maghreb":"20:32","ichaa":"22:07"},"25":{"fajr":"04:03","sunrise":"05:53","dohr":"13:17","asr":"16:59","maghreb":"20:32","ichaa":"22:07"},"26":{"fajr":"04:03","sunrise":"05:54","dohr":"13:17","asr":"17:00","maghreb":"20:32","ichaa":"22:07"},"27":{"fajr":"04:03","sunrise":"05:54","dohr":"13:18","asr":"17:00","maghreb":"20:32","ichaa":"22:07"},"28":{"fajr":"04:04","sunrise":"05:54","dohr":"13:18","asr":"17:00","maghreb":"20:32","ichaa":"22:07"},"29":{"fajr":"04:04","sunrise":"05:55","dohr":"13:18","asr":"17:00","maghreb":"20:32","ichaa":"22:07"},"30":{"fajr":"04:05","sunrise":"05:55","dohr":"13:18","asr":"17:00","maghreb":"20:32","ichaa":"22:06"}}