{"1":{"fajr":"06:51","sunrise":"08:17","dohr":"13:29","asr":"16:05","maghreb":"18:32","ichaa":"19:47"},"2":{"fajr":"06:51","sunrise":"08:17","dohr":"13:30","asr":"16:06","maghreb":"18:33","ichaa":"19:48"},"3":{"fajr":"06:51","sunrise":"08:17","dohr":"13:30","asr":"16:07","maghreb":"18:34","ichaa":"19:49"},"4":{"fajr":"06:51","sunrise":"08:17","dohr":"13:31","asr":"16:08","maghreb":"18:34","ichaa":"19:49"},"5":{"fajr":"06:51","sunrise":"08:17","dohr":"13:31","asr":"16:08","maghreb":"18:35","ichaa":"19:50"},"6":{"fajr":"06:52","sunrise":"08:17","dohr":"13:31","asr":"16:09","maghreb":"18:36","ichaa":"19:51"},"7":{"fajr":"06:52","sunrise":"08:17","dohr":"13:32","asr":"16:10","maghreb":"18:37","ichaa":"19:52"},"8":{"fajr":"06:52","sunrise":"08:17","dohr":"13:32","asr":"16:11","maghreb":"18:38","ichaa":"19:52"},"9":{"fajr":"06:52","sunrise":"08:17","dohr":"13:33","asr":"16:12","maghreb":"18:39","ichaa":"19:53"},"10":{"fajr":"06:52","sunrise":"08:17","dohr":"13:33","asr":"16:12","maghreb":"18:39","ichaa":"19:54"},"11":{"fajr":"06:52","sunrise":"08:17","dohr":"13:34","asr":"16:13","maghreb":"18:40","ichaa":"19:55"},"12":{"fajr":"06:52","sunrise":"08:17","dohr":"13:34","asr":"16:14","maghreb":"18:41","ichaa":"19:56"},"13":{"fajr":"06:52","sunrise":"08:17","dohr":"13:34","asr":"16:15","maghreb":"18:42","ichaa":"19:56"},"14":{"fajr":"06:52","sunrise":"08:17","dohr":"13:35","asr":"16:16","maghreb":"18:43","ichaa":"19:57"},"15":{"fajr":"06:52","sunrise":"08:16","dohr":"13:35","asr":"16:16","maghreb":"18:44","ichaa":"19:58"},"16":{"fajr":"06:52","sunrise":"08:16","dohr":"13:35","asr":"16:17","maghreb":"18:45","ichaa":"19:59"},"17":{"fajr":"06:52","sunrise":"08:16","dohr":"13:36","asr":"16:18","maghreb":"18:46","ichaa":"20:00"},"18":{"fajr":"06:51","sunrise":"08:16","dohr":"13:36","asr":"16:19","maghreb":"18:47","ichaa":"20:00"},"19":{"fajr":"06:51","sunrise":"08:15","dohr":"13:36","asr":"16:20","maghreb":"18:48","ichaa":"20:01"},"20":{"fajr":"06:51","sunrise":"08:15","dohr":"13:37","asr":"16:21","maghreb":"18:49","ichaa":"20:02"},"21":{"fajr":"06:51","sunrise":"08:15","dohr":"13:37","asr":"16:21","maghreb":"18:50","ichaa":"20:03"},"22":{"fajr":"06:50","sunrise":"08:14","dohr":"13:37","asr":"16:22","maghreb":"18:50","ichaa":"20:04"},"23":{"fajr":"06:50","sunrise":"08:14","dohr":"13:37","asr":"16:23","maghreb":"18:51","ichaa":"20:05"},"24":{"fajr":"06:50","sunrise":"08:13","dohr":"13:38","asr":"16:24","maghreb":"18:52","ichaa":"20:05"},"25":{"fajr":"06:49","sunrise":"08:13","dohr":"13:38","asr":"16:25","maghreb":"18:53","ichaa":"20:06"},"26":{"fajr":"06:49","sunrise":"08:12","dohr":"13:38","asr":"16:26","maghreb":"18:54","ichaa":"20:07"},"27":{"fajr":"06:49","sunrise":"08:12","dohr":"13:38","asr":"16:26","maghreb":"18:55","ichaa":"20:08"},"28":{"fajr":"06:48","sunrise":"08:11","dohr":"13:38","asr":"16:27","maghreb":"18:56","ichaa":"20:09"},"29":{"fajr":"06:48","sunrise":"08:11","dohr":"13:39","asr":"16:28","maghreb":"18:57","ichaa":"20:10"},"30":{"fajr":"06:47","sunrise":"08:10","dohr":"13:39","asr":"16:29","maghreb":"18:58","ichaa":"20:11"},"31":{"fajr":"06:47","sunrise":"08:09","dohr":"13:39","asr":"16:30","maghreb":"18:59","ichaa":"20:11"}}