{"1":{"fajr":"05:38","sunrise":"07:00","dohr":"13:29","asr":"16:58","maghreb":"19:49","ichaa":"21:01"},"2":{"fajr":"05:37","sunrise":"06:59","dohr":"13:29","asr":"16:58","maghreb":"19:50","ichaa":"21:01"},"3":{"fajr":"05:35","sunrise":"06:58","dohr":"13:29","asr":"16:58","maghreb":"19:50","ichaa":"21:02"},"4":{"fajr":"05:34","sunrise":"06:56","dohr":"13:28","asr":"16:58","maghreb":"19:51","ichaa":"21:03"},"5":{"fajr":"05:32","sunrise":"06:55","dohr":"13:28","asr":"16:58","maghreb":"19:52","ichaa":"21:04"},"6":{"fajr":"05:31","sunrise":"06:54","dohr":"13:28","asr":"16:58","maghreb":"19:53","ichaa":"21:05"},"7":{"fajr":"05:29","sunrise":"06:53","dohr":"13:28","asr":"16:58","maghreb":"19:53","ichaa":"21:06"},"8":{"fajr":"05:28","sunrise":"06:51","dohr":"13:27","asr":"16:58","maghreb":"19:54","ichaa":"21:07"},"9":{"fajr":"05:26","sunrise":"06:50","dohr":"13:27","asr":"16:58","maghreb":"19:55","ichaa":"21:08"},"10":{"fajr":"05:25","sunrise":"06:49","dohr":"13:27","asr":"16:59","maghreb":"19:56","ichaa":"21:09"},"11":{"fajr":"05:23","sunrise":"06:47","dohr":"13:26","asr":"16:59","maghreb":"19:56","ichaa":"21:10"},"12":{"fajr":"05:22","sunrise":"06:46","dohr":"13:26","asr":"16:59","maghreb":"19:57","ichaa":"21:11"},"13":{"fajr":"05:20","sunrise":"06:45","dohr":"13:26","asr":"16:59","maghreb":"19:58","ichaa":"21:12"},"14":{"fajr":"05:19","sunrise":"06:44","dohr":"13:26","asr":"16:59","maghreb":"19:59","ichaa":"21:13"},"15":{"fajr":"05:17","sunrise":"06:42","dohr":"13:25","asr":"16:59","maghreb":"19:59","ichaa":"21:14"},"16":{"fajr":"05:16","sunrise":"06:41","dohr":"13:25","asr":"16:59","maghreb":"20:00","ichaa":"21:15"},"17":{"fajr":"05:14","sunrise":"06:40","dohr":"13:25","asr":"16:59","maghreb":"20:01","ichaa":"21:15"},"18":{"fajr":"05:13","sunrise":"06:39","dohr":"13:25","asr":"16:59","maghreb":"20:02","ichaa":"21:16"},"19":{"fajr":"05:11","sunrise":"06:37","dohr":"13:25","asr":"16:59","maghreb":"20:02","ichaa":"21:17"},"20":{"fajr":"05:10","sunrise":"06:36","dohr":"13:24","asr":"16:59","maghreb":"20:03","ichaa":"21:18"},"21":{"fajr":"05:08","sunrise":"06:35","dohr":"13:24","asr":"16:59","maghreb":"20:04","ichaa":"21:19"},"22":{"fajr":"05:07","sunrise":"06:34","dohr":"13:24","asr":"16:59","maghreb":"20:05","ichaa":"21:20"},"23":{"fajr":"05:05","sunrise":"06:33","dohr":"13:24","asr":"16:59","maghreb":"20:05","ichaa":"21:21"},"24":{"fajr":"05:04","sunrise":"06:32","dohr":"13:24","asr":"16:59","maghreb":"20:06","ichaa":"21:22"},"25":{"fajr":"05:02","sunrise":"06:31","dohr":"13:23","asr":"16:59","maghreb":"20:07","ichaa":"21:24"},"26":{"fajr":"05:01","sunrise":"06:29","dohr":"13:23","asr":"16:59","maghreb":"20:08","ichaa":"21:25"},"27":{"fajr":"05:00","sunrise":"06:28","dohr":"13:23","asr":"16:59","maghreb":"20:09","ichaa":"21:26"},"28":{"fajr":"04:58","sunrise":"06:27","dohr":"13:23","asr":"16:59","maghreb":"20:09","ichaa":"21:27"},"29":{"fajr":"04:57","sunrise":"06:26","dohr":"13:23","asr":"17:00","maghreb":"20:10","ichaa":"21:28"},"30":{"fajr":"04:56","sunrise":"06:25","dohr":"13:23","asr":"17:00","maghreb":"20:11","ichaa":"21:29"}}