{"1":{"fajr":"05:37","sunrise":"07:04","dohr":"13:30","asr":"16:58","maghreb":"19:47","ichaa":"21:02"},"2":{"fajr":"05:36","sunrise":"07:02","dohr":"13:29","asr":"16:58","maghreb":"19:48","ichaa":"21:03"},"3":{"fajr":"05:34","sunrise":"07:01","dohr":"13:29","asr":"16:58","maghreb":"19:48","ichaa":"21:04"},"4":{"fajr":"05:33","sunrise":"07:00","dohr":"13:29","asr":"16:58","maghreb":"19:49","ichaa":"21:04"},"5":{"fajr":"05:31","sunrise":"06:58","dohr":"13:28","asr":"16:59","maghreb":"19:50","ichaa":"21:05"},"6":{"fajr":"05:30","sunrise":"06:57","dohr":"13:28","asr":"16:59","maghreb":"19:51","ichaa":"21:06"},"7":{"fajr":"05:28","sunrise":"06:56","dohr":"13:28","asr":"16:59","maghreb":"19:51","ichaa":"21:07"},"8":{"fajr":"05:27","sunrise":"06:54","dohr":"13:28","asr":"16:59","maghreb":"19:52","ichaa":"21:08"},"9":{"fajr":"05:25","sunrise":"06:53","dohr":"13:27","asr":"16:59","maghreb":"19:53","ichaa":"21:09"},"10":{"fajr":"05:24","sunrise":"06:52","dohr":"13:27","asr":"16:59","maghreb":"19:54","ichaa":"21:10"},"11":{"fajr":"05:22","sunrise":"06:50","dohr":"13:27","asr":"16:59","maghreb":"19:54","ichaa":"21:11"},"12":{"fajr":"05:21","sunrise":"06:49","dohr":"13:26","asr":"16:59","maghreb":"19:55","ichaa":"21:12"},"13":{"fajr":"05:19","sunrise":"06:48","dohr":"13:26","asr":"16:59","maghreb":"19:56","ichaa":"21:13"},"14":{"fajr":"05:17","sunrise":"06:47","dohr":"13:26","asr":"17:00","maghreb":"19:57","ichaa":"21:14"},"15":{"fajr":"05:16","sunrise":"06:45","dohr":"13:26","asr":"17:00","maghreb":"19:57","ichaa":"21:15"},"16":{"fajr":"05:14","sunrise":"06:44","dohr":"13:25","asr":"17:00","maghreb":"19:58","ichaa":"21:16"},"17":{"fajr":"05:13","sunrise":"06:43","dohr":"13:25","asr":"17:00","maghreb":"19:59","ichaa":"21:17"},"18":{"fajr":"05:11","sunrise":"06:42","dohr":"13:25","asr":"17:00","maghreb":"20:00","ichaa":"21:18"},"19":{"fajr":"05:10","sunrise":"06:40","dohr":"13:25","asr":"17:00","maghreb":"20:01","ichaa":"21:19"},"20":{"fajr":"05:08","sunrise":"06:39","dohr":"13:25","asr":"17:00","maghreb":"20:01","ichaa":"21:20"},"21":{"fajr":"05:07","sunrise":"06:38","dohr":"13:24","asr":"17:00","maghreb":"20:02","ichaa":"21:21"},"22":{"fajr":"05:05","sunrise":"06:37","dohr":"13:24","asr":"17:00","maghreb":"20:03","ichaa":"21:22"},"23":{"fajr":"05:04","sunrise":"06:36","dohr":"13:24","asr":"17:00","maghreb":"20:04","ichaa":"21:23"},"24":{"fajr":"05:03","sunrise":"06:34","dohr":"13:24","asr":"17:00","maghreb":"20:05","ichaa":"21:24"},"25":{"fajr":"05:01","sunrise":"06:33","dohr":"13:24","asr":"17:00","maghreb":"20:05","ichaa":"21:25"},"26":{"fajr":"05:00","sunrise":"06:32","dohr":"13:23","asr":"17:00","maghreb":"20:06","ichaa":"21:26"},"27":{"fajr":"04:58","sunrise":"06:31","dohr":"13:23","asr":"17:00","maghreb":"20:07","ichaa":"21:27"},"28":{"fajr":"04:57","sunrise":"06:30","dohr":"13:23","asr":"17:00","maghreb":"20:08","ichaa":"21:28"},"29":{"fajr":"04:55","sunrise":"06:29","dohr":"13:23","asr":"17:01","maghreb":"20:08","ichaa":"21:30"},"30":{"fajr":"04:54","sunrise":"06:28","dohr":"13:23","asr":"17:01","maghreb":"20:09","ichaa":"21:31"}}