{"1":{"fajr":"04:21","sunrise":"06:08","dohr":"13:30","asr":"17:10","maghreb":"20:42","ichaa":"22:13"},"2":{"fajr":"04:22","sunrise":"06:09","dohr":"13:30","asr":"17:10","maghreb":"20:42","ichaa":"22:13"},"3":{"fajr":"04:22","sunrise":"06:09","dohr":"13:30","asr":"17:10","maghreb":"20:42","ichaa":"22:13"},"4":{"fajr":"04:23","sunrise":"06:10","dohr":"13:30","asr":"17:11","maghreb":"20:41","ichaa":"22:13"},"5":{"fajr":"04:24","sunrise":"06:10","dohr":"13:30","asr":"17:11","maghreb":"20:41","ichaa":"22:12"},"6":{"fajr":"04:25","sunrise":"06:11","dohr":"13:31","asr":"17:11","maghreb":"20:41","ichaa":"22:12"},"7":{"fajr":"04:25","sunrise":"06:11","dohr":"13:31","asr":"17:11","maghreb":"20:41","ichaa":"22:12"},"8":{"fajr":"04:26","sunrise":"06:12","dohr":"13:31","asr":"17:11","maghreb":"20:41","ichaa":"22:11"},"9":{"fajr":"04:27","sunrise":"06:12","dohr":"13:31","asr":"17:11","maghreb":"20:40","ichaa":"22:11"},"10":{"fajr":"04:28","sunrise":"06:13","dohr":"13:31","asr":"17:11","maghreb":"20:40","ichaa":"22:10"},"11":{"fajr":"04:28","sunrise":"06:13","dohr":"13:31","asr":"17:12","maghreb":"20:40","ichaa":"22:10"},"12":{"fajr":"04:29","sunrise":"06:14","dohr":"13:31","asr":"17:12","maghreb":"20:39","ichaa":"22:09"},"13":{"fajr":"04:30","sunrise":"06:15","dohr":"13:32","asr":"17:12","maghreb":"20:39","ichaa":"22:08"},"14":{"fajr":"04:31","sunrise":"06:15","dohr":"13:32","asr":"17:12","maghreb":"20:39","ichaa":"22:08"},"15":{"fajr":"04:32","sunrise":"06:16","dohr":"13:32","asr":"17:12","maghreb":"20:38","ichaa":"22:07"},"16":{"fajr":"04:33","sunrise":"06:16","dohr":"13:32","asr":"17:12","maghreb":"20:38","ichaa":"22:06"},"17":{"fajr":"04:34","sunrise":"06:17","dohr":"13:32","asr":"17:12","maghreb":"20:37","ichaa":"22:06"},"18":{"fajr":"04:35","sunrise":"06:18","dohr":"13:32","asr":"17:12","maghreb":"20:37","ichaa":"22:05"},"19":{"fajr":"04:36","sunrise":"06:18","dohr":"13:32","asr":"17:12","maghreb":"20:36","ichaa":"22:04"},"20":{"fajr":"04:37","sunrise":"06:19","dohr":"13:32","asr":"17:12","maghreb":"20:36","ichaa":"22:03"},"21":{"fajr":"04:38","sunrise":"06:20","dohr":"13:32","asr":"17:12","maghreb":"20:35","ichaa":"22:02"},"22":{"fajr":"04:39","sunrise":"06:20","dohr":"13:32","asr":"17:12","maghreb":"20:34","ichaa":"22:01"},"23":{"fajr":"04:40","sunrise":"06:21","dohr":"13:32","asr":"17:12","maghreb":"20:34","ichaa":"22:01"},"24":{"fajr":"04:41","sunrise":"06:22","dohr":"13:32","asr":"17:12","maghreb":"20:33","ichaa":"22:00"},"25":{"fajr":"04:42","sunrise":"06:22","dohr":"13:32","asr":"17:12","maghreb":"20:32","ichaa":"21:59"},"26":{"fajr":"04:43","sunrise":"06:23","dohr":"13:32","asr":"17:12","maghreb":"20:32","ichaa":"21:58"},"27":{"fajr":"04:44","sunrise":"06:24","dohr":"13:32","asr":"17:12","maghreb":"20:31","ichaa":"21:57"},"28":{"fajr":"04:45","sunrise":"06:25","dohr":"13:32","asr":"17:12","maghreb":"20:30","ichaa":"21:55"},"29":{"fajr":"04:46","sunrise":"06:25","dohr":"13:32","asr":"17:12","maghreb":"20:29","ichaa":"21:54"},"30":{"fajr":"04:47","sunrise":"06:26","dohr":"13:32","asr":"17:11","maghreb":"20:29","ichaa":"21:53"},"31":{"fajr":"04:49","sunrise":"06:27","dohr":"13:32","asr":"17:11","maghreb":"20:28","ichaa":"21:52"}}