{"1":{"fajr":"06:09","sunrise":"07:30","dohr":"13:09","asr":"16:08","maghreb":"18:38","ichaa":"19:48"},"2":{"fajr":"06:09","sunrise":"07:31","dohr":"13:09","asr":"16:07","maghreb":"18:37","ichaa":"19:48"},"3":{"fajr":"06:10","sunrise":"07:32","dohr":"13:09","asr":"16:07","maghreb":"18:36","ichaa":"19:47"},"4":{"fajr":"06:11","sunrise":"07:32","dohr":"13:09","asr":"16:06","maghreb":"18:35","ichaa":"19:46"},"5":{"fajr":"06:11","sunrise":"07:33","dohr":"13:09","asr":"16:06","maghreb":"18:34","ichaa":"19:46"},"6":{"fajr":"06:12","sunrise":"07:34","dohr":"13:09","asr":"16:05","maghreb":"18:34","ichaa":"19:45"},"7":{"fajr":"06:13","sunrise":"07:35","dohr":"13:09","asr":"16:04","maghreb":"18:33","ichaa":"19:44"},"8":{"fajr":"06:14","sunrise":"07:36","dohr":"13:09","asr":"16:04","maghreb":"18:32","ichaa":"19:44"},"9":{"fajr":"06:14","sunrise":"07:37","dohr":"13:09","asr":"16:03","maghreb":"18:32","ichaa":"19:43"},"10":{"fajr":"06:15","sunrise":"07:37","dohr":"13:09","asr":"16:03","maghreb":"18:31","ichaa":"19:43"},"11":{"fajr":"06:16","sunrise":"07:38","dohr":"13:09","asr":"16:02","maghreb":"18:30","ichaa":"19:42"},"12":{"fajr":"06:16","sunrise":"07:39","dohr":"13:09","asr":"16:02","maghreb":"18:30","ichaa":"19:42"},"13":{"fajr":"06:17","sunrise":"07:40","dohr":"13:09","asr":"16:01","maghreb":"18:29","ichaa":"19:41"},"14":{"fajr":"06:18","sunrise":"07:41","dohr":"13:10","asr":"16:01","maghreb":"18:29","ichaa":"19:41"},"15":{"fajr":"06:19","sunrise":"07:42","dohr":"13:10","asr":"16:01","maghreb":"18:28","ichaa":"19:40"},"16":{"fajr":"06:19","sunrise":"07:43","dohr":"13:10","asr":"16:00","maghreb":"18:28","ichaa":"19:40"},"17":{"fajr":"06:20","sunrise":"07:43","dohr":"13:10","asr":"16:00","maghreb":"18:27","ichaa":"19:40"},"18":{"fajr":"06:21","sunrise":"07:44","dohr":"13:10","asr":"16:00","maghreb":"18:27","ichaa":"19:39"},"19":{"fajr":"06:22","sunrise":"07:45","dohr":"13:11","asr":"15:59","maghreb":"18:26","ichaa":"19:39"},"20":{"fajr":"06:22","sunrise":"07:46","dohr":"13:11","asr":"15:59","maghreb":"18:26","ichaa":"19:39"},"21":{"fajr":"06:23","sunrise":"07:47","dohr":"13:11","asr":"15:59","maghreb":"18:26","ichaa":"19:39"},"22":{"fajr":"06:24","sunrise":"07:48","dohr":"13:11","asr":"15:59","maghreb":"18:25","ichaa":"19:38"},"23":{"fajr":"06:25","sunrise":"07:49","dohr":"13:12","asr":"15:58","maghreb":"18:25","ichaa":"19:38"},"24":{"fajr":"06:25","sunrise":"07:49","dohr":"13:12","asr":"15:58","maghreb":"18:25","ichaa":"19:38"},"25":{"fajr":"06:26","sunrise":"07:50","dohr":"13:12","asr":"15:58","maghreb":"18:24","ichaa":"19:38"},"26":{"fajr":"06:27","sunrise":"07:51","dohr":"13:12","asr":"15:58","maghreb":"18:24","ichaa":"19:38"},"27":{"fajr":"06:28","sunrise":"07:52","dohr":"13:13","asr":"15:58","maghreb":"18:24","ichaa":"19:38"},"28":{"fajr":"06:28","sunrise":"07:53","dohr":"13:13","asr":"15:58","maghreb":"18:24","ichaa":"19:38"},"29":{"fajr":"06:29","sunrise":"07:54","dohr":"13:13","asr":"15:58","maghreb":"18:24","ichaa":"19:38"},"30":{"fajr":"06:30","sunrise":"07:54","dohr":"13:14","asr":"15:58","maghreb":"18:24","ichaa":"19:38"}}