{"1":{"fajr":"05:00","sunrise":"06:29","dohr":"13:22","asr":"16:56","maghreb":"20:07","ichaa":"21:23"},"2":{"fajr":"04:59","sunrise":"06:28","dohr":"13:22","asr":"16:56","maghreb":"20:07","ichaa":"21:24"},"3":{"fajr":"04:58","sunrise":"06:27","dohr":"13:22","asr":"16:56","maghreb":"20:08","ichaa":"21:25"},"4":{"fajr":"04:57","sunrise":"06:26","dohr":"13:22","asr":"16:56","maghreb":"20:09","ichaa":"21:26"},"5":{"fajr":"04:55","sunrise":"06:25","dohr":"13:22","asr":"16:56","maghreb":"20:10","ichaa":"21:27"},"6":{"fajr":"04:54","sunrise":"06:24","dohr":"13:22","asr":"16:56","maghreb":"20:10","ichaa":"21:28"},"7":{"fajr":"04:53","sunrise":"06:23","dohr":"13:22","asr":"16:56","maghreb":"20:11","ichaa":"21:29"},"8":{"fajr":"04:52","sunrise":"06:23","dohr":"13:22","asr":"16:56","maghreb":"20:12","ichaa":"21:30"},"9":{"fajr":"04:51","sunrise":"06:22","dohr":"13:22","asr":"16:56","maghreb":"20:12","ichaa":"21:31"},"10":{"fajr":"04:50","sunrise":"06:21","dohr":"13:22","asr":"16:56","maghreb":"20:13","ichaa":"21:32"},"11":{"fajr":"04:49","sunrise":"06:20","dohr":"13:21","asr":"16:56","maghreb":"20:14","ichaa":"21:33"},"12":{"fajr":"04:48","sunrise":"06:19","dohr":"13:21","asr":"16:56","maghreb":"20:14","ichaa":"21:34"},"13":{"fajr":"04:47","sunrise":"06:19","dohr":"13:21","asr":"16:56","maghreb":"20:15","ichaa":"21:35"},"14":{"fajr":"04:46","sunrise":"06:18","dohr":"13:21","asr":"16:56","maghreb":"20:16","ichaa":"21:36"},"15":{"fajr":"04:45","sunrise":"06:17","dohr":"13:21","asr":"16:56","maghreb":"20:17","ichaa":"21:37"},"16":{"fajr":"04:44","sunrise":"06:17","dohr":"13:22","asr":"16:56","maghreb":"20:17","ichaa":"21:38"},"17":{"fajr":"04:43","sunrise":"06:16","dohr":"13:22","asr":"16:56","maghreb":"20:18","ichaa":"21:39"},"18":{"fajr":"04:42","sunrise":"06:15","dohr":"13:22","asr":"16:56","maghreb":"20:19","ichaa":"21:40"},"19":{"fajr":"04:41","sunrise":"06:15","dohr":"13:22","asr":"16:56","maghreb":"20:19","ichaa":"21:40"},"20":{"fajr":"04:40","sunrise":"06:14","dohr":"13:22","asr":"16:56","maghreb":"20:20","ichaa":"21:41"},"21":{"fajr":"04:39","sunrise":"06:14","dohr":"13:22","asr":"16:57","maghreb":"20:21","ichaa":"21:42"},"22":{"fajr":"04:38","sunrise":"06:13","dohr":"13:22","asr":"16:57","maghreb":"20:21","ichaa":"21:43"},"23":{"fajr":"04:38","sunrise":"06:13","dohr":"13:22","asr":"16:57","maghreb":"20:22","ichaa":"21:44"},"24":{"fajr":"04:37","sunrise":"06:12","dohr":"13:22","asr":"16:57","maghreb":"20:23","ichaa":"21:45"},"25":{"fajr":"04:36","sunrise":"06:12","dohr":"13:22","asr":"16:57","maghreb":"20:23","ichaa":"21:46"},"26":{"fajr":"04:36","sunrise":"06:11","dohr":"13:22","asr":"16:57","maghreb":"20:24","ichaa":"21:47"},"27":{"fajr":"04:35","sunrise":"06:11","dohr":"13:22","asr":"16:57","maghreb":"20:24","ichaa":"21:47"},"28":{"fajr":"04:34","sunrise":"06:11","dohr":"13:22","asr":"16:57","maghreb":"20:25","ichaa":"21:48"},"29":{"fajr":"04:34","sunrise":"06:10","dohr":"13:23","asr":"16:57","maghreb":"20:26","ichaa":"21:49"},"30":{"fajr":"04:33","sunrise":"06:10","dohr":"13:23","asr":"16:57","maghreb":"20:26","ichaa":"21:50"},"31":{"fajr":"04:33","sunrise":"06:10","dohr":"13:23","asr":"16:57","maghreb":"20:27","ichaa":"21:51"}}