{"1":{"fajr":"06:11","sunrise":"07:32","dohr":"13:27","asr":"16:39","maghreb":"19:14","ichaa":"20:24"},"2":{"fajr":"06:10","sunrise":"07:30","dohr":"13:27","asr":"16:40","maghreb":"19:15","ichaa":"20:25"},"3":{"fajr":"06:09","sunrise":"07:29","dohr":"13:27","asr":"16:40","maghreb":"19:16","ichaa":"20:26"},"4":{"fajr":"06:07","sunrise":"07:28","dohr":"13:27","asr":"16:40","maghreb":"19:16","ichaa":"20:27"},"5":{"fajr":"06:06","sunrise":"07:27","dohr":"13:26","asr":"16:41","maghreb":"19:17","ichaa":"20:27"},"6":{"fajr":"06:05","sunrise":"07:26","dohr":"13:26","asr":"16:41","maghreb":"19:18","ichaa":"20:28"},"7":{"fajr":"06:04","sunrise":"07:24","dohr":"13:26","asr":"16:42","maghreb":"19:19","ichaa":"20:29"},"8":{"fajr":"06:03","sunrise":"07:23","dohr":"13:26","asr":"16:42","maghreb":"19:19","ichaa":"20:30"},"9":{"fajr":"06:01","sunrise":"07:22","dohr":"13:26","asr":"16:42","maghreb":"19:20","ichaa":"20:30"},"10":{"fajr":"06:00","sunrise":"07:21","dohr":"13:25","asr":"16:42","maghreb":"19:21","ichaa":"20:31"},"11":{"fajr":"05:59","sunrise":"07:19","dohr":"13:25","asr":"16:43","maghreb":"19:22","ichaa":"20:32"},"12":{"fajr":"05:57","sunrise":"07:18","dohr":"13:25","asr":"16:43","maghreb":"19:22","ichaa":"20:33"},"13":{"fajr":"05:56","sunrise":"07:17","dohr":"13:24","asr":"16:43","maghreb":"19:23","ichaa":"20:33"},"14":{"fajr":"05:55","sunrise":"07:16","dohr":"13:24","asr":"16:44","maghreb":"19:24","ichaa":"20:34"},"15":{"fajr":"05:54","sunrise":"07:14","dohr":"13:24","asr":"16:44","maghreb":"19:24","ichaa":"20:35"},"16":{"fajr":"05:52","sunrise":"07:13","dohr":"13:24","asr":"16:44","maghreb":"19:25","ichaa":"20:36"},"17":{"fajr":"05:51","sunrise":"07:12","dohr":"13:23","asr":"16:44","maghreb":"19:26","ichaa":"20:36"},"18":{"fajr":"05:49","sunrise":"07:11","dohr":"13:23","asr":"16:45","maghreb":"19:27","ichaa":"20:37"},"19":{"fajr":"05:48","sunrise":"07:09","dohr":"13:23","asr":"16:45","maghreb":"19:27","ichaa":"20:38"},"20":{"fajr":"05:47","sunrise":"07:08","dohr":"13:22","asr":"16:45","maghreb":"19:28","ichaa":"20:39"},"21":{"fajr":"05:45","sunrise":"07:07","dohr":"13:22","asr":"16:45","maghreb":"19:29","ichaa":"20:39"},"22":{"fajr":"05:44","sunrise":"07:05","dohr":"13:22","asr":"16:45","maghreb":"19:29","ichaa":"20:40"},"23":{"fajr":"05:43","sunrise":"07:04","dohr":"13:22","asr":"16:46","maghreb":"19:30","ichaa":"20:41"},"24":{"fajr":"05:41","sunrise":"07:03","dohr":"13:21","asr":"16:46","maghreb":"19:31","ichaa":"20:42"},"25":{"fajr":"05:40","sunrise":"07:02","dohr":"13:21","asr":"16:46","maghreb":"19:31","ichaa":"20:43"},"26":{"fajr":"05:38","sunrise":"07:00","dohr":"13:21","asr":"16:46","maghreb":"19:32","ichaa":"20:43"},"27":{"fajr":"05:37","sunrise":"06:59","dohr":"13:20","asr":"16:46","maghreb":"19:33","ichaa":"20:44"},"28":{"fajr":"05:36","sunrise":"06:58","dohr":"13:20","asr":"16:46","maghreb":"19:34","ichaa":"20:45"},"29":{"fajr":"05:34","sunrise":"06:56","dohr":"13:20","asr":"16:46","maghreb":"19:34","ichaa":"20:46"},"30":{"fajr":"05:33","sunrise":"06:55","dohr":"13:19","asr":"16:46","maghreb":"19:35","ichaa":"20:47"},"31":{"fajr":"05:31","sunrise":"06:54","dohr":"13:19","asr":"16:47","maghreb":"19:36","ichaa":"20:47"}}