{"1":{"fajr":"05:30","sunrise":"06:52","dohr":"13:19","asr":"16:47","maghreb":"19:36","ichaa":"20:48"},"2":{"fajr":"05:28","sunrise":"06:51","dohr":"13:19","asr":"16:47","maghreb":"19:37","ichaa":"20:49"},"3":{"fajr":"05:27","sunrise":"06:50","dohr":"13:18","asr":"16:47","maghreb":"19:38","ichaa":"20:50"},"4":{"fajr":"05:26","sunrise":"06:49","dohr":"13:18","asr":"16:47","maghreb":"19:38","ichaa":"20:51"},"5":{"fajr":"05:24","sunrise":"06:47","dohr":"13:18","asr":"16:47","maghreb":"19:39","ichaa":"20:52"},"6":{"fajr":"05:23","sunrise":"06:46","dohr":"13:17","asr":"16:47","maghreb":"19:40","ichaa":"20:52"},"7":{"fajr":"05:21","sunrise":"06:45","dohr":"13:17","asr":"16:47","maghreb":"19:40","ichaa":"20:53"},"8":{"fajr":"05:20","sunrise":"06:44","dohr":"13:17","asr":"16:47","maghreb":"19:41","ichaa":"20:54"},"9":{"fajr":"05:18","sunrise":"06:42","dohr":"13:17","asr":"16:47","maghreb":"19:42","ichaa":"20:55"},"10":{"fajr":"05:17","sunrise":"06:41","dohr":"13:16","asr":"16:47","maghreb":"19:43","ichaa":"20:56"},"11":{"fajr":"05:15","sunrise":"06:40","dohr":"13:16","asr":"16:47","maghreb":"19:43","ichaa":"20:57"},"12":{"fajr":"05:14","sunrise":"06:39","dohr":"13:16","asr":"16:47","maghreb":"19:44","ichaa":"20:58"},"13":{"fajr":"05:13","sunrise":"06:38","dohr":"13:16","asr":"16:47","maghreb":"19:45","ichaa":"20:58"},"14":{"fajr":"05:11","sunrise":"06:36","dohr":"13:15","asr":"16:47","maghreb":"19:45","ichaa":"20:59"},"15":{"fajr":"05:10","sunrise":"06:35","dohr":"13:15","asr":"16:47","maghreb":"19:46","ichaa":"21:00"},"16":{"fajr":"05:08","sunrise":"06:34","dohr":"13:15","asr":"16:47","maghreb":"19:47","ichaa":"21:01"},"17":{"fajr":"05:07","sunrise":"06:33","dohr":"13:15","asr":"16:47","maghreb":"19:47","ichaa":"21:02"},"18":{"fajr":"05:06","sunrise":"06:32","dohr":"13:14","asr":"16:47","maghreb":"19:48","ichaa":"21:03"},"19":{"fajr":"05:04","sunrise":"06:30","dohr":"13:14","asr":"16:47","maghreb":"19:49","ichaa":"21:04"},"20":{"fajr":"05:03","sunrise":"06:29","dohr":"13:14","asr":"16:47","maghreb":"19:50","ichaa":"21:05"},"21":{"fajr":"05:01","sunrise":"06:28","dohr":"13:14","asr":"16:47","maghreb":"19:50","ichaa":"21:06"},"22":{"fajr":"05:00","sunrise":"06:27","dohr":"13:14","asr":"16:47","maghreb":"19:51","ichaa":"21:07"},"23":{"fajr":"04:59","sunrise":"06:26","dohr":"13:13","asr":"16:47","maghreb":"19:52","ichaa":"21:08"},"24":{"fajr":"04:57","sunrise":"06:25","dohr":"13:13","asr":"16:47","maghreb":"19:53","ichaa":"21:09"},"25":{"fajr":"04:56","sunrise":"06:24","dohr":"13:13","asr":"16:47","maghreb":"19:53","ichaa":"21:10"},"26":{"fajr":"04:55","sunrise":"06:23","dohr":"13:13","asr":"16:47","maghreb":"19:54","ichaa":"21:11"},"27":{"fajr":"04:53","sunrise":"06:22","dohr":"13:13","asr":"16:47","maghreb":"19:55","ichaa":"21:11"},"28":{"fajr":"04:52","sunrise":"06:21","dohr":"13:13","asr":"16:47","maghreb":"19:55","ichaa":"21:12"},"29":{"fajr":"04:51","sunrise":"06:20","dohr":"13:12","asr":"16:47","maghreb":"19:56","ichaa":"21:13"},"30":{"fajr":"04:49","sunrise":"06:19","dohr":"13:12","asr":"16:47","maghreb":"19:57","ichaa":"21:14"}}