{"1":{"fajr":"04:19","sunrise":"05:58","dohr":"13:13","asr":"16:49","maghreb":"20:19","ichaa":"21:44"},"2":{"fajr":"04:18","sunrise":"05:58","dohr":"13:13","asr":"16:49","maghreb":"20:19","ichaa":"21:45"},"3":{"fajr":"04:18","sunrise":"05:57","dohr":"13:13","asr":"16:49","maghreb":"20:20","ichaa":"21:46"},"4":{"fajr":"04:18","sunrise":"05:57","dohr":"13:13","asr":"16:50","maghreb":"20:20","ichaa":"21:46"},"5":{"fajr":"04:17","sunrise":"05:57","dohr":"13:14","asr":"16:50","maghreb":"20:21","ichaa":"21:47"},"6":{"fajr":"04:17","sunrise":"05:57","dohr":"13:14","asr":"16:50","maghreb":"20:21","ichaa":"21:48"},"7":{"fajr":"04:17","sunrise":"05:57","dohr":"13:14","asr":"16:50","maghreb":"20:22","ichaa":"21:48"},"8":{"fajr":"04:16","sunrise":"05:57","dohr":"13:14","asr":"16:50","maghreb":"20:22","ichaa":"21:49"},"9":{"fajr":"04:16","sunrise":"05:57","dohr":"13:14","asr":"16:50","maghreb":"20:23","ichaa":"21:49"},"10":{"fajr":"04:16","sunrise":"05:57","dohr":"13:15","asr":"16:51","maghreb":"20:23","ichaa":"21:50"},"11":{"fajr":"04:16","sunrise":"05:57","dohr":"13:15","asr":"16:51","maghreb":"20:24","ichaa":"21:51"},"12":{"fajr":"04:16","sunrise":"05:57","dohr":"13:15","asr":"16:51","maghreb":"20:24","ichaa":"21:51"},"13":{"fajr":"04:16","sunrise":"05:57","dohr":"13:15","asr":"16:51","maghreb":"20:24","ichaa":"21:51"},"14":{"fajr":"04:15","sunrise":"05:57","dohr":"13:15","asr":"16:51","maghreb":"20:25","ichaa":"21:52"},"15":{"fajr":"04:15","sunrise":"05:57","dohr":"13:16","asr":"16:52","maghreb":"20:25","ichaa":"21:52"},"16":{"fajr":"04:15","sunrise":"05:57","dohr":"13:16","asr":"16:52","maghreb":"20:26","ichaa":"21:53"},"17":{"fajr":"04:16","sunrise":"05:57","dohr":"13:16","asr":"16:52","maghreb":"20:26","ichaa":"21:53"},"18":{"fajr":"04:16","sunrise":"05:57","dohr":"13:16","asr":"16:52","maghreb":"20:26","ichaa":"21:53"},"19":{"fajr":"04:16","sunrise":"05:57","dohr":"13:17","asr":"16:52","maghreb":"20:26","ichaa":"21:54"},"20":{"fajr":"04:16","sunrise":"05:57","dohr":"13:17","asr":"16:53","maghreb":"20:27","ichaa":"21:54"},"21":{"fajr":"04:16","sunrise":"05:58","dohr":"13:17","asr":"16:53","maghreb":"20:27","ichaa":"21:54"},"22":{"fajr":"04:16","sunrise":"05:58","dohr":"13:17","asr":"16:53","maghreb":"20:27","ichaa":"21:54"},"23":{"fajr":"04:17","sunrise":"05:58","dohr":"13:17","asr":"16:53","maghreb":"20:27","ichaa":"21:54"},"24":{"fajr":"04:17","sunrise":"05:58","dohr":"13:18","asr":"16:54","maghreb":"20:27","ichaa":"21:54"},"25":{"fajr":"04:17","sunrise":"05:59","dohr":"13:18","asr":"16:54","maghreb":"20:27","ichaa":"21:55"},"26":{"fajr":"04:18","sunrise":"05:59","dohr":"13:18","asr":"16:54","maghreb":"20:28","ichaa":"21:55"},"27":{"fajr":"04:18","sunrise":"05:59","dohr":"13:18","asr":"16:54","maghreb":"20:28","ichaa":"21:55"},"28":{"fajr":"04:18","sunrise":"06:00","dohr":"13:18","asr":"16:54","maghreb":"20:28","ichaa":"21:55"},"29":{"fajr":"04:19","sunrise":"06:00","dohr":"13:19","asr":"16:55","maghreb":"20:28","ichaa":"21:54"},"30":{"fajr":"04:19","sunrise":"06:00","dohr":"13:19","asr":"16:55","maghreb":"20:28","ichaa":"21:54"}}