{"1":{"fajr":"05:15","sunrise":"06:39","dohr":"13:15","asr":"16:45","maghreb":"19:41","ichaa":"20:54"},"2":{"fajr":"05:16","sunrise":"06:40","dohr":"13:15","asr":"16:45","maghreb":"19:39","ichaa":"20:52"},"3":{"fajr":"05:17","sunrise":"06:41","dohr":"13:14","asr":"16:44","maghreb":"19:38","ichaa":"20:51"},"4":{"fajr":"05:17","sunrise":"06:41","dohr":"13:14","asr":"16:44","maghreb":"19:37","ichaa":"20:49"},"5":{"fajr":"05:18","sunrise":"06:42","dohr":"13:14","asr":"16:43","maghreb":"19:35","ichaa":"20:48"},"6":{"fajr":"05:19","sunrise":"06:43","dohr":"13:13","asr":"16:42","maghreb":"19:34","ichaa":"20:46"},"7":{"fajr":"05:20","sunrise":"06:43","dohr":"13:13","asr":"16:42","maghreb":"19:33","ichaa":"20:45"},"8":{"fajr":"05:21","sunrise":"06:44","dohr":"13:13","asr":"16:41","maghreb":"19:32","ichaa":"20:43"},"9":{"fajr":"05:21","sunrise":"06:44","dohr":"13:12","asr":"16:40","maghreb":"19:30","ichaa":"20:42"},"10":{"fajr":"05:22","sunrise":"06:45","dohr":"13:12","asr":"16:39","maghreb":"19:29","ichaa":"20:41"},"11":{"fajr":"05:23","sunrise":"06:46","dohr":"13:12","asr":"16:39","maghreb":"19:28","ichaa":"20:39"},"12":{"fajr":"05:24","sunrise":"06:46","dohr":"13:11","asr":"16:38","maghreb":"19:26","ichaa":"20:38"},"13":{"fajr":"05:25","sunrise":"06:47","dohr":"13:11","asr":"16:37","maghreb":"19:25","ichaa":"20:36"},"14":{"fajr":"05:25","sunrise":"06:48","dohr":"13:11","asr":"16:36","maghreb":"19:24","ichaa":"20:35"},"15":{"fajr":"05:26","sunrise":"06:48","dohr":"13:10","asr":"16:36","maghreb":"19:22","ichaa":"20:33"},"16":{"fajr":"05:27","sunrise":"06:49","dohr":"13:10","asr":"16:35","maghreb":"19:21","ichaa":"20:32"},"17":{"fajr":"05:28","sunrise":"06:49","dohr":"13:09","asr":"16:34","maghreb":"19:20","ichaa":"20:30"},"18":{"fajr":"05:28","sunrise":"06:50","dohr":"13:09","asr":"16:33","maghreb":"19:18","ichaa":"20:29"},"19":{"fajr":"05:29","sunrise":"06:51","dohr":"13:09","asr":"16:32","maghreb":"19:17","ichaa":"20:28"},"20":{"fajr":"05:30","sunrise":"06:51","dohr":"13:08","asr":"16:32","maghreb":"19:16","ichaa":"20:26"},"21":{"fajr":"05:30","sunrise":"06:52","dohr":"13:08","asr":"16:31","maghreb":"19:14","ichaa":"20:25"},"22":{"fajr":"05:31","sunrise":"06:53","dohr":"13:08","asr":"16:30","maghreb":"19:13","ichaa":"20:23"},"23":{"fajr":"05:32","sunrise":"06:53","dohr":"13:07","asr":"16:29","maghreb":"19:12","ichaa":"20:22"},"24":{"fajr":"05:33","sunrise":"06:54","dohr":"13:07","asr":"16:28","maghreb":"19:10","ichaa":"20:21"},"25":{"fajr":"05:33","sunrise":"06:54","dohr":"13:07","asr":"16:27","maghreb":"19:09","ichaa":"20:19"},"26":{"fajr":"05:34","sunrise":"06:55","dohr":"13:06","asr":"16:27","maghreb":"19:08","ichaa":"20:18"},"27":{"fajr":"05:35","sunrise":"06:56","dohr":"13:06","asr":"16:26","maghreb":"19:06","ichaa":"20:17"},"28":{"fajr":"05:35","sunrise":"06:56","dohr":"13:06","asr":"16:25","maghreb":"19:05","ichaa":"20:15"},"29":{"fajr":"05:36","sunrise":"06:57","dohr":"13:05","asr":"16:24","maghreb":"19:04","ichaa":"20:14"},"30":{"fajr":"05:37","sunrise":"06:58","dohr":"13:05","asr":"16:23","maghreb":"19:02","ichaa":"20:13"}}