{"1":{"fajr":"06:40","sunrise":"08:07","dohr":"13:21","asr":"16:01","maghreb":"18:26","ichaa":"19:41"},"2":{"fajr":"06:41","sunrise":"08:07","dohr":"13:21","asr":"16:01","maghreb":"18:27","ichaa":"19:42"},"3":{"fajr":"06:41","sunrise":"08:07","dohr":"13:22","asr":"16:02","maghreb":"18:27","ichaa":"19:43"},"4":{"fajr":"06:41","sunrise":"08:07","dohr":"13:22","asr":"16:03","maghreb":"18:28","ichaa":"19:43"},"5":{"fajr":"06:41","sunrise":"08:07","dohr":"13:23","asr":"16:03","maghreb":"18:29","ichaa":"19:44"},"6":{"fajr":"06:41","sunrise":"08:07","dohr":"13:23","asr":"16:04","maghreb":"18:30","ichaa":"19:45"},"7":{"fajr":"06:42","sunrise":"08:07","dohr":"13:24","asr":"16:05","maghreb":"18:30","ichaa":"19:45"},"8":{"fajr":"06:42","sunrise":"08:07","dohr":"13:24","asr":"16:06","maghreb":"18:31","ichaa":"19:46"},"9":{"fajr":"06:42","sunrise":"08:07","dohr":"13:24","asr":"16:07","maghreb":"18:32","ichaa":"19:47"},"10":{"fajr":"06:42","sunrise":"08:07","dohr":"13:25","asr":"16:07","maghreb":"18:33","ichaa":"19:48"},"11":{"fajr":"06:42","sunrise":"08:07","dohr":"13:25","asr":"16:08","maghreb":"18:34","ichaa":"19:48"},"12":{"fajr":"06:42","sunrise":"08:07","dohr":"13:26","asr":"16:09","maghreb":"18:35","ichaa":"19:49"},"13":{"fajr":"06:42","sunrise":"08:07","dohr":"13:26","asr":"16:10","maghreb":"18:36","ichaa":"19:50"},"14":{"fajr":"06:42","sunrise":"08:07","dohr":"13:26","asr":"16:10","maghreb":"18:36","ichaa":"19:51"},"15":{"fajr":"06:42","sunrise":"08:07","dohr":"13:27","asr":"16:11","maghreb":"18:37","ichaa":"19:52"},"16":{"fajr":"06:42","sunrise":"08:07","dohr":"13:27","asr":"16:12","maghreb":"18:38","ichaa":"19:52"},"17":{"fajr":"06:42","sunrise":"08:06","dohr":"13:27","asr":"16:13","maghreb":"18:39","ichaa":"19:53"},"18":{"fajr":"06:42","sunrise":"08:06","dohr":"13:28","asr":"16:14","maghreb":"18:40","ichaa":"19:54"},"19":{"fajr":"06:41","sunrise":"08:06","dohr":"13:28","asr":"16:15","maghreb":"18:41","ichaa":"19:55"},"20":{"fajr":"06:41","sunrise":"08:06","dohr":"13:28","asr":"16:15","maghreb":"18:42","ichaa":"19:56"},"21":{"fajr":"06:41","sunrise":"08:05","dohr":"13:29","asr":"16:16","maghreb":"18:43","ichaa":"19:56"},"22":{"fajr":"06:41","sunrise":"08:05","dohr":"13:29","asr":"16:17","maghreb":"18:44","ichaa":"19:57"},"23":{"fajr":"06:40","sunrise":"08:04","dohr":"13:29","asr":"16:18","maghreb":"18:45","ichaa":"19:58"},"24":{"fajr":"06:40","sunrise":"08:04","dohr":"13:29","asr":"16:19","maghreb":"18:45","ichaa":"19:59"},"25":{"fajr":"06:40","sunrise":"08:04","dohr":"13:30","asr":"16:19","maghreb":"18:46","ichaa":"20:00"},"26":{"fajr":"06:39","sunrise":"08:03","dohr":"13:30","asr":"16:20","maghreb":"18:47","ichaa":"20:00"},"27":{"fajr":"06:39","sunrise":"08:03","dohr":"13:30","asr":"16:21","maghreb":"18:48","ichaa":"20:01"},"28":{"fajr":"06:39","sunrise":"08:02","dohr":"13:30","asr":"16:22","maghreb":"18:49","ichaa":"20:02"},"29":{"fajr":"06:38","sunrise":"08:02","dohr":"13:30","asr":"16:22","maghreb":"18:50","ichaa":"20:03"},"30":{"fajr":"06:38","sunrise":"08:01","dohr":"13:31","asr":"16:23","maghreb":"18:51","ichaa":"20:04"},"31":{"fajr":"06:37","sunrise":"08:00","dohr":"13:31","asr":"16:24","maghreb":"18:52","ichaa":"20:04"}}