{"1":{"fajr":"06:37","sunrise":"08:00","dohr":"13:31","asr":"16:25","maghreb":"18:53","ichaa":"20:05"},"2":{"fajr":"06:36","sunrise":"07:59","dohr":"13:31","asr":"16:26","maghreb":"18:54","ichaa":"20:06"},"3":{"fajr":"06:36","sunrise":"07:58","dohr":"13:31","asr":"16:26","maghreb":"18:55","ichaa":"20:07"},"4":{"fajr":"06:35","sunrise":"07:58","dohr":"13:31","asr":"16:27","maghreb":"18:56","ichaa":"20:08"},"5":{"fajr":"06:34","sunrise":"07:57","dohr":"13:31","asr":"16:28","maghreb":"18:56","ichaa":"20:08"},"6":{"fajr":"06:34","sunrise":"07:56","dohr":"13:31","asr":"16:28","maghreb":"18:57","ichaa":"20:09"},"7":{"fajr":"06:33","sunrise":"07:55","dohr":"13:31","asr":"16:29","maghreb":"18:58","ichaa":"20:10"},"8":{"fajr":"06:32","sunrise":"07:55","dohr":"13:31","asr":"16:30","maghreb":"18:59","ichaa":"20:11"},"9":{"fajr":"06:32","sunrise":"07:54","dohr":"13:31","asr":"16:30","maghreb":"19:00","ichaa":"20:11"},"10":{"fajr":"06:31","sunrise":"07:53","dohr":"13:31","asr":"16:31","maghreb":"19:01","ichaa":"20:12"},"11":{"fajr":"06:30","sunrise":"07:52","dohr":"13:31","asr":"16:32","maghreb":"19:02","ichaa":"20:13"},"12":{"fajr":"06:29","sunrise":"07:51","dohr":"13:31","asr":"16:32","maghreb":"19:03","ichaa":"20:14"},"13":{"fajr":"06:29","sunrise":"07:50","dohr":"13:31","asr":"16:33","maghreb":"19:03","ichaa":"20:15"},"14":{"fajr":"06:28","sunrise":"07:49","dohr":"13:31","asr":"16:34","maghreb":"19:04","ichaa":"20:15"},"15":{"fajr":"06:27","sunrise":"07:48","dohr":"13:31","asr":"16:34","maghreb":"19:05","ichaa":"20:16"},"16":{"fajr":"06:26","sunrise":"07:47","dohr":"13:31","asr":"16:35","maghreb":"19:06","ichaa":"20:17"},"17":{"fajr":"06:25","sunrise":"07:47","dohr":"13:31","asr":"16:35","maghreb":"19:07","ichaa":"20:18"},"18":{"fajr":"06:24","sunrise":"07:46","dohr":"13:31","asr":"16:36","maghreb":"19:08","ichaa":"20:18"},"19":{"fajr":"06:23","sunrise":"07:44","dohr":"13:31","asr":"16:37","maghreb":"19:08","ichaa":"20:19"},"20":{"fajr":"06:22","sunrise":"07:43","dohr":"13:31","asr":"16:37","maghreb":"19:09","ichaa":"20:20"},"21":{"fajr":"06:21","sunrise":"07:42","dohr":"13:31","asr":"16:38","maghreb":"19:10","ichaa":"20:21"},"22":{"fajr":"06:20","sunrise":"07:41","dohr":"13:31","asr":"16:38","maghreb":"19:11","ichaa":"20:21"},"23":{"fajr":"06:19","sunrise":"07:40","dohr":"13:30","asr":"16:39","maghreb":"19:12","ichaa":"20:22"},"24":{"fajr":"06:18","sunrise":"07:39","dohr":"13:30","asr":"16:39","maghreb":"19:12","ichaa":"20:23"},"25":{"fajr":"06:17","sunrise":"07:38","dohr":"13:30","asr":"16:40","maghreb":"19:13","ichaa":"20:24"},"26":{"fajr":"06:16","sunrise":"07:37","dohr":"13:30","asr":"16:40","maghreb":"19:14","ichaa":"20:24"},"27":{"fajr":"06:15","sunrise":"07:36","dohr":"13:30","asr":"16:41","maghreb":"19:15","ichaa":"20:25"},"28":{"fajr":"06:14","sunrise":"07:35","dohr":"13:30","asr":"16:41","maghreb":"19:16","ichaa":"20:26"}}