{"1":{"fajr":"04:51","sunrise":"06:20","dohr":"13:14","asr":"16:49","maghreb":"19:59","ichaa":"21:17"},"2":{"fajr":"04:49","sunrise":"06:19","dohr":"13:14","asr":"16:49","maghreb":"20:00","ichaa":"21:18"},"3":{"fajr":"04:48","sunrise":"06:18","dohr":"13:14","asr":"16:49","maghreb":"20:01","ichaa":"21:19"},"4":{"fajr":"04:47","sunrise":"06:17","dohr":"13:14","asr":"16:49","maghreb":"20:02","ichaa":"21:20"},"5":{"fajr":"04:46","sunrise":"06:16","dohr":"13:14","asr":"16:49","maghreb":"20:02","ichaa":"21:21"},"6":{"fajr":"04:44","sunrise":"06:16","dohr":"13:14","asr":"16:49","maghreb":"20:03","ichaa":"21:22"},"7":{"fajr":"04:43","sunrise":"06:15","dohr":"13:14","asr":"16:49","maghreb":"20:04","ichaa":"21:23"},"8":{"fajr":"04:42","sunrise":"06:14","dohr":"13:14","asr":"16:49","maghreb":"20:05","ichaa":"21:24"},"9":{"fajr":"04:41","sunrise":"06:13","dohr":"13:14","asr":"16:49","maghreb":"20:05","ichaa":"21:25"},"10":{"fajr":"04:40","sunrise":"06:12","dohr":"13:14","asr":"16:49","maghreb":"20:06","ichaa":"21:26"},"11":{"fajr":"04:39","sunrise":"06:11","dohr":"13:14","asr":"16:49","maghreb":"20:07","ichaa":"21:27"},"12":{"fajr":"04:38","sunrise":"06:11","dohr":"13:14","asr":"16:49","maghreb":"20:07","ichaa":"21:28"},"13":{"fajr":"04:37","sunrise":"06:10","dohr":"13:14","asr":"16:49","maghreb":"20:08","ichaa":"21:29"},"14":{"fajr":"04:36","sunrise":"06:09","dohr":"13:14","asr":"16:49","maghreb":"20:09","ichaa":"21:30"},"15":{"fajr":"04:35","sunrise":"06:09","dohr":"13:14","asr":"16:49","maghreb":"20:10","ichaa":"21:31"},"16":{"fajr":"04:34","sunrise":"06:08","dohr":"13:14","asr":"16:49","maghreb":"20:10","ichaa":"21:32"},"17":{"fajr":"04:33","sunrise":"06:07","dohr":"13:14","asr":"16:49","maghreb":"20:11","ichaa":"21:33"},"18":{"fajr":"04:32","sunrise":"06:07","dohr":"13:14","asr":"16:50","maghreb":"20:12","ichaa":"21:34"},"19":{"fajr":"04:31","sunrise":"06:06","dohr":"13:14","asr":"16:50","maghreb":"20:12","ichaa":"21:35"},"20":{"fajr":"04:30","sunrise":"06:05","dohr":"13:14","asr":"16:50","maghreb":"20:13","ichaa":"21:35"},"21":{"fajr":"04:29","sunrise":"06:05","dohr":"13:14","asr":"16:50","maghreb":"20:14","ichaa":"21:36"},"22":{"fajr":"04:28","sunrise":"06:04","dohr":"13:14","asr":"16:50","maghreb":"20:14","ichaa":"21:37"},"23":{"fajr":"04:28","sunrise":"06:04","dohr":"13:14","asr":"16:50","maghreb":"20:15","ichaa":"21:38"},"24":{"fajr":"04:27","sunrise":"06:03","dohr":"13:14","asr":"16:50","maghreb":"20:16","ichaa":"21:39"},"25":{"fajr":"04:26","sunrise":"06:03","dohr":"13:14","asr":"16:50","maghreb":"20:16","ichaa":"21:40"},"26":{"fajr":"04:25","sunrise":"06:03","dohr":"13:14","asr":"16:50","maghreb":"20:17","ichaa":"21:41"},"27":{"fajr":"04:25","sunrise":"06:02","dohr":"13:14","asr":"16:50","maghreb":"20:18","ichaa":"21:42"},"28":{"fajr":"04:24","sunrise":"06:02","dohr":"13:15","asr":"16:50","maghreb":"20:18","ichaa":"21:42"},"29":{"fajr":"04:23","sunrise":"06:01","dohr":"13:15","asr":"16:51","maghreb":"20:19","ichaa":"21:43"},"30":{"fajr":"04:23","sunrise":"06:01","dohr":"13:15","asr":"16:51","maghreb":"20:19","ichaa":"21:44"},"31":{"fajr":"04:22","sunrise":"06:01","dohr":"13:15","asr":"16:51","maghreb":"20:20","ichaa":"21:45"}}