{"1":{"fajr":"04:22","sunrise":"06:00","dohr":"13:15","asr":"16:51","maghreb":"20:21","ichaa":"21:46"},"2":{"fajr":"04:21","sunrise":"06:00","dohr":"13:15","asr":"16:51","maghreb":"20:21","ichaa":"21:46"},"3":{"fajr":"04:21","sunrise":"06:00","dohr":"13:15","asr":"16:51","maghreb":"20:22","ichaa":"21:47"},"4":{"fajr":"04:20","sunrise":"06:00","dohr":"13:16","asr":"16:51","maghreb":"20:22","ichaa":"21:48"},"5":{"fajr":"04:20","sunrise":"06:00","dohr":"13:16","asr":"16:51","maghreb":"20:23","ichaa":"21:48"},"6":{"fajr":"04:20","sunrise":"05:59","dohr":"13:16","asr":"16:52","maghreb":"20:23","ichaa":"21:49"},"7":{"fajr":"04:19","sunrise":"05:59","dohr":"13:16","asr":"16:52","maghreb":"20:24","ichaa":"21:50"},"8":{"fajr":"04:19","sunrise":"05:59","dohr":"13:16","asr":"16:52","maghreb":"20:24","ichaa":"21:50"},"9":{"fajr":"04:19","sunrise":"05:59","dohr":"13:17","asr":"16:52","maghreb":"20:25","ichaa":"21:51"},"10":{"fajr":"04:19","sunrise":"05:59","dohr":"13:17","asr":"16:52","maghreb":"20:25","ichaa":"21:51"},"11":{"fajr":"04:19","sunrise":"05:59","dohr":"13:17","asr":"16:53","maghreb":"20:25","ichaa":"21:52"},"12":{"fajr":"04:18","sunrise":"05:59","dohr":"13:17","asr":"16:53","maghreb":"20:26","ichaa":"21:52"},"13":{"fajr":"04:18","sunrise":"05:59","dohr":"13:17","asr":"16:53","maghreb":"20:26","ichaa":"21:53"},"14":{"fajr":"04:18","sunrise":"05:59","dohr":"13:18","asr":"16:53","maghreb":"20:27","ichaa":"21:53"},"15":{"fajr":"04:18","sunrise":"05:59","dohr":"13:18","asr":"16:53","maghreb":"20:27","ichaa":"21:54"},"16":{"fajr":"04:18","sunrise":"05:59","dohr":"13:18","asr":"16:54","maghreb":"20:27","ichaa":"21:54"},"17":{"fajr":"04:18","sunrise":"05:59","dohr":"13:18","asr":"16:54","maghreb":"20:28","ichaa":"21:54"},"18":{"fajr":"04:18","sunrise":"06:00","dohr":"13:18","asr":"16:54","maghreb":"20:28","ichaa":"21:55"},"19":{"fajr":"04:19","sunrise":"06:00","dohr":"13:19","asr":"16:54","maghreb":"20:28","ichaa":"21:55"},"20":{"fajr":"04:19","sunrise":"06:00","dohr":"13:19","asr":"16:54","maghreb":"20:28","ichaa":"21:55"},"21":{"fajr":"04:19","sunrise":"06:00","dohr":"13:19","asr":"16:55","maghreb":"20:29","ichaa":"21:56"},"22":{"fajr":"04:19","sunrise":"06:00","dohr":"13:19","asr":"16:55","maghreb":"20:29","ichaa":"21:56"},"23":{"fajr":"04:19","sunrise":"06:01","dohr":"13:19","asr":"16:55","maghreb":"20:29","ichaa":"21:56"},"24":{"fajr":"04:20","sunrise":"06:01","dohr":"13:20","asr":"16:55","maghreb":"20:29","ichaa":"21:56"},"25":{"fajr":"04:20","sunrise":"06:01","dohr":"13:20","asr":"16:55","maghreb":"20:29","ichaa":"21:56"},"26":{"fajr":"04:20","sunrise":"06:01","dohr":"13:20","asr":"16:56","maghreb":"20:29","ichaa":"21:56"},"27":{"fajr":"04:21","sunrise":"06:02","dohr":"13:20","asr":"16:56","maghreb":"20:29","ichaa":"21:56"},"28":{"fajr":"04:21","sunrise":"06:02","dohr":"13:21","asr":"16:56","maghreb":"20:29","ichaa":"21:56"},"29":{"fajr":"04:22","sunrise":"06:03","dohr":"13:21","asr":"16:56","maghreb":"20:29","ichaa":"21:56"},"30":{"fajr":"04:22","sunrise":"06:03","dohr":"13:21","asr":"16:57","maghreb":"20:29","ichaa":"21:56"}}