{"1":{"fajr":"04:23","sunrise":"06:03","dohr":"13:21","asr":"16:57","maghreb":"20:29","ichaa":"21:56"},"2":{"fajr":"04:23","sunrise":"06:04","dohr":"13:21","asr":"16:57","maghreb":"20:29","ichaa":"21:56"},"3":{"fajr":"04:24","sunrise":"06:04","dohr":"13:22","asr":"16:57","maghreb":"20:29","ichaa":"21:55"},"4":{"fajr":"04:25","sunrise":"06:05","dohr":"13:22","asr":"16:57","maghreb":"20:29","ichaa":"21:55"},"5":{"fajr":"04:25","sunrise":"06:05","dohr":"13:22","asr":"16:58","maghreb":"20:29","ichaa":"21:55"},"6":{"fajr":"04:26","sunrise":"06:06","dohr":"13:22","asr":"16:58","maghreb":"20:29","ichaa":"21:55"},"7":{"fajr":"04:26","sunrise":"06:06","dohr":"13:22","asr":"16:58","maghreb":"20:29","ichaa":"21:54"},"8":{"fajr":"04:27","sunrise":"06:07","dohr":"13:22","asr":"16:58","maghreb":"20:28","ichaa":"21:54"},"9":{"fajr":"04:28","sunrise":"06:07","dohr":"13:22","asr":"16:58","maghreb":"20:28","ichaa":"21:53"},"10":{"fajr":"04:29","sunrise":"06:08","dohr":"13:23","asr":"16:58","maghreb":"20:28","ichaa":"21:53"},"11":{"fajr":"04:29","sunrise":"06:08","dohr":"13:23","asr":"16:59","maghreb":"20:28","ichaa":"21:52"},"12":{"fajr":"04:30","sunrise":"06:09","dohr":"13:23","asr":"16:59","maghreb":"20:27","ichaa":"21:52"},"13":{"fajr":"04:31","sunrise":"06:09","dohr":"13:23","asr":"16:59","maghreb":"20:27","ichaa":"21:51"},"14":{"fajr":"04:32","sunrise":"06:10","dohr":"13:23","asr":"16:59","maghreb":"20:27","ichaa":"21:51"},"15":{"fajr":"04:33","sunrise":"06:10","dohr":"13:23","asr":"16:59","maghreb":"20:26","ichaa":"21:50"},"16":{"fajr":"04:34","sunrise":"06:11","dohr":"13:23","asr":"16:59","maghreb":"20:26","ichaa":"21:50"},"17":{"fajr":"04:34","sunrise":"06:12","dohr":"13:23","asr":"16:59","maghreb":"20:25","ichaa":"21:49"},"18":{"fajr":"04:35","sunrise":"06:12","dohr":"13:23","asr":"16:59","maghreb":"20:25","ichaa":"21:48"},"19":{"fajr":"04:36","sunrise":"06:13","dohr":"13:24","asr":"16:59","maghreb":"20:24","ichaa":"21:47"},"20":{"fajr":"04:37","sunrise":"06:14","dohr":"13:24","asr":"16:59","maghreb":"20:24","ichaa":"21:47"},"21":{"fajr":"04:38","sunrise":"06:14","dohr":"13:24","asr":"16:59","maghreb":"20:23","ichaa":"21:46"},"22":{"fajr":"04:39","sunrise":"06:15","dohr":"13:24","asr":"16:59","maghreb":"20:23","ichaa":"21:45"},"23":{"fajr":"04:40","sunrise":"06:15","dohr":"13:24","asr":"16:59","maghreb":"20:22","ichaa":"21:44"},"24":{"fajr":"04:41","sunrise":"06:16","dohr":"13:24","asr":"16:59","maghreb":"20:22","ichaa":"21:43"},"25":{"fajr":"04:42","sunrise":"06:17","dohr":"13:24","asr":"16:59","maghreb":"20:21","ichaa":"21:43"},"26":{"fajr":"04:43","sunrise":"06:17","dohr":"13:24","asr":"16:59","maghreb":"20:20","ichaa":"21:42"},"27":{"fajr":"04:44","sunrise":"06:18","dohr":"13:24","asr":"16:59","maghreb":"20:20","ichaa":"21:41"},"28":{"fajr":"04:45","sunrise":"06:19","dohr":"13:24","asr":"16:59","maghreb":"20:19","ichaa":"21:40"},"29":{"fajr":"04:46","sunrise":"06:19","dohr":"13:24","asr":"16:59","maghreb":"20:18","ichaa":"21:39"},"30":{"fajr":"04:47","sunrise":"06:20","dohr":"13:24","asr":"16:59","maghreb":"20:17","ichaa":"21:38"},"31":{"fajr":"04:48","sunrise":"06:21","dohr":"13:24","asr":"16:59","maghreb":"20:17","ichaa":"21:37"}}