{"1":{"fajr":"05:17","sunrise":"06:42","dohr":"13:17","asr":"16:47","maghreb":"19:43","ichaa":"20:55"},"2":{"fajr":"05:18","sunrise":"06:42","dohr":"13:17","asr":"16:47","maghreb":"19:41","ichaa":"20:54"},"3":{"fajr":"05:19","sunrise":"06:43","dohr":"13:16","asr":"16:46","maghreb":"19:40","ichaa":"20:53"},"4":{"fajr":"05:20","sunrise":"06:44","dohr":"13:16","asr":"16:46","maghreb":"19:39","ichaa":"20:51"},"5":{"fajr":"05:21","sunrise":"06:44","dohr":"13:16","asr":"16:45","maghreb":"19:37","ichaa":"20:50"},"6":{"fajr":"05:21","sunrise":"06:45","dohr":"13:15","asr":"16:44","maghreb":"19:36","ichaa":"20:48"},"7":{"fajr":"05:22","sunrise":"06:45","dohr":"13:15","asr":"16:44","maghreb":"19:35","ichaa":"20:47"},"8":{"fajr":"05:23","sunrise":"06:46","dohr":"13:15","asr":"16:43","maghreb":"19:34","ichaa":"20:45"},"9":{"fajr":"05:24","sunrise":"06:47","dohr":"13:14","asr":"16:42","maghreb":"19:32","ichaa":"20:44"},"10":{"fajr":"05:25","sunrise":"06:47","dohr":"13:14","asr":"16:41","maghreb":"19:31","ichaa":"20:42"},"11":{"fajr":"05:25","sunrise":"06:48","dohr":"13:14","asr":"16:41","maghreb":"19:30","ichaa":"20:41"},"12":{"fajr":"05:26","sunrise":"06:49","dohr":"13:13","asr":"16:40","maghreb":"19:28","ichaa":"20:40"},"13":{"fajr":"05:27","sunrise":"06:49","dohr":"13:13","asr":"16:39","maghreb":"19:27","ichaa":"20:38"},"14":{"fajr":"05:28","sunrise":"06:50","dohr":"13:13","asr":"16:38","maghreb":"19:26","ichaa":"20:37"},"15":{"fajr":"05:28","sunrise":"06:50","dohr":"13:12","asr":"16:38","maghreb":"19:24","ichaa":"20:35"},"16":{"fajr":"05:29","sunrise":"06:51","dohr":"13:12","asr":"16:37","maghreb":"19:23","ichaa":"20:34"},"17":{"fajr":"05:30","sunrise":"06:52","dohr":"13:12","asr":"16:36","maghreb":"19:22","ichaa":"20:32"},"18":{"fajr":"05:31","sunrise":"06:52","dohr":"13:11","asr":"16:35","maghreb":"19:20","ichaa":"20:31"},"19":{"fajr":"05:31","sunrise":"06:53","dohr":"13:11","asr":"16:35","maghreb":"19:19","ichaa":"20:30"},"20":{"fajr":"05:32","sunrise":"06:53","dohr":"13:11","asr":"16:34","maghreb":"19:18","ichaa":"20:28"},"21":{"fajr":"05:33","sunrise":"06:54","dohr":"13:10","asr":"16:33","maghreb":"19:16","ichaa":"20:27"},"22":{"fajr":"05:33","sunrise":"06:55","dohr":"13:10","asr":"16:32","maghreb":"19:15","ichaa":"20:25"},"23":{"fajr":"05:34","sunrise":"06:55","dohr":"13:09","asr":"16:31","maghreb":"19:14","ichaa":"20:24"},"24":{"fajr":"05:35","sunrise":"06:56","dohr":"13:09","asr":"16:30","maghreb":"19:12","ichaa":"20:23"},"25":{"fajr":"05:36","sunrise":"06:57","dohr":"13:09","asr":"16:30","maghreb":"19:11","ichaa":"20:21"},"26":{"fajr":"05:36","sunrise":"06:57","dohr":"13:08","asr":"16:29","maghreb":"19:10","ichaa":"20:20"},"27":{"fajr":"05:37","sunrise":"06:58","dohr":"13:08","asr":"16:28","maghreb":"19:08","ichaa":"20:19"},"28":{"fajr":"05:38","sunrise":"06:58","dohr":"13:08","asr":"16:27","maghreb":"19:07","ichaa":"20:17"},"29":{"fajr":"05:38","sunrise":"06:59","dohr":"13:07","asr":"16:26","maghreb":"19:06","ichaa":"20:16"},"30":{"fajr":"05:39","sunrise":"07:00","dohr":"13:07","asr":"16:25","maghreb":"19:05","ichaa":"20:15"}}