{"1":{"fajr":"04:29","sunrise":"06:06","dohr":"13:20","asr":"16:54","maghreb":"20:24","ichaa":"21:48"},"2":{"fajr":"04:29","sunrise":"06:06","dohr":"13:20","asr":"16:54","maghreb":"20:24","ichaa":"21:49"},"3":{"fajr":"04:28","sunrise":"06:06","dohr":"13:20","asr":"16:54","maghreb":"20:25","ichaa":"21:49"},"4":{"fajr":"04:28","sunrise":"06:06","dohr":"13:20","asr":"16:55","maghreb":"20:26","ichaa":"21:50"},"5":{"fajr":"04:28","sunrise":"06:06","dohr":"13:20","asr":"16:55","maghreb":"20:26","ichaa":"21:51"},"6":{"fajr":"04:27","sunrise":"06:05","dohr":"13:21","asr":"16:55","maghreb":"20:27","ichaa":"21:51"},"7":{"fajr":"04:27","sunrise":"06:05","dohr":"13:21","asr":"16:55","maghreb":"20:27","ichaa":"21:52"},"8":{"fajr":"04:27","sunrise":"06:05","dohr":"13:21","asr":"16:55","maghreb":"20:27","ichaa":"21:52"},"9":{"fajr":"04:27","sunrise":"06:05","dohr":"13:21","asr":"16:55","maghreb":"20:28","ichaa":"21:53"},"10":{"fajr":"04:26","sunrise":"06:05","dohr":"13:21","asr":"16:56","maghreb":"20:28","ichaa":"21:53"},"11":{"fajr":"04:26","sunrise":"06:05","dohr":"13:22","asr":"16:56","maghreb":"20:29","ichaa":"21:54"},"12":{"fajr":"04:26","sunrise":"06:05","dohr":"13:22","asr":"16:56","maghreb":"20:29","ichaa":"21:54"},"13":{"fajr":"04:26","sunrise":"06:05","dohr":"13:22","asr":"16:56","maghreb":"20:30","ichaa":"21:55"},"14":{"fajr":"04:26","sunrise":"06:05","dohr":"13:22","asr":"16:56","maghreb":"20:30","ichaa":"21:55"},"15":{"fajr":"04:26","sunrise":"06:05","dohr":"13:22","asr":"16:57","maghreb":"20:30","ichaa":"21:56"},"16":{"fajr":"04:26","sunrise":"06:05","dohr":"13:23","asr":"16:57","maghreb":"20:31","ichaa":"21:56"},"17":{"fajr":"04:26","sunrise":"06:06","dohr":"13:23","asr":"16:57","maghreb":"20:31","ichaa":"21:56"},"18":{"fajr":"04:26","sunrise":"06:06","dohr":"13:23","asr":"16:57","maghreb":"20:31","ichaa":"21:57"},"19":{"fajr":"04:26","sunrise":"06:06","dohr":"13:23","asr":"16:57","maghreb":"20:31","ichaa":"21:57"},"20":{"fajr":"04:26","sunrise":"06:06","dohr":"13:24","asr":"16:58","maghreb":"20:32","ichaa":"21:57"},"21":{"fajr":"04:27","sunrise":"06:06","dohr":"13:24","asr":"16:58","maghreb":"20:32","ichaa":"21:57"},"22":{"fajr":"04:27","sunrise":"06:06","dohr":"13:24","asr":"16:58","maghreb":"20:32","ichaa":"21:58"},"23":{"fajr":"04:27","sunrise":"06:07","dohr":"13:24","asr":"16:58","maghreb":"20:32","ichaa":"21:58"},"24":{"fajr":"04:27","sunrise":"06:07","dohr":"13:24","asr":"16:58","maghreb":"20:32","ichaa":"21:58"},"25":{"fajr":"04:28","sunrise":"06:07","dohr":"13:25","asr":"16:59","maghreb":"20:32","ichaa":"21:58"},"26":{"fajr":"04:28","sunrise":"06:08","dohr":"13:25","asr":"16:59","maghreb":"20:33","ichaa":"21:58"},"27":{"fajr":"04:29","sunrise":"06:08","dohr":"13:25","asr":"16:59","maghreb":"20:33","ichaa":"21:58"},"28":{"fajr":"04:29","sunrise":"06:08","dohr":"13:25","asr":"16:59","maghreb":"20:33","ichaa":"21:58"},"29":{"fajr":"04:29","sunrise":"06:09","dohr":"13:25","asr":"17:00","maghreb":"20:33","ichaa":"21:58"},"30":{"fajr":"04:30","sunrise":"06:09","dohr":"13:26","asr":"17:00","maghreb":"20:33","ichaa":"21:58"}}