{"1":{"fajr":"06:20","sunrise":"07:39","dohr":"13:36","asr":"16:49","maghreb":"19:23","ichaa":"20:32"},"2":{"fajr":"06:18","sunrise":"07:38","dohr":"13:35","asr":"16:49","maghreb":"19:24","ichaa":"20:33"},"3":{"fajr":"06:17","sunrise":"07:36","dohr":"13:35","asr":"16:49","maghreb":"19:25","ichaa":"20:34"},"4":{"fajr":"06:16","sunrise":"07:35","dohr":"13:35","asr":"16:50","maghreb":"19:26","ichaa":"20:34"},"5":{"fajr":"06:15","sunrise":"07:34","dohr":"13:35","asr":"16:50","maghreb":"19:26","ichaa":"20:35"},"6":{"fajr":"06:14","sunrise":"07:33","dohr":"13:35","asr":"16:50","maghreb":"19:27","ichaa":"20:36"},"7":{"fajr":"06:13","sunrise":"07:32","dohr":"13:34","asr":"16:51","maghreb":"19:28","ichaa":"20:36"},"8":{"fajr":"06:12","sunrise":"07:31","dohr":"13:34","asr":"16:51","maghreb":"19:28","ichaa":"20:37"},"9":{"fajr":"06:11","sunrise":"07:30","dohr":"13:34","asr":"16:51","maghreb":"19:29","ichaa":"20:38"},"10":{"fajr":"06:09","sunrise":"07:28","dohr":"13:34","asr":"16:51","maghreb":"19:30","ichaa":"20:38"},"11":{"fajr":"06:08","sunrise":"07:27","dohr":"13:33","asr":"16:52","maghreb":"19:30","ichaa":"20:39"},"12":{"fajr":"06:07","sunrise":"07:26","dohr":"13:33","asr":"16:52","maghreb":"19:31","ichaa":"20:40"},"13":{"fajr":"06:06","sunrise":"07:25","dohr":"13:33","asr":"16:52","maghreb":"19:32","ichaa":"20:40"},"14":{"fajr":"06:05","sunrise":"07:24","dohr":"13:32","asr":"16:52","maghreb":"19:32","ichaa":"20:41"},"15":{"fajr":"06:03","sunrise":"07:23","dohr":"13:32","asr":"16:52","maghreb":"19:33","ichaa":"20:42"},"16":{"fajr":"06:02","sunrise":"07:21","dohr":"13:32","asr":"16:53","maghreb":"19:33","ichaa":"20:42"},"17":{"fajr":"06:01","sunrise":"07:20","dohr":"13:32","asr":"16:53","maghreb":"19:34","ichaa":"20:43"},"18":{"fajr":"06:00","sunrise":"07:19","dohr":"13:31","asr":"16:53","maghreb":"19:35","ichaa":"20:44"},"19":{"fajr":"05:58","sunrise":"07:18","dohr":"13:31","asr":"16:53","maghreb":"19:35","ichaa":"20:44"},"20":{"fajr":"05:57","sunrise":"07:17","dohr":"13:31","asr":"16:53","maghreb":"19:36","ichaa":"20:45"},"21":{"fajr":"05:56","sunrise":"07:15","dohr":"13:30","asr":"16:53","maghreb":"19:37","ichaa":"20:46"},"22":{"fajr":"05:54","sunrise":"07:14","dohr":"13:30","asr":"16:53","maghreb":"19:37","ichaa":"20:47"},"23":{"fajr":"05:53","sunrise":"07:13","dohr":"13:30","asr":"16:53","maghreb":"19:38","ichaa":"20:47"},"24":{"fajr":"05:52","sunrise":"07:12","dohr":"13:30","asr":"16:54","maghreb":"19:38","ichaa":"20:48"},"25":{"fajr":"05:50","sunrise":"07:10","dohr":"13:29","asr":"16:54","maghreb":"19:39","ichaa":"20:49"},"26":{"fajr":"05:49","sunrise":"07:09","dohr":"13:29","asr":"16:54","maghreb":"19:40","ichaa":"20:49"},"27":{"fajr":"05:48","sunrise":"07:08","dohr":"13:29","asr":"16:54","maghreb":"19:40","ichaa":"20:50"},"28":{"fajr":"05:46","sunrise":"07:07","dohr":"13:28","asr":"16:54","maghreb":"19:41","ichaa":"20:51"},"29":{"fajr":"05:45","sunrise":"07:06","dohr":"13:28","asr":"16:54","maghreb":"19:42","ichaa":"20:51"},"30":{"fajr":"05:44","sunrise":"07:04","dohr":"13:28","asr":"16:54","maghreb":"19:42","ichaa":"20:52"},"31":{"fajr":"05:42","sunrise":"07:03","dohr":"13:27","asr":"16:54","maghreb":"19:43","ichaa":"20:53"}}