{"1":{"fajr":"04:36","sunrise":"06:11","dohr":"13:21","asr":"16:53","maghreb":"20:22","ichaa":"21:45"},"2":{"fajr":"04:35","sunrise":"06:11","dohr":"13:21","asr":"16:53","maghreb":"20:23","ichaa":"21:45"},"3":{"fajr":"04:35","sunrise":"06:11","dohr":"13:22","asr":"16:53","maghreb":"20:23","ichaa":"21:46"},"4":{"fajr":"04:34","sunrise":"06:11","dohr":"13:22","asr":"16:53","maghreb":"20:24","ichaa":"21:47"},"5":{"fajr":"04:34","sunrise":"06:10","dohr":"13:22","asr":"16:53","maghreb":"20:24","ichaa":"21:47"},"6":{"fajr":"04:34","sunrise":"06:10","dohr":"13:22","asr":"16:53","maghreb":"20:25","ichaa":"21:48"},"7":{"fajr":"04:34","sunrise":"06:10","dohr":"13:22","asr":"16:54","maghreb":"20:25","ichaa":"21:48"},"8":{"fajr":"04:33","sunrise":"06:10","dohr":"13:22","asr":"16:54","maghreb":"20:26","ichaa":"21:49"},"9":{"fajr":"04:33","sunrise":"06:10","dohr":"13:23","asr":"16:54","maghreb":"20:26","ichaa":"21:50"},"10":{"fajr":"04:33","sunrise":"06:10","dohr":"13:23","asr":"16:54","maghreb":"20:26","ichaa":"21:50"},"11":{"fajr":"04:33","sunrise":"06:10","dohr":"13:23","asr":"16:54","maghreb":"20:27","ichaa":"21:51"},"12":{"fajr":"04:33","sunrise":"06:10","dohr":"13:23","asr":"16:54","maghreb":"20:27","ichaa":"21:51"},"13":{"fajr":"04:33","sunrise":"06:10","dohr":"13:23","asr":"16:55","maghreb":"20:28","ichaa":"21:51"},"14":{"fajr":"04:33","sunrise":"06:10","dohr":"13:24","asr":"16:55","maghreb":"20:28","ichaa":"21:52"},"15":{"fajr":"04:33","sunrise":"06:10","dohr":"13:24","asr":"16:55","maghreb":"20:28","ichaa":"21:52"},"16":{"fajr":"04:33","sunrise":"06:10","dohr":"13:24","asr":"16:55","maghreb":"20:29","ichaa":"21:53"},"17":{"fajr":"04:33","sunrise":"06:10","dohr":"13:24","asr":"16:55","maghreb":"20:29","ichaa":"21:53"},"18":{"fajr":"04:33","sunrise":"06:11","dohr":"13:25","asr":"16:56","maghreb":"20:29","ichaa":"21:53"},"19":{"fajr":"04:33","sunrise":"06:11","dohr":"13:25","asr":"16:56","maghreb":"20:29","ichaa":"21:53"},"20":{"fajr":"04:33","sunrise":"06:11","dohr":"13:25","asr":"16:56","maghreb":"20:30","ichaa":"21:54"},"21":{"fajr":"04:33","sunrise":"06:11","dohr":"13:25","asr":"16:56","maghreb":"20:30","ichaa":"21:54"},"22":{"fajr":"04:34","sunrise":"06:11","dohr":"13:25","asr":"16:56","maghreb":"20:30","ichaa":"21:54"},"23":{"fajr":"04:34","sunrise":"06:12","dohr":"13:26","asr":"16:57","maghreb":"20:30","ichaa":"21:54"},"24":{"fajr":"04:34","sunrise":"06:12","dohr":"13:26","asr":"16:57","maghreb":"20:30","ichaa":"21:54"},"25":{"fajr":"04:35","sunrise":"06:12","dohr":"13:26","asr":"16:57","maghreb":"20:30","ichaa":"21:54"},"26":{"fajr":"04:35","sunrise":"06:12","dohr":"13:26","asr":"16:57","maghreb":"20:31","ichaa":"21:55"},"27":{"fajr":"04:35","sunrise":"06:13","dohr":"13:26","asr":"16:58","maghreb":"20:31","ichaa":"21:55"},"28":{"fajr":"04:36","sunrise":"06:13","dohr":"13:27","asr":"16:58","maghreb":"20:31","ichaa":"21:55"},"29":{"fajr":"04:36","sunrise":"06:13","dohr":"13:27","asr":"16:58","maghreb":"20:31","ichaa":"21:54"},"30":{"fajr":"04:37","sunrise":"06:14","dohr":"13:27","asr":"16:58","maghreb":"20:31","ichaa":"21:54"}}