{"1":{"fajr":"04:37","sunrise":"06:14","dohr":"13:27","asr":"16:58","maghreb":"20:31","ichaa":"21:54"},"2":{"fajr":"04:38","sunrise":"06:15","dohr":"13:27","asr":"16:59","maghreb":"20:31","ichaa":"21:54"},"3":{"fajr":"04:38","sunrise":"06:15","dohr":"13:28","asr":"16:59","maghreb":"20:31","ichaa":"21:54"},"4":{"fajr":"04:39","sunrise":"06:15","dohr":"13:28","asr":"16:59","maghreb":"20:31","ichaa":"21:54"},"5":{"fajr":"04:39","sunrise":"06:16","dohr":"13:28","asr":"16:59","maghreb":"20:30","ichaa":"21:54"},"6":{"fajr":"04:40","sunrise":"06:16","dohr":"13:28","asr":"16:59","maghreb":"20:30","ichaa":"21:53"},"7":{"fajr":"04:41","sunrise":"06:17","dohr":"13:28","asr":"17:00","maghreb":"20:30","ichaa":"21:53"},"8":{"fajr":"04:41","sunrise":"06:17","dohr":"13:28","asr":"17:00","maghreb":"20:30","ichaa":"21:53"},"9":{"fajr":"04:42","sunrise":"06:18","dohr":"13:29","asr":"17:00","maghreb":"20:30","ichaa":"21:52"},"10":{"fajr":"04:43","sunrise":"06:18","dohr":"13:29","asr":"17:00","maghreb":"20:30","ichaa":"21:52"},"11":{"fajr":"04:43","sunrise":"06:19","dohr":"13:29","asr":"17:00","maghreb":"20:29","ichaa":"21:51"},"12":{"fajr":"04:44","sunrise":"06:19","dohr":"13:29","asr":"17:01","maghreb":"20:29","ichaa":"21:51"},"13":{"fajr":"04:45","sunrise":"06:20","dohr":"13:29","asr":"17:01","maghreb":"20:29","ichaa":"21:51"},"14":{"fajr":"04:46","sunrise":"06:20","dohr":"13:29","asr":"17:01","maghreb":"20:28","ichaa":"21:50"},"15":{"fajr":"04:46","sunrise":"06:21","dohr":"13:29","asr":"17:01","maghreb":"20:28","ichaa":"21:49"},"16":{"fajr":"04:47","sunrise":"06:22","dohr":"13:29","asr":"17:01","maghreb":"20:28","ichaa":"21:49"},"17":{"fajr":"04:48","sunrise":"06:22","dohr":"13:30","asr":"17:01","maghreb":"20:27","ichaa":"21:48"},"18":{"fajr":"04:49","sunrise":"06:23","dohr":"13:30","asr":"17:01","maghreb":"20:27","ichaa":"21:48"},"19":{"fajr":"04:50","sunrise":"06:23","dohr":"13:30","asr":"17:02","maghreb":"20:26","ichaa":"21:47"},"20":{"fajr":"04:50","sunrise":"06:24","dohr":"13:30","asr":"17:02","maghreb":"20:26","ichaa":"21:46"},"21":{"fajr":"04:51","sunrise":"06:24","dohr":"13:30","asr":"17:02","maghreb":"20:25","ichaa":"21:46"},"22":{"fajr":"04:52","sunrise":"06:25","dohr":"13:30","asr":"17:02","maghreb":"20:25","ichaa":"21:45"},"23":{"fajr":"04:53","sunrise":"06:26","dohr":"13:30","asr":"17:02","maghreb":"20:24","ichaa":"21:44"},"24":{"fajr":"04:54","sunrise":"06:26","dohr":"13:30","asr":"17:02","maghreb":"20:24","ichaa":"21:43"},"25":{"fajr":"04:55","sunrise":"06:27","dohr":"13:30","asr":"17:02","maghreb":"20:23","ichaa":"21:42"},"26":{"fajr":"04:56","sunrise":"06:27","dohr":"13:30","asr":"17:02","maghreb":"20:22","ichaa":"21:42"},"27":{"fajr":"04:56","sunrise":"06:28","dohr":"13:30","asr":"17:02","maghreb":"20:22","ichaa":"21:41"},"28":{"fajr":"04:57","sunrise":"06:29","dohr":"13:30","asr":"17:02","maghreb":"20:21","ichaa":"21:40"},"29":{"fajr":"04:58","sunrise":"06:29","dohr":"13:30","asr":"17:02","maghreb":"20:21","ichaa":"21:39"},"30":{"fajr":"04:59","sunrise":"06:30","dohr":"13:30","asr":"17:02","maghreb":"20:20","ichaa":"21:38"},"31":{"fajr":"05:00","sunrise":"06:31","dohr":"13:30","asr":"17:02","maghreb":"20:19","ichaa":"21:37"}}