{"1":{"fajr":"04:17","sunrise":"05:59","dohr":"13:17","asr":"16:56","maghreb":"20:26","ichaa":"21:54"},"2":{"fajr":"04:16","sunrise":"05:59","dohr":"13:17","asr":"16:57","maghreb":"20:27","ichaa":"21:55"},"3":{"fajr":"04:16","sunrise":"05:58","dohr":"13:17","asr":"16:57","maghreb":"20:27","ichaa":"21:56"},"4":{"fajr":"04:15","sunrise":"05:58","dohr":"13:18","asr":"16:57","maghreb":"20:28","ichaa":"21:57"},"5":{"fajr":"04:15","sunrise":"05:58","dohr":"13:18","asr":"16:57","maghreb":"20:28","ichaa":"21:57"},"6":{"fajr":"04:14","sunrise":"05:58","dohr":"13:18","asr":"16:57","maghreb":"20:29","ichaa":"21:58"},"7":{"fajr":"04:14","sunrise":"05:58","dohr":"13:18","asr":"16:57","maghreb":"20:30","ichaa":"21:59"},"8":{"fajr":"04:14","sunrise":"05:57","dohr":"13:18","asr":"16:58","maghreb":"20:30","ichaa":"21:59"},"9":{"fajr":"04:13","sunrise":"05:57","dohr":"13:19","asr":"16:58","maghreb":"20:30","ichaa":"22:00"},"10":{"fajr":"04:13","sunrise":"05:57","dohr":"13:19","asr":"16:58","maghreb":"20:31","ichaa":"22:00"},"11":{"fajr":"04:13","sunrise":"05:57","dohr":"13:19","asr":"16:58","maghreb":"20:31","ichaa":"22:01"},"12":{"fajr":"04:13","sunrise":"05:57","dohr":"13:19","asr":"16:58","maghreb":"20:32","ichaa":"22:02"},"13":{"fajr":"04:13","sunrise":"05:57","dohr":"13:19","asr":"16:59","maghreb":"20:32","ichaa":"22:02"},"14":{"fajr":"04:13","sunrise":"05:57","dohr":"13:20","asr":"16:59","maghreb":"20:33","ichaa":"22:02"},"15":{"fajr":"04:13","sunrise":"05:57","dohr":"13:20","asr":"16:59","maghreb":"20:33","ichaa":"22:03"},"16":{"fajr":"04:13","sunrise":"05:57","dohr":"13:20","asr":"16:59","maghreb":"20:33","ichaa":"22:03"},"17":{"fajr":"04:13","sunrise":"05:58","dohr":"13:20","asr":"17:00","maghreb":"20:34","ichaa":"22:04"},"18":{"fajr":"04:13","sunrise":"05:58","dohr":"13:20","asr":"17:00","maghreb":"20:34","ichaa":"22:04"},"19":{"fajr":"04:13","sunrise":"05:58","dohr":"13:21","asr":"17:00","maghreb":"20:34","ichaa":"22:04"},"20":{"fajr":"04:13","sunrise":"05:58","dohr":"13:21","asr":"17:00","maghreb":"20:34","ichaa":"22:04"},"21":{"fajr":"04:13","sunrise":"05:58","dohr":"13:21","asr":"17:00","maghreb":"20:35","ichaa":"22:05"},"22":{"fajr":"04:13","sunrise":"05:58","dohr":"13:21","asr":"17:01","maghreb":"20:35","ichaa":"22:05"},"23":{"fajr":"04:14","sunrise":"05:59","dohr":"13:21","asr":"17:01","maghreb":"20:35","ichaa":"22:05"},"24":{"fajr":"04:14","sunrise":"05:59","dohr":"13:22","asr":"17:01","maghreb":"20:35","ichaa":"22:05"},"25":{"fajr":"04:14","sunrise":"05:59","dohr":"13:22","asr":"17:01","maghreb":"20:35","ichaa":"22:05"},"26":{"fajr":"04:15","sunrise":"06:00","dohr":"13:22","asr":"17:01","maghreb":"20:35","ichaa":"22:05"},"27":{"fajr":"04:15","sunrise":"06:00","dohr":"13:22","asr":"17:02","maghreb":"20:35","ichaa":"22:05"},"28":{"fajr":"04:16","sunrise":"06:00","dohr":"13:23","asr":"17:02","maghreb":"20:35","ichaa":"22:05"},"29":{"fajr":"04:16","sunrise":"06:01","dohr":"13:23","asr":"17:02","maghreb":"20:35","ichaa":"22:05"},"30":{"fajr":"04:17","sunrise":"06:01","dohr":"13:23","asr":"17:02","maghreb":"20:35","ichaa":"22:05"}}