{"1":{"fajr":"04:17","sunrise":"06:01","dohr":"13:23","asr":"17:02","maghreb":"20:35","ichaa":"22:05"},"2":{"fajr":"04:18","sunrise":"06:02","dohr":"13:23","asr":"17:03","maghreb":"20:35","ichaa":"22:05"},"3":{"fajr":"04:18","sunrise":"06:02","dohr":"13:24","asr":"17:03","maghreb":"20:35","ichaa":"22:04"},"4":{"fajr":"04:19","sunrise":"06:03","dohr":"13:24","asr":"17:03","maghreb":"20:35","ichaa":"22:04"},"5":{"fajr":"04:20","sunrise":"06:03","dohr":"13:24","asr":"17:03","maghreb":"20:35","ichaa":"22:04"},"6":{"fajr":"04:20","sunrise":"06:04","dohr":"13:24","asr":"17:03","maghreb":"20:35","ichaa":"22:03"},"7":{"fajr":"04:21","sunrise":"06:04","dohr":"13:24","asr":"17:03","maghreb":"20:34","ichaa":"22:03"},"8":{"fajr":"04:22","sunrise":"06:05","dohr":"13:24","asr":"17:04","maghreb":"20:34","ichaa":"22:03"},"9":{"fajr":"04:23","sunrise":"06:05","dohr":"13:24","asr":"17:04","maghreb":"20:34","ichaa":"22:02"},"10":{"fajr":"04:23","sunrise":"06:06","dohr":"13:25","asr":"17:04","maghreb":"20:34","ichaa":"22:02"},"11":{"fajr":"04:24","sunrise":"06:07","dohr":"13:25","asr":"17:04","maghreb":"20:33","ichaa":"22:01"},"12":{"fajr":"04:25","sunrise":"06:07","dohr":"13:25","asr":"17:04","maghreb":"20:33","ichaa":"22:01"},"13":{"fajr":"04:26","sunrise":"06:08","dohr":"13:25","asr":"17:04","maghreb":"20:33","ichaa":"22:00"},"14":{"fajr":"04:27","sunrise":"06:08","dohr":"13:25","asr":"17:04","maghreb":"20:32","ichaa":"21:59"},"15":{"fajr":"04:28","sunrise":"06:09","dohr":"13:25","asr":"17:04","maghreb":"20:32","ichaa":"21:59"},"16":{"fajr":"04:29","sunrise":"06:10","dohr":"13:25","asr":"17:04","maghreb":"20:31","ichaa":"21:58"},"17":{"fajr":"04:30","sunrise":"06:10","dohr":"13:25","asr":"17:05","maghreb":"20:31","ichaa":"21:57"},"18":{"fajr":"04:30","sunrise":"06:11","dohr":"13:25","asr":"17:05","maghreb":"20:30","ichaa":"21:56"},"19":{"fajr":"04:31","sunrise":"06:12","dohr":"13:26","asr":"17:05","maghreb":"20:30","ichaa":"21:56"},"20":{"fajr":"04:32","sunrise":"06:12","dohr":"13:26","asr":"17:05","maghreb":"20:29","ichaa":"21:55"},"21":{"fajr":"04:33","sunrise":"06:13","dohr":"13:26","asr":"17:05","maghreb":"20:29","ichaa":"21:54"},"22":{"fajr":"04:34","sunrise":"06:14","dohr":"13:26","asr":"17:05","maghreb":"20:28","ichaa":"21:53"},"23":{"fajr":"04:35","sunrise":"06:14","dohr":"13:26","asr":"17:05","maghreb":"20:27","ichaa":"21:52"},"24":{"fajr":"04:36","sunrise":"06:15","dohr":"13:26","asr":"17:05","maghreb":"20:27","ichaa":"21:51"},"25":{"fajr":"04:37","sunrise":"06:16","dohr":"13:26","asr":"17:05","maghreb":"20:26","ichaa":"21:50"},"26":{"fajr":"04:39","sunrise":"06:16","dohr":"13:26","asr":"17:04","maghreb":"20:25","ichaa":"21:49"},"27":{"fajr":"04:40","sunrise":"06:17","dohr":"13:26","asr":"17:04","maghreb":"20:25","ichaa":"21:48"},"28":{"fajr":"04:41","sunrise":"06:18","dohr":"13:26","asr":"17:04","maghreb":"20:24","ichaa":"21:47"},"29":{"fajr":"04:42","sunrise":"06:18","dohr":"13:26","asr":"17:04","maghreb":"20:23","ichaa":"21:46"},"30":{"fajr":"04:43","sunrise":"06:19","dohr":"13:26","asr":"17:04","maghreb":"20:22","ichaa":"21:45"},"31":{"fajr":"04:44","sunrise":"06:20","dohr":"13:26","asr":"17:04","maghreb":"20:22","ichaa":"21:44"}}