{"1":{"fajr":"05:30","sunrise":"06:56","dohr":"13:22","asr":"16:51","maghreb":"19:40","ichaa":"20:55"},"2":{"fajr":"05:28","sunrise":"06:55","dohr":"13:22","asr":"16:51","maghreb":"19:40","ichaa":"20:56"},"3":{"fajr":"05:27","sunrise":"06:54","dohr":"13:22","asr":"16:51","maghreb":"19:41","ichaa":"20:57"},"4":{"fajr":"05:25","sunrise":"06:52","dohr":"13:21","asr":"16:51","maghreb":"19:42","ichaa":"20:57"},"5":{"fajr":"05:24","sunrise":"06:51","dohr":"13:21","asr":"16:51","maghreb":"19:43","ichaa":"20:58"},"6":{"fajr":"05:22","sunrise":"06:50","dohr":"13:21","asr":"16:52","maghreb":"19:43","ichaa":"20:59"},"7":{"fajr":"05:21","sunrise":"06:48","dohr":"13:21","asr":"16:52","maghreb":"19:44","ichaa":"21:00"},"8":{"fajr":"05:19","sunrise":"06:47","dohr":"13:20","asr":"16:52","maghreb":"19:45","ichaa":"21:01"},"9":{"fajr":"05:18","sunrise":"06:46","dohr":"13:20","asr":"16:52","maghreb":"19:46","ichaa":"21:02"},"10":{"fajr":"05:16","sunrise":"06:44","dohr":"13:20","asr":"16:52","maghreb":"19:47","ichaa":"21:03"},"11":{"fajr":"05:14","sunrise":"06:43","dohr":"13:19","asr":"16:52","maghreb":"19:47","ichaa":"21:04"},"12":{"fajr":"05:13","sunrise":"06:42","dohr":"13:19","asr":"16:52","maghreb":"19:48","ichaa":"21:05"},"13":{"fajr":"05:11","sunrise":"06:40","dohr":"13:19","asr":"16:52","maghreb":"19:49","ichaa":"21:06"},"14":{"fajr":"05:10","sunrise":"06:39","dohr":"13:19","asr":"16:52","maghreb":"19:50","ichaa":"21:07"},"15":{"fajr":"05:08","sunrise":"06:38","dohr":"13:18","asr":"16:52","maghreb":"19:50","ichaa":"21:08"},"16":{"fajr":"05:07","sunrise":"06:37","dohr":"13:18","asr":"16:53","maghreb":"19:51","ichaa":"21:09"},"17":{"fajr":"05:05","sunrise":"06:35","dohr":"13:18","asr":"16:53","maghreb":"19:52","ichaa":"21:10"},"18":{"fajr":"05:04","sunrise":"06:34","dohr":"13:18","asr":"16:53","maghreb":"19:53","ichaa":"21:11"},"19":{"fajr":"05:02","sunrise":"06:33","dohr":"13:18","asr":"16:53","maghreb":"19:54","ichaa":"21:12"},"20":{"fajr":"05:01","sunrise":"06:32","dohr":"13:17","asr":"16:53","maghreb":"19:54","ichaa":"21:13"},"21":{"fajr":"04:59","sunrise":"06:31","dohr":"13:17","asr":"16:53","maghreb":"19:55","ichaa":"21:14"},"22":{"fajr":"04:58","sunrise":"06:29","dohr":"13:17","asr":"16:53","maghreb":"19:56","ichaa":"21:15"},"23":{"fajr":"04:56","sunrise":"06:28","dohr":"13:17","asr":"16:53","maghreb":"19:57","ichaa":"21:16"},"24":{"fajr":"04:55","sunrise":"06:27","dohr":"13:17","asr":"16:53","maghreb":"19:58","ichaa":"21:17"},"25":{"fajr":"04:53","sunrise":"06:26","dohr":"13:16","asr":"16:53","maghreb":"19:58","ichaa":"21:18"},"26":{"fajr":"04:52","sunrise":"06:25","dohr":"13:16","asr":"16:53","maghreb":"19:59","ichaa":"21:20"},"27":{"fajr":"04:51","sunrise":"06:24","dohr":"13:16","asr":"16:53","maghreb":"20:00","ichaa":"21:21"},"28":{"fajr":"04:49","sunrise":"06:23","dohr":"13:16","asr":"16:53","maghreb":"20:01","ichaa":"21:22"},"29":{"fajr":"04:48","sunrise":"06:21","dohr":"13:16","asr":"16:53","maghreb":"20:01","ichaa":"21:23"},"30":{"fajr":"04:46","sunrise":"06:20","dohr":"13:16","asr":"16:54","maghreb":"20:02","ichaa":"21:24"}}