{"1":{"fajr":"04:13","sunrise":"05:58","dohr":"13:16","asr":"16:57","maghreb":"20:26","ichaa":"21:56"},"2":{"fajr":"04:12","sunrise":"05:58","dohr":"13:17","asr":"16:57","maghreb":"20:26","ichaa":"21:57"},"3":{"fajr":"04:12","sunrise":"05:57","dohr":"13:17","asr":"16:57","maghreb":"20:27","ichaa":"21:58"},"4":{"fajr":"04:11","sunrise":"05:57","dohr":"13:17","asr":"16:58","maghreb":"20:28","ichaa":"21:59"},"5":{"fajr":"04:11","sunrise":"05:57","dohr":"13:17","asr":"16:58","maghreb":"20:28","ichaa":"21:59"},"6":{"fajr":"04:10","sunrise":"05:57","dohr":"13:17","asr":"16:58","maghreb":"20:29","ichaa":"22:00"},"7":{"fajr":"04:10","sunrise":"05:57","dohr":"13:17","asr":"16:58","maghreb":"20:29","ichaa":"22:01"},"8":{"fajr":"04:10","sunrise":"05:57","dohr":"13:18","asr":"16:58","maghreb":"20:30","ichaa":"22:01"},"9":{"fajr":"04:09","sunrise":"05:56","dohr":"13:18","asr":"16:59","maghreb":"20:30","ichaa":"22:02"},"10":{"fajr":"04:09","sunrise":"05:56","dohr":"13:18","asr":"16:59","maghreb":"20:31","ichaa":"22:03"},"11":{"fajr":"04:09","sunrise":"05:56","dohr":"13:18","asr":"16:59","maghreb":"20:31","ichaa":"22:03"},"12":{"fajr":"04:09","sunrise":"05:56","dohr":"13:18","asr":"16:59","maghreb":"20:31","ichaa":"22:04"},"13":{"fajr":"04:09","sunrise":"05:56","dohr":"13:19","asr":"16:59","maghreb":"20:32","ichaa":"22:04"},"14":{"fajr":"04:09","sunrise":"05:56","dohr":"13:19","asr":"17:00","maghreb":"20:32","ichaa":"22:05"},"15":{"fajr":"04:09","sunrise":"05:56","dohr":"13:19","asr":"17:00","maghreb":"20:33","ichaa":"22:05"},"16":{"fajr":"04:09","sunrise":"05:56","dohr":"13:19","asr":"17:00","maghreb":"20:33","ichaa":"22:05"},"17":{"fajr":"04:09","sunrise":"05:57","dohr":"13:19","asr":"17:00","maghreb":"20:33","ichaa":"22:06"},"18":{"fajr":"04:09","sunrise":"05:57","dohr":"13:20","asr":"17:00","maghreb":"20:34","ichaa":"22:06"},"19":{"fajr":"04:09","sunrise":"05:57","dohr":"13:20","asr":"17:01","maghreb":"20:34","ichaa":"22:06"},"20":{"fajr":"04:09","sunrise":"05:57","dohr":"13:20","asr":"17:01","maghreb":"20:34","ichaa":"22:07"},"21":{"fajr":"04:09","sunrise":"05:57","dohr":"13:20","asr":"17:01","maghreb":"20:34","ichaa":"22:07"},"22":{"fajr":"04:09","sunrise":"05:57","dohr":"13:21","asr":"17:01","maghreb":"20:34","ichaa":"22:07"},"23":{"fajr":"04:10","sunrise":"05:58","dohr":"13:21","asr":"17:02","maghreb":"20:35","ichaa":"22:07"},"24":{"fajr":"04:10","sunrise":"05:58","dohr":"13:21","asr":"17:02","maghreb":"20:35","ichaa":"22:07"},"25":{"fajr":"04:10","sunrise":"05:58","dohr":"13:21","asr":"17:02","maghreb":"20:35","ichaa":"22:07"},"26":{"fajr":"04:11","sunrise":"05:59","dohr":"13:21","asr":"17:02","maghreb":"20:35","ichaa":"22:07"},"27":{"fajr":"04:11","sunrise":"05:59","dohr":"13:22","asr":"17:02","maghreb":"20:35","ichaa":"22:07"},"28":{"fajr":"04:12","sunrise":"05:59","dohr":"13:22","asr":"17:03","maghreb":"20:35","ichaa":"22:07"},"29":{"fajr":"04:12","sunrise":"06:00","dohr":"13:22","asr":"17:03","maghreb":"20:35","ichaa":"22:07"},"30":{"fajr":"04:13","sunrise":"06:00","dohr":"13:22","asr":"17:03","maghreb":"20:35","ichaa":"22:07"}}