{"1":{"fajr":"05:33","sunrise":"06:57","dohr":"13:02","asr":"16:19","maghreb":"18:58","ichaa":"20:10"},"2":{"fajr":"05:34","sunrise":"06:58","dohr":"13:02","asr":"16:18","maghreb":"18:56","ichaa":"20:09"},"3":{"fajr":"05:35","sunrise":"06:59","dohr":"13:02","asr":"16:17","maghreb":"18:55","ichaa":"20:08"},"4":{"fajr":"05:36","sunrise":"06:59","dohr":"13:01","asr":"16:16","maghreb":"18:54","ichaa":"20:06"},"5":{"fajr":"05:36","sunrise":"07:00","dohr":"13:01","asr":"16:15","maghreb":"18:52","ichaa":"20:05"},"6":{"fajr":"05:37","sunrise":"07:01","dohr":"13:01","asr":"16:14","maghreb":"18:51","ichaa":"20:03"},"7":{"fajr":"05:38","sunrise":"07:02","dohr":"13:00","asr":"16:13","maghreb":"18:49","ichaa":"20:02"},"8":{"fajr":"05:39","sunrise":"07:02","dohr":"13:00","asr":"16:12","maghreb":"18:48","ichaa":"20:01"},"9":{"fajr":"05:40","sunrise":"07:03","dohr":"13:00","asr":"16:11","maghreb":"18:47","ichaa":"19:59"},"10":{"fajr":"05:40","sunrise":"07:04","dohr":"13:00","asr":"16:10","maghreb":"18:46","ichaa":"19:58"},"11":{"fajr":"05:41","sunrise":"07:05","dohr":"12:59","asr":"16:09","maghreb":"18:44","ichaa":"19:57"},"12":{"fajr":"05:42","sunrise":"07:06","dohr":"12:59","asr":"16:08","maghreb":"18:43","ichaa":"19:56"},"13":{"fajr":"05:43","sunrise":"07:06","dohr":"12:59","asr":"16:07","maghreb":"18:42","ichaa":"19:54"},"14":{"fajr":"05:43","sunrise":"07:07","dohr":"12:59","asr":"16:06","maghreb":"18:40","ichaa":"19:53"},"15":{"fajr":"05:44","sunrise":"07:08","dohr":"12:58","asr":"16:05","maghreb":"18:39","ichaa":"19:52"},"16":{"fajr":"05:45","sunrise":"07:09","dohr":"12:58","asr":"16:05","maghreb":"18:38","ichaa":"19:51"},"17":{"fajr":"05:46","sunrise":"07:10","dohr":"12:58","asr":"16:04","maghreb":"18:37","ichaa":"19:50"},"18":{"fajr":"05:47","sunrise":"07:10","dohr":"12:58","asr":"16:03","maghreb":"18:35","ichaa":"19:48"},"19":{"fajr":"05:47","sunrise":"07:11","dohr":"12:58","asr":"16:02","maghreb":"18:34","ichaa":"19:47"},"20":{"fajr":"05:48","sunrise":"07:12","dohr":"12:57","asr":"16:01","maghreb":"18:33","ichaa":"19:46"},"21":{"fajr":"05:49","sunrise":"07:13","dohr":"12:57","asr":"16:00","maghreb":"18:32","ichaa":"19:45"},"22":{"fajr":"05:50","sunrise":"07:14","dohr":"12:57","asr":"15:59","maghreb":"18:31","ichaa":"19:44"},"23":{"fajr":"05:50","sunrise":"07:15","dohr":"12:57","asr":"15:58","maghreb":"18:30","ichaa":"19:43"},"24":{"fajr":"05:51","sunrise":"07:16","dohr":"12:57","asr":"15:57","maghreb":"18:28","ichaa":"19:42"},"25":{"fajr":"05:52","sunrise":"07:16","dohr":"12:57","asr":"15:56","maghreb":"18:27","ichaa":"19:41"},"26":{"fajr":"05:53","sunrise":"07:17","dohr":"12:57","asr":"15:56","maghreb":"18:26","ichaa":"19:40"},"27":{"fajr":"05:54","sunrise":"07:18","dohr":"12:57","asr":"15:55","maghreb":"18:25","ichaa":"19:39"},"28":{"fajr":"05:54","sunrise":"07:19","dohr":"12:56","asr":"15:54","maghreb":"18:24","ichaa":"19:38"},"29":{"fajr":"05:55","sunrise":"07:20","dohr":"12:56","asr":"15:53","maghreb":"18:23","ichaa":"19:37"},"30":{"fajr":"05:56","sunrise":"07:21","dohr":"12:56","asr":"15:52","maghreb":"18:22","ichaa":"19:36"},"31":{"fajr":"05:57","sunrise":"07:22","dohr":"12:56","asr":"15:52","maghreb":"18:21","ichaa":"19:35"}}