{"1":{"fajr":"05:58","sunrise":"07:23","dohr":"12:56","asr":"15:51","maghreb":"18:20","ichaa":"19:34"},"2":{"fajr":"05:58","sunrise":"07:24","dohr":"12:56","asr":"15:50","maghreb":"18:19","ichaa":"19:33"},"3":{"fajr":"05:59","sunrise":"07:25","dohr":"12:56","asr":"15:49","maghreb":"18:18","ichaa":"19:33"},"4":{"fajr":"06:00","sunrise":"07:25","dohr":"12:56","asr":"15:49","maghreb":"18:17","ichaa":"19:32"},"5":{"fajr":"06:01","sunrise":"07:26","dohr":"12:56","asr":"15:48","maghreb":"18:16","ichaa":"19:31"},"6":{"fajr":"06:02","sunrise":"07:27","dohr":"12:56","asr":"15:47","maghreb":"18:16","ichaa":"19:30"},"7":{"fajr":"06:02","sunrise":"07:28","dohr":"12:56","asr":"15:47","maghreb":"18:15","ichaa":"19:30"},"8":{"fajr":"06:03","sunrise":"07:29","dohr":"12:56","asr":"15:46","maghreb":"18:14","ichaa":"19:29"},"9":{"fajr":"06:04","sunrise":"07:30","dohr":"12:57","asr":"15:45","maghreb":"18:13","ichaa":"19:28"},"10":{"fajr":"06:05","sunrise":"07:31","dohr":"12:57","asr":"15:45","maghreb":"18:12","ichaa":"19:28"},"11":{"fajr":"06:06","sunrise":"07:32","dohr":"12:57","asr":"15:44","maghreb":"18:12","ichaa":"19:27"},"12":{"fajr":"06:07","sunrise":"07:33","dohr":"12:57","asr":"15:44","maghreb":"18:11","ichaa":"19:26"},"13":{"fajr":"06:07","sunrise":"07:34","dohr":"12:57","asr":"15:43","maghreb":"18:10","ichaa":"19:26"},"14":{"fajr":"06:08","sunrise":"07:35","dohr":"12:57","asr":"15:43","maghreb":"18:10","ichaa":"19:25"},"15":{"fajr":"06:09","sunrise":"07:36","dohr":"12:57","asr":"15:42","maghreb":"18:09","ichaa":"19:25"},"16":{"fajr":"06:10","sunrise":"07:37","dohr":"12:58","asr":"15:42","maghreb":"18:09","ichaa":"19:24"},"17":{"fajr":"06:11","sunrise":"07:38","dohr":"12:58","asr":"15:41","maghreb":"18:08","ichaa":"19:24"},"18":{"fajr":"06:11","sunrise":"07:39","dohr":"12:58","asr":"15:41","maghreb":"18:07","ichaa":"19:24"},"19":{"fajr":"06:12","sunrise":"07:40","dohr":"12:58","asr":"15:41","maghreb":"18:07","ichaa":"19:23"},"20":{"fajr":"06:13","sunrise":"07:41","dohr":"12:58","asr":"15:40","maghreb":"18:07","ichaa":"19:23"},"21":{"fajr":"06:14","sunrise":"07:42","dohr":"12:59","asr":"15:40","maghreb":"18:06","ichaa":"19:23"},"22":{"fajr":"06:15","sunrise":"07:42","dohr":"12:59","asr":"15:40","maghreb":"18:06","ichaa":"19:22"},"23":{"fajr":"06:16","sunrise":"07:43","dohr":"12:59","asr":"15:39","maghreb":"18:05","ichaa":"19:22"},"24":{"fajr":"06:16","sunrise":"07:44","dohr":"12:59","asr":"15:39","maghreb":"18:05","ichaa":"19:22"},"25":{"fajr":"06:17","sunrise":"07:45","dohr":"13:00","asr":"15:39","maghreb":"18:05","ichaa":"19:22"},"26":{"fajr":"06:18","sunrise":"07:46","dohr":"13:00","asr":"15:39","maghreb":"18:04","ichaa":"19:21"},"27":{"fajr":"06:19","sunrise":"07:47","dohr":"13:00","asr":"15:39","maghreb":"18:04","ichaa":"19:21"},"28":{"fajr":"06:20","sunrise":"07:48","dohr":"13:01","asr":"15:38","maghreb":"18:04","ichaa":"19:21"},"29":{"fajr":"06:20","sunrise":"07:49","dohr":"13:01","asr":"15:38","maghreb":"18:04","ichaa":"19:21"},"30":{"fajr":"06:21","sunrise":"07:50","dohr":"13:01","asr":"15:38","maghreb":"18:04","ichaa":"19:21"}}