{"1":{"fajr":"06:22","sunrise":"07:51","dohr":"13:02","asr":"15:38","maghreb":"18:03","ichaa":"19:21"},"2":{"fajr":"06:23","sunrise":"07:52","dohr":"13:02","asr":"15:38","maghreb":"18:03","ichaa":"19:21"},"3":{"fajr":"06:23","sunrise":"07:52","dohr":"13:03","asr":"15:38","maghreb":"18:03","ichaa":"19:21"},"4":{"fajr":"06:24","sunrise":"07:53","dohr":"13:03","asr":"15:38","maghreb":"18:03","ichaa":"19:21"},"5":{"fajr":"06:25","sunrise":"07:54","dohr":"13:03","asr":"15:38","maghreb":"18:03","ichaa":"19:21"},"6":{"fajr":"06:26","sunrise":"07:55","dohr":"13:04","asr":"15:38","maghreb":"18:03","ichaa":"19:21"},"7":{"fajr":"06:26","sunrise":"07:56","dohr":"13:04","asr":"15:38","maghreb":"18:03","ichaa":"19:21"},"8":{"fajr":"06:27","sunrise":"07:56","dohr":"13:05","asr":"15:39","maghreb":"18:03","ichaa":"19:22"},"9":{"fajr":"06:28","sunrise":"07:57","dohr":"13:05","asr":"15:39","maghreb":"18:04","ichaa":"19:22"},"10":{"fajr":"06:28","sunrise":"07:58","dohr":"13:06","asr":"15:39","maghreb":"18:04","ichaa":"19:22"},"11":{"fajr":"06:29","sunrise":"07:59","dohr":"13:06","asr":"15:39","maghreb":"18:04","ichaa":"19:22"},"12":{"fajr":"06:30","sunrise":"07:59","dohr":"13:07","asr":"15:39","maghreb":"18:04","ichaa":"19:23"},"13":{"fajr":"06:30","sunrise":"08:00","dohr":"13:07","asr":"15:40","maghreb":"18:04","ichaa":"19:23"},"14":{"fajr":"06:31","sunrise":"08:01","dohr":"13:07","asr":"15:40","maghreb":"18:05","ichaa":"19:23"},"15":{"fajr":"06:32","sunrise":"08:01","dohr":"13:08","asr":"15:40","maghreb":"18:05","ichaa":"19:24"},"16":{"fajr":"06:32","sunrise":"08:02","dohr":"13:08","asr":"15:41","maghreb":"18:05","ichaa":"19:24"},"17":{"fajr":"06:33","sunrise":"08:03","dohr":"13:09","asr":"15:41","maghreb":"18:06","ichaa":"19:24"},"18":{"fajr":"06:33","sunrise":"08:03","dohr":"13:09","asr":"15:42","maghreb":"18:06","ichaa":"19:25"},"19":{"fajr":"06:34","sunrise":"08:04","dohr":"13:10","asr":"15:42","maghreb":"18:07","ichaa":"19:25"},"20":{"fajr":"06:35","sunrise":"08:04","dohr":"13:10","asr":"15:42","maghreb":"18:07","ichaa":"19:26"},"21":{"fajr":"06:35","sunrise":"08:05","dohr":"13:11","asr":"15:43","maghreb":"18:07","ichaa":"19:26"},"22":{"fajr":"06:36","sunrise":"08:05","dohr":"13:11","asr":"15:43","maghreb":"18:08","ichaa":"19:27"},"23":{"fajr":"06:36","sunrise":"08:06","dohr":"13:12","asr":"15:44","maghreb":"18:09","ichaa":"19:27"},"24":{"fajr":"06:36","sunrise":"08:06","dohr":"13:12","asr":"15:45","maghreb":"18:09","ichaa":"19:28"},"25":{"fajr":"06:37","sunrise":"08:07","dohr":"13:13","asr":"15:45","maghreb":"18:10","ichaa":"19:28"},"26":{"fajr":"06:37","sunrise":"08:07","dohr":"13:13","asr":"15:46","maghreb":"18:10","ichaa":"19:29"},"27":{"fajr":"06:38","sunrise":"08:08","dohr":"13:14","asr":"15:46","maghreb":"18:11","ichaa":"19:29"},"28":{"fajr":"06:38","sunrise":"08:08","dohr":"13:14","asr":"15:47","maghreb":"18:12","ichaa":"19:30"},"29":{"fajr":"06:38","sunrise":"08:08","dohr":"13:15","asr":"15:48","maghreb":"18:12","ichaa":"19:31"},"30":{"fajr":"06:39","sunrise":"08:08","dohr":"13:15","asr":"15:48","maghreb":"18:13","ichaa":"19:31"},"31":{"fajr":"06:39","sunrise":"08:09","dohr":"13:16","asr":"15:49","maghreb":"18:14","ichaa":"19:32"}}