{"1":{"fajr":"05:23","sunrise":"06:49","dohr":"13:17","asr":"16:45","maghreb":"19:35","ichaa":"20:50"},"2":{"fajr":"05:22","sunrise":"06:48","dohr":"13:16","asr":"16:45","maghreb":"19:36","ichaa":"20:51"},"3":{"fajr":"05:20","sunrise":"06:46","dohr":"13:16","asr":"16:46","maghreb":"19:37","ichaa":"20:52"},"4":{"fajr":"05:19","sunrise":"06:45","dohr":"13:16","asr":"16:46","maghreb":"19:37","ichaa":"20:53"},"5":{"fajr":"05:17","sunrise":"06:44","dohr":"13:15","asr":"16:46","maghreb":"19:38","ichaa":"20:53"},"6":{"fajr":"05:16","sunrise":"06:42","dohr":"13:15","asr":"16:46","maghreb":"19:39","ichaa":"20:54"},"7":{"fajr":"05:14","sunrise":"06:41","dohr":"13:15","asr":"16:46","maghreb":"19:40","ichaa":"20:55"},"8":{"fajr":"05:12","sunrise":"06:40","dohr":"13:15","asr":"16:46","maghreb":"19:41","ichaa":"20:56"},"9":{"fajr":"05:11","sunrise":"06:38","dohr":"13:14","asr":"16:46","maghreb":"19:41","ichaa":"20:57"},"10":{"fajr":"05:09","sunrise":"06:37","dohr":"13:14","asr":"16:47","maghreb":"19:42","ichaa":"20:58"},"11":{"fajr":"05:08","sunrise":"06:36","dohr":"13:14","asr":"16:47","maghreb":"19:43","ichaa":"20:59"},"12":{"fajr":"05:06","sunrise":"06:34","dohr":"13:13","asr":"16:47","maghreb":"19:44","ichaa":"21:00"},"13":{"fajr":"05:05","sunrise":"06:33","dohr":"13:13","asr":"16:47","maghreb":"19:45","ichaa":"21:01"},"14":{"fajr":"05:03","sunrise":"06:32","dohr":"13:13","asr":"16:47","maghreb":"19:45","ichaa":"21:02"},"15":{"fajr":"05:01","sunrise":"06:30","dohr":"13:13","asr":"16:47","maghreb":"19:46","ichaa":"21:03"},"16":{"fajr":"05:00","sunrise":"06:29","dohr":"13:12","asr":"16:47","maghreb":"19:47","ichaa":"21:04"},"17":{"fajr":"04:58","sunrise":"06:28","dohr":"13:12","asr":"16:47","maghreb":"19:48","ichaa":"21:05"},"18":{"fajr":"04:57","sunrise":"06:27","dohr":"13:12","asr":"16:47","maghreb":"19:49","ichaa":"21:07"},"19":{"fajr":"04:55","sunrise":"06:25","dohr":"13:12","asr":"16:48","maghreb":"19:49","ichaa":"21:08"},"20":{"fajr":"04:54","sunrise":"06:24","dohr":"13:12","asr":"16:48","maghreb":"19:50","ichaa":"21:09"},"21":{"fajr":"04:52","sunrise":"06:23","dohr":"13:11","asr":"16:48","maghreb":"19:51","ichaa":"21:10"},"22":{"fajr":"04:51","sunrise":"06:22","dohr":"13:11","asr":"16:48","maghreb":"19:52","ichaa":"21:11"},"23":{"fajr":"04:49","sunrise":"06:21","dohr":"13:11","asr":"16:48","maghreb":"19:53","ichaa":"21:12"},"24":{"fajr":"04:48","sunrise":"06:19","dohr":"13:11","asr":"16:48","maghreb":"19:53","ichaa":"21:13"},"25":{"fajr":"04:46","sunrise":"06:18","dohr":"13:11","asr":"16:48","maghreb":"19:54","ichaa":"21:14"},"26":{"fajr":"04:45","sunrise":"06:17","dohr":"13:10","asr":"16:48","maghreb":"19:55","ichaa":"21:15"},"27":{"fajr":"04:43","sunrise":"06:16","dohr":"13:10","asr":"16:48","maghreb":"19:56","ichaa":"21:16"},"28":{"fajr":"04:42","sunrise":"06:15","dohr":"13:10","asr":"16:48","maghreb":"19:57","ichaa":"21:17"},"29":{"fajr":"04:41","sunrise":"06:14","dohr":"13:10","asr":"16:48","maghreb":"19:57","ichaa":"21:18"},"30":{"fajr":"04:39","sunrise":"06:13","dohr":"13:10","asr":"16:48","maghreb":"19:58","ichaa":"21:19"}}