{"1":{"fajr":"04:38","sunrise":"06:12","dohr":"13:10","asr":"16:48","maghreb":"19:59","ichaa":"21:21"},"2":{"fajr":"04:36","sunrise":"06:11","dohr":"13:10","asr":"16:49","maghreb":"20:00","ichaa":"21:22"},"3":{"fajr":"04:35","sunrise":"06:10","dohr":"13:10","asr":"16:49","maghreb":"20:01","ichaa":"21:23"},"4":{"fajr":"04:34","sunrise":"06:09","dohr":"13:09","asr":"16:49","maghreb":"20:02","ichaa":"21:24"},"5":{"fajr":"04:32","sunrise":"06:08","dohr":"13:09","asr":"16:49","maghreb":"20:02","ichaa":"21:25"},"6":{"fajr":"04:31","sunrise":"06:07","dohr":"13:09","asr":"16:49","maghreb":"20:03","ichaa":"21:26"},"7":{"fajr":"04:30","sunrise":"06:06","dohr":"13:09","asr":"16:49","maghreb":"20:04","ichaa":"21:27"},"8":{"fajr":"04:28","sunrise":"06:05","dohr":"13:09","asr":"16:49","maghreb":"20:05","ichaa":"21:28"},"9":{"fajr":"04:27","sunrise":"06:04","dohr":"13:09","asr":"16:49","maghreb":"20:06","ichaa":"21:29"},"10":{"fajr":"04:26","sunrise":"06:03","dohr":"13:09","asr":"16:49","maghreb":"20:06","ichaa":"21:31"},"11":{"fajr":"04:24","sunrise":"06:02","dohr":"13:09","asr":"16:49","maghreb":"20:07","ichaa":"21:32"},"12":{"fajr":"04:23","sunrise":"06:01","dohr":"13:09","asr":"16:49","maghreb":"20:08","ichaa":"21:33"},"13":{"fajr":"04:22","sunrise":"06:01","dohr":"13:09","asr":"16:50","maghreb":"20:09","ichaa":"21:34"},"14":{"fajr":"04:21","sunrise":"06:00","dohr":"13:09","asr":"16:50","maghreb":"20:10","ichaa":"21:35"},"15":{"fajr":"04:20","sunrise":"05:59","dohr":"13:09","asr":"16:50","maghreb":"20:10","ichaa":"21:36"},"16":{"fajr":"04:19","sunrise":"05:58","dohr":"13:09","asr":"16:50","maghreb":"20:11","ichaa":"21:37"},"17":{"fajr":"04:18","sunrise":"05:57","dohr":"13:09","asr":"16:50","maghreb":"20:12","ichaa":"21:38"},"18":{"fajr":"04:17","sunrise":"05:57","dohr":"13:09","asr":"16:50","maghreb":"20:13","ichaa":"21:39"},"19":{"fajr":"04:15","sunrise":"05:56","dohr":"13:09","asr":"16:50","maghreb":"20:13","ichaa":"21:40"},"20":{"fajr":"04:14","sunrise":"05:55","dohr":"13:09","asr":"16:50","maghreb":"20:14","ichaa":"21:41"},"21":{"fajr":"04:13","sunrise":"05:55","dohr":"13:09","asr":"16:51","maghreb":"20:15","ichaa":"21:42"},"22":{"fajr":"04:13","sunrise":"05:54","dohr":"13:09","asr":"16:51","maghreb":"20:16","ichaa":"21:43"},"23":{"fajr":"04:12","sunrise":"05:54","dohr":"13:10","asr":"16:51","maghreb":"20:16","ichaa":"21:44"},"24":{"fajr":"04:11","sunrise":"05:53","dohr":"13:10","asr":"16:51","maghreb":"20:17","ichaa":"21:45"},"25":{"fajr":"04:10","sunrise":"05:53","dohr":"13:10","asr":"16:51","maghreb":"20:18","ichaa":"21:46"},"26":{"fajr":"04:09","sunrise":"05:52","dohr":"13:10","asr":"16:51","maghreb":"20:18","ichaa":"21:47"},"27":{"fajr":"04:08","sunrise":"05:52","dohr":"13:10","asr":"16:51","maghreb":"20:19","ichaa":"21:48"},"28":{"fajr":"04:08","sunrise":"05:51","dohr":"13:10","asr":"16:52","maghreb":"20:20","ichaa":"21:49"},"29":{"fajr":"04:07","sunrise":"05:51","dohr":"13:10","asr":"16:52","maghreb":"20:20","ichaa":"21:50"},"30":{"fajr":"04:06","sunrise":"05:50","dohr":"13:10","asr":"16:52","maghreb":"20:21","ichaa":"21:51"},"31":{"fajr":"04:05","sunrise":"05:50","dohr":"13:10","asr":"16:52","maghreb":"20:22","ichaa":"21:52"}}