{"1":{"fajr":"04:05","sunrise":"05:50","dohr":"13:11","asr":"16:52","maghreb":"20:22","ichaa":"21:53"},"2":{"fajr":"04:04","sunrise":"05:49","dohr":"13:11","asr":"16:52","maghreb":"20:23","ichaa":"21:53"},"3":{"fajr":"04:04","sunrise":"05:49","dohr":"13:11","asr":"16:53","maghreb":"20:24","ichaa":"21:54"},"4":{"fajr":"04:03","sunrise":"05:49","dohr":"13:11","asr":"16:53","maghreb":"20:24","ichaa":"21:55"},"5":{"fajr":"04:03","sunrise":"05:49","dohr":"13:11","asr":"16:53","maghreb":"20:25","ichaa":"21:56"},"6":{"fajr":"04:02","sunrise":"05:49","dohr":"13:11","asr":"16:53","maghreb":"20:25","ichaa":"21:56"},"7":{"fajr":"04:02","sunrise":"05:48","dohr":"13:12","asr":"16:53","maghreb":"20:26","ichaa":"21:57"},"8":{"fajr":"04:02","sunrise":"05:48","dohr":"13:12","asr":"16:54","maghreb":"20:26","ichaa":"21:58"},"9":{"fajr":"04:01","sunrise":"05:48","dohr":"13:12","asr":"16:54","maghreb":"20:27","ichaa":"21:58"},"10":{"fajr":"04:01","sunrise":"05:48","dohr":"13:12","asr":"16:54","maghreb":"20:27","ichaa":"21:59"},"11":{"fajr":"04:01","sunrise":"05:48","dohr":"13:12","asr":"16:54","maghreb":"20:28","ichaa":"22:00"},"12":{"fajr":"04:01","sunrise":"05:48","dohr":"13:13","asr":"16:54","maghreb":"20:28","ichaa":"22:00"},"13":{"fajr":"04:01","sunrise":"05:48","dohr":"13:13","asr":"16:55","maghreb":"20:28","ichaa":"22:01"},"14":{"fajr":"04:00","sunrise":"05:48","dohr":"13:13","asr":"16:55","maghreb":"20:29","ichaa":"22:01"},"15":{"fajr":"04:00","sunrise":"05:48","dohr":"13:13","asr":"16:55","maghreb":"20:29","ichaa":"22:02"},"16":{"fajr":"04:00","sunrise":"05:48","dohr":"13:13","asr":"16:55","maghreb":"20:30","ichaa":"22:02"},"17":{"fajr":"04:00","sunrise":"05:48","dohr":"13:14","asr":"16:56","maghreb":"20:30","ichaa":"22:02"},"18":{"fajr":"04:01","sunrise":"05:48","dohr":"13:14","asr":"16:56","maghreb":"20:30","ichaa":"22:03"},"19":{"fajr":"04:01","sunrise":"05:49","dohr":"13:14","asr":"16:56","maghreb":"20:30","ichaa":"22:03"},"20":{"fajr":"04:01","sunrise":"05:49","dohr":"13:14","asr":"16:56","maghreb":"20:31","ichaa":"22:03"},"21":{"fajr":"04:01","sunrise":"05:49","dohr":"13:15","asr":"16:56","maghreb":"20:31","ichaa":"22:03"},"22":{"fajr":"04:01","sunrise":"05:49","dohr":"13:15","asr":"16:57","maghreb":"20:31","ichaa":"22:04"},"23":{"fajr":"04:01","sunrise":"05:49","dohr":"13:15","asr":"16:57","maghreb":"20:31","ichaa":"22:04"},"24":{"fajr":"04:02","sunrise":"05:50","dohr":"13:15","asr":"16:57","maghreb":"20:31","ichaa":"22:04"},"25":{"fajr":"04:02","sunrise":"05:50","dohr":"13:15","asr":"16:57","maghreb":"20:31","ichaa":"22:04"},"26":{"fajr":"04:03","sunrise":"05:50","dohr":"13:16","asr":"16:57","maghreb":"20:32","ichaa":"22:04"},"27":{"fajr":"04:03","sunrise":"05:51","dohr":"13:16","asr":"16:58","maghreb":"20:32","ichaa":"22:04"},"28":{"fajr":"04:03","sunrise":"05:51","dohr":"13:16","asr":"16:58","maghreb":"20:32","ichaa":"22:04"},"29":{"fajr":"04:04","sunrise":"05:51","dohr":"13:16","asr":"16:58","maghreb":"20:32","ichaa":"22:04"},"30":{"fajr":"04:04","sunrise":"05:52","dohr":"13:16","asr":"16:58","maghreb":"20:32","ichaa":"22:03"}}