{"1":{"fajr":"04:05","sunrise":"05:52","dohr":"13:17","asr":"16:58","maghreb":"20:32","ichaa":"22:03"},"2":{"fajr":"04:06","sunrise":"05:53","dohr":"13:17","asr":"16:59","maghreb":"20:31","ichaa":"22:03"},"3":{"fajr":"04:06","sunrise":"05:53","dohr":"13:17","asr":"16:59","maghreb":"20:31","ichaa":"22:03"},"4":{"fajr":"04:07","sunrise":"05:54","dohr":"13:17","asr":"16:59","maghreb":"20:31","ichaa":"22:03"},"5":{"fajr":"04:08","sunrise":"05:54","dohr":"13:17","asr":"16:59","maghreb":"20:31","ichaa":"22:02"},"6":{"fajr":"04:08","sunrise":"05:55","dohr":"13:18","asr":"16:59","maghreb":"20:31","ichaa":"22:02"},"7":{"fajr":"04:09","sunrise":"05:55","dohr":"13:18","asr":"16:59","maghreb":"20:31","ichaa":"22:01"},"8":{"fajr":"04:10","sunrise":"05:56","dohr":"13:18","asr":"17:00","maghreb":"20:30","ichaa":"22:01"},"9":{"fajr":"04:11","sunrise":"05:56","dohr":"13:18","asr":"17:00","maghreb":"20:30","ichaa":"22:00"},"10":{"fajr":"04:12","sunrise":"05:57","dohr":"13:18","asr":"17:00","maghreb":"20:30","ichaa":"22:00"},"11":{"fajr":"04:12","sunrise":"05:58","dohr":"13:18","asr":"17:00","maghreb":"20:29","ichaa":"21:59"},"12":{"fajr":"04:13","sunrise":"05:58","dohr":"13:18","asr":"17:00","maghreb":"20:29","ichaa":"21:59"},"13":{"fajr":"04:14","sunrise":"05:59","dohr":"13:19","asr":"17:00","maghreb":"20:29","ichaa":"21:58"},"14":{"fajr":"04:15","sunrise":"05:59","dohr":"13:19","asr":"17:00","maghreb":"20:28","ichaa":"21:57"},"15":{"fajr":"04:16","sunrise":"06:00","dohr":"13:19","asr":"17:00","maghreb":"20:28","ichaa":"21:57"},"16":{"fajr":"04:17","sunrise":"06:01","dohr":"13:19","asr":"17:00","maghreb":"20:27","ichaa":"21:56"},"17":{"fajr":"04:18","sunrise":"06:01","dohr":"13:19","asr":"17:00","maghreb":"20:27","ichaa":"21:55"},"18":{"fajr":"04:19","sunrise":"06:02","dohr":"13:19","asr":"17:00","maghreb":"20:26","ichaa":"21:54"},"19":{"fajr":"04:20","sunrise":"06:03","dohr":"13:19","asr":"17:00","maghreb":"20:26","ichaa":"21:54"},"20":{"fajr":"04:21","sunrise":"06:03","dohr":"13:19","asr":"17:00","maghreb":"20:25","ichaa":"21:53"},"21":{"fajr":"04:22","sunrise":"06:04","dohr":"13:19","asr":"17:00","maghreb":"20:25","ichaa":"21:52"},"22":{"fajr":"04:23","sunrise":"06:05","dohr":"13:19","asr":"17:00","maghreb":"20:24","ichaa":"21:51"},"23":{"fajr":"04:24","sunrise":"06:05","dohr":"13:19","asr":"17:00","maghreb":"20:23","ichaa":"21:50"},"24":{"fajr":"04:25","sunrise":"06:06","dohr":"13:19","asr":"17:00","maghreb":"20:23","ichaa":"21:49"},"25":{"fajr":"04:26","sunrise":"06:07","dohr":"13:19","asr":"17:00","maghreb":"20:22","ichaa":"21:48"},"26":{"fajr":"04:28","sunrise":"06:08","dohr":"13:19","asr":"17:00","maghreb":"20:21","ichaa":"21:47"},"27":{"fajr":"04:29","sunrise":"06:08","dohr":"13:19","asr":"17:00","maghreb":"20:20","ichaa":"21:46"},"28":{"fajr":"04:30","sunrise":"06:09","dohr":"13:19","asr":"17:00","maghreb":"20:20","ichaa":"21:45"},"29":{"fajr":"04:31","sunrise":"06:10","dohr":"13:19","asr":"17:00","maghreb":"20:19","ichaa":"21:44"},"30":{"fajr":"04:32","sunrise":"06:11","dohr":"13:19","asr":"16:59","maghreb":"20:18","ichaa":"21:43"},"31":{"fajr":"04:33","sunrise":"06:11","dohr":"13:19","asr":"16:59","maghreb":"20:17","ichaa":"21:41"}}