{"1":{"fajr":"05:07","sunrise":"06:35","dohr":"13:13","asr":"16:45","maghreb":"19:40","ichaa":"20:56"},"2":{"fajr":"05:08","sunrise":"06:36","dohr":"13:12","asr":"16:44","maghreb":"19:39","ichaa":"20:54"},"3":{"fajr":"05:09","sunrise":"06:37","dohr":"13:12","asr":"16:43","maghreb":"19:37","ichaa":"20:53"},"4":{"fajr":"05:10","sunrise":"06:37","dohr":"13:12","asr":"16:43","maghreb":"19:36","ichaa":"20:51"},"5":{"fajr":"05:11","sunrise":"06:38","dohr":"13:11","asr":"16:42","maghreb":"19:35","ichaa":"20:50"},"6":{"fajr":"05:12","sunrise":"06:39","dohr":"13:11","asr":"16:41","maghreb":"19:33","ichaa":"20:48"},"7":{"fajr":"05:13","sunrise":"06:40","dohr":"13:11","asr":"16:40","maghreb":"19:32","ichaa":"20:47"},"8":{"fajr":"05:14","sunrise":"06:40","dohr":"13:10","asr":"16:40","maghreb":"19:30","ichaa":"20:45"},"9":{"fajr":"05:15","sunrise":"06:41","dohr":"13:10","asr":"16:39","maghreb":"19:29","ichaa":"20:44"},"10":{"fajr":"05:16","sunrise":"06:42","dohr":"13:10","asr":"16:38","maghreb":"19:28","ichaa":"20:42"},"11":{"fajr":"05:17","sunrise":"06:42","dohr":"13:09","asr":"16:37","maghreb":"19:26","ichaa":"20:40"},"12":{"fajr":"05:17","sunrise":"06:43","dohr":"13:09","asr":"16:36","maghreb":"19:25","ichaa":"20:39"},"13":{"fajr":"05:18","sunrise":"06:44","dohr":"13:09","asr":"16:35","maghreb":"19:23","ichaa":"20:37"},"14":{"fajr":"05:19","sunrise":"06:45","dohr":"13:08","asr":"16:35","maghreb":"19:22","ichaa":"20:36"},"15":{"fajr":"05:20","sunrise":"06:45","dohr":"13:08","asr":"16:34","maghreb":"19:20","ichaa":"20:34"},"16":{"fajr":"05:21","sunrise":"06:46","dohr":"13:07","asr":"16:33","maghreb":"19:19","ichaa":"20:33"},"17":{"fajr":"05:22","sunrise":"06:47","dohr":"13:07","asr":"16:32","maghreb":"19:18","ichaa":"20:31"},"18":{"fajr":"05:23","sunrise":"06:47","dohr":"13:07","asr":"16:31","maghreb":"19:16","ichaa":"20:30"},"19":{"fajr":"05:23","sunrise":"06:48","dohr":"13:06","asr":"16:30","maghreb":"19:15","ichaa":"20:28"},"20":{"fajr":"05:24","sunrise":"06:49","dohr":"13:06","asr":"16:29","maghreb":"19:13","ichaa":"20:27"},"21":{"fajr":"05:25","sunrise":"06:50","dohr":"13:06","asr":"16:28","maghreb":"19:12","ichaa":"20:25"},"22":{"fajr":"05:26","sunrise":"06:50","dohr":"13:05","asr":"16:27","maghreb":"19:10","ichaa":"20:24"},"23":{"fajr":"05:27","sunrise":"06:51","dohr":"13:05","asr":"16:26","maghreb":"19:09","ichaa":"20:22"},"24":{"fajr":"05:28","sunrise":"06:52","dohr":"13:05","asr":"16:26","maghreb":"19:08","ichaa":"20:21"},"25":{"fajr":"05:28","sunrise":"06:53","dohr":"13:04","asr":"16:25","maghreb":"19:06","ichaa":"20:19"},"26":{"fajr":"05:29","sunrise":"06:53","dohr":"13:04","asr":"16:24","maghreb":"19:05","ichaa":"20:18"},"27":{"fajr":"05:30","sunrise":"06:54","dohr":"13:04","asr":"16:23","maghreb":"19:03","ichaa":"20:16"},"28":{"fajr":"05:31","sunrise":"06:55","dohr":"13:03","asr":"16:22","maghreb":"19:02","ichaa":"20:15"},"29":{"fajr":"05:32","sunrise":"06:56","dohr":"13:03","asr":"16:21","maghreb":"19:00","ichaa":"20:13"},"30":{"fajr":"05:32","sunrise":"06:56","dohr":"13:03","asr":"16:20","maghreb":"18:59","ichaa":"20:12"}}