{"1":{"fajr":"04:15","sunrise":"06:00","dohr":"13:19","asr":"17:00","maghreb":"20:29","ichaa":"21:59"},"2":{"fajr":"04:15","sunrise":"05:59","dohr":"13:19","asr":"17:00","maghreb":"20:30","ichaa":"22:00"},"3":{"fajr":"04:14","sunrise":"05:59","dohr":"13:19","asr":"17:00","maghreb":"20:31","ichaa":"22:01"},"4":{"fajr":"04:14","sunrise":"05:59","dohr":"13:20","asr":"17:00","maghreb":"20:31","ichaa":"22:01"},"5":{"fajr":"04:13","sunrise":"05:59","dohr":"13:20","asr":"17:00","maghreb":"20:32","ichaa":"22:02"},"6":{"fajr":"04:13","sunrise":"05:58","dohr":"13:20","asr":"17:01","maghreb":"20:32","ichaa":"22:03"},"7":{"fajr":"04:13","sunrise":"05:58","dohr":"13:20","asr":"17:01","maghreb":"20:33","ichaa":"22:03"},"8":{"fajr":"04:12","sunrise":"05:58","dohr":"13:20","asr":"17:01","maghreb":"20:33","ichaa":"22:04"},"9":{"fajr":"04:12","sunrise":"05:58","dohr":"13:20","asr":"17:01","maghreb":"20:34","ichaa":"22:05"},"10":{"fajr":"04:12","sunrise":"05:58","dohr":"13:21","asr":"17:01","maghreb":"20:34","ichaa":"22:05"},"11":{"fajr":"04:12","sunrise":"05:58","dohr":"13:21","asr":"17:02","maghreb":"20:35","ichaa":"22:06"},"12":{"fajr":"04:11","sunrise":"05:58","dohr":"13:21","asr":"17:02","maghreb":"20:35","ichaa":"22:06"},"13":{"fajr":"04:11","sunrise":"05:58","dohr":"13:21","asr":"17:02","maghreb":"20:35","ichaa":"22:07"},"14":{"fajr":"04:11","sunrise":"05:58","dohr":"13:21","asr":"17:02","maghreb":"20:36","ichaa":"22:07"},"15":{"fajr":"04:11","sunrise":"05:58","dohr":"13:22","asr":"17:02","maghreb":"20:36","ichaa":"22:08"},"16":{"fajr":"04:11","sunrise":"05:58","dohr":"13:22","asr":"17:03","maghreb":"20:37","ichaa":"22:08"},"17":{"fajr":"04:11","sunrise":"05:58","dohr":"13:22","asr":"17:03","maghreb":"20:37","ichaa":"22:08"},"18":{"fajr":"04:11","sunrise":"05:58","dohr":"13:22","asr":"17:03","maghreb":"20:37","ichaa":"22:09"},"19":{"fajr":"04:11","sunrise":"05:58","dohr":"13:23","asr":"17:03","maghreb":"20:37","ichaa":"22:09"},"20":{"fajr":"04:12","sunrise":"05:59","dohr":"13:23","asr":"17:04","maghreb":"20:38","ichaa":"22:09"},"21":{"fajr":"04:12","sunrise":"05:59","dohr":"13:23","asr":"17:04","maghreb":"20:38","ichaa":"22:10"},"22":{"fajr":"04:12","sunrise":"05:59","dohr":"13:23","asr":"17:04","maghreb":"20:38","ichaa":"22:10"},"23":{"fajr":"04:12","sunrise":"05:59","dohr":"13:23","asr":"17:04","maghreb":"20:38","ichaa":"22:10"},"24":{"fajr":"04:13","sunrise":"06:00","dohr":"13:24","asr":"17:04","maghreb":"20:38","ichaa":"22:10"},"25":{"fajr":"04:13","sunrise":"06:00","dohr":"13:24","asr":"17:05","maghreb":"20:38","ichaa":"22:10"},"26":{"fajr":"04:13","sunrise":"06:00","dohr":"13:24","asr":"17:05","maghreb":"20:39","ichaa":"22:10"},"27":{"fajr":"04:14","sunrise":"06:01","dohr":"13:24","asr":"17:05","maghreb":"20:39","ichaa":"22:10"},"28":{"fajr":"04:14","sunrise":"06:01","dohr":"13:24","asr":"17:05","maghreb":"20:39","ichaa":"22:10"},"29":{"fajr":"04:15","sunrise":"06:01","dohr":"13:25","asr":"17:05","maghreb":"20:39","ichaa":"22:10"},"30":{"fajr":"04:15","sunrise":"06:02","dohr":"13:25","asr":"17:06","maghreb":"20:39","ichaa":"22:10"}}