{"1":{"fajr":"04:16","sunrise":"06:02","dohr":"13:25","asr":"17:06","maghreb":"20:39","ichaa":"22:10"},"2":{"fajr":"04:16","sunrise":"06:03","dohr":"13:25","asr":"17:06","maghreb":"20:38","ichaa":"22:09"},"3":{"fajr":"04:17","sunrise":"06:03","dohr":"13:25","asr":"17:06","maghreb":"20:38","ichaa":"22:09"},"4":{"fajr":"04:18","sunrise":"06:03","dohr":"13:26","asr":"17:06","maghreb":"20:38","ichaa":"22:09"},"5":{"fajr":"04:18","sunrise":"06:04","dohr":"13:26","asr":"17:06","maghreb":"20:38","ichaa":"22:08"},"6":{"fajr":"04:19","sunrise":"06:04","dohr":"13:26","asr":"17:07","maghreb":"20:38","ichaa":"22:08"},"7":{"fajr":"04:20","sunrise":"06:05","dohr":"13:26","asr":"17:07","maghreb":"20:38","ichaa":"22:08"},"8":{"fajr":"04:21","sunrise":"06:06","dohr":"13:26","asr":"17:07","maghreb":"20:37","ichaa":"22:07"},"9":{"fajr":"04:21","sunrise":"06:06","dohr":"13:26","asr":"17:07","maghreb":"20:37","ichaa":"22:07"},"10":{"fajr":"04:22","sunrise":"06:07","dohr":"13:27","asr":"17:07","maghreb":"20:37","ichaa":"22:06"},"11":{"fajr":"04:23","sunrise":"06:07","dohr":"13:27","asr":"17:07","maghreb":"20:37","ichaa":"22:06"},"12":{"fajr":"04:24","sunrise":"06:08","dohr":"13:27","asr":"17:07","maghreb":"20:36","ichaa":"22:05"},"13":{"fajr":"04:25","sunrise":"06:08","dohr":"13:27","asr":"17:07","maghreb":"20:36","ichaa":"22:04"},"14":{"fajr":"04:26","sunrise":"06:09","dohr":"13:27","asr":"17:08","maghreb":"20:35","ichaa":"22:04"},"15":{"fajr":"04:27","sunrise":"06:10","dohr":"13:27","asr":"17:08","maghreb":"20:35","ichaa":"22:03"},"16":{"fajr":"04:28","sunrise":"06:10","dohr":"13:27","asr":"17:08","maghreb":"20:34","ichaa":"22:02"},"17":{"fajr":"04:29","sunrise":"06:11","dohr":"13:27","asr":"17:08","maghreb":"20:34","ichaa":"22:02"},"18":{"fajr":"04:30","sunrise":"06:12","dohr":"13:27","asr":"17:08","maghreb":"20:33","ichaa":"22:01"},"19":{"fajr":"04:31","sunrise":"06:12","dohr":"13:27","asr":"17:08","maghreb":"20:33","ichaa":"22:00"},"20":{"fajr":"04:32","sunrise":"06:13","dohr":"13:28","asr":"17:08","maghreb":"20:32","ichaa":"21:59"},"21":{"fajr":"04:33","sunrise":"06:14","dohr":"13:28","asr":"17:08","maghreb":"20:32","ichaa":"21:58"},"22":{"fajr":"04:34","sunrise":"06:14","dohr":"13:28","asr":"17:08","maghreb":"20:31","ichaa":"21:57"},"23":{"fajr":"04:35","sunrise":"06:15","dohr":"13:28","asr":"17:08","maghreb":"20:30","ichaa":"21:57"},"24":{"fajr":"04:36","sunrise":"06:16","dohr":"13:28","asr":"17:08","maghreb":"20:30","ichaa":"21:56"},"25":{"fajr":"04:37","sunrise":"06:17","dohr":"13:28","asr":"17:08","maghreb":"20:29","ichaa":"21:55"},"26":{"fajr":"04:38","sunrise":"06:17","dohr":"13:28","asr":"17:08","maghreb":"20:28","ichaa":"21:54"},"27":{"fajr":"04:39","sunrise":"06:18","dohr":"13:28","asr":"17:07","maghreb":"20:28","ichaa":"21:53"},"28":{"fajr":"04:40","sunrise":"06:19","dohr":"13:28","asr":"17:07","maghreb":"20:27","ichaa":"21:51"},"29":{"fajr":"04:41","sunrise":"06:19","dohr":"13:28","asr":"17:07","maghreb":"20:26","ichaa":"21:50"},"30":{"fajr":"04:42","sunrise":"06:20","dohr":"13:28","asr":"17:07","maghreb":"20:25","ichaa":"21:49"},"31":{"fajr":"04:43","sunrise":"06:21","dohr":"13:28","asr":"17:07","maghreb":"20:24","ichaa":"21:48"}}