{"1":{"fajr":"05:32","sunrise":"06:53","dohr":"13:00","asr":"16:17","maghreb":"18:56","ichaa":"20:06"},"2":{"fajr":"05:33","sunrise":"06:54","dohr":"12:59","asr":"16:16","maghreb":"18:55","ichaa":"20:05"},"3":{"fajr":"05:34","sunrise":"06:54","dohr":"12:59","asr":"16:15","maghreb":"18:53","ichaa":"20:03"},"4":{"fajr":"05:34","sunrise":"06:55","dohr":"12:59","asr":"16:14","maghreb":"18:52","ichaa":"20:02"},"5":{"fajr":"05:35","sunrise":"06:56","dohr":"12:58","asr":"16:14","maghreb":"18:51","ichaa":"20:01"},"6":{"fajr":"05:36","sunrise":"06:56","dohr":"12:58","asr":"16:13","maghreb":"18:50","ichaa":"20:00"},"7":{"fajr":"05:36","sunrise":"06:57","dohr":"12:58","asr":"16:12","maghreb":"18:48","ichaa":"19:58"},"8":{"fajr":"05:37","sunrise":"06:58","dohr":"12:57","asr":"16:11","maghreb":"18:47","ichaa":"19:57"},"9":{"fajr":"05:38","sunrise":"06:58","dohr":"12:57","asr":"16:10","maghreb":"18:46","ichaa":"19:56"},"10":{"fajr":"05:38","sunrise":"06:59","dohr":"12:57","asr":"16:09","maghreb":"18:45","ichaa":"19:55"},"11":{"fajr":"05:39","sunrise":"07:00","dohr":"12:57","asr":"16:08","maghreb":"18:43","ichaa":"19:54"},"12":{"fajr":"05:40","sunrise":"07:01","dohr":"12:56","asr":"16:08","maghreb":"18:42","ichaa":"19:52"},"13":{"fajr":"05:40","sunrise":"07:01","dohr":"12:56","asr":"16:07","maghreb":"18:41","ichaa":"19:51"},"14":{"fajr":"05:41","sunrise":"07:02","dohr":"12:56","asr":"16:06","maghreb":"18:40","ichaa":"19:50"},"15":{"fajr":"05:42","sunrise":"07:03","dohr":"12:56","asr":"16:05","maghreb":"18:39","ichaa":"19:49"},"16":{"fajr":"05:43","sunrise":"07:03","dohr":"12:55","asr":"16:04","maghreb":"18:38","ichaa":"19:48"},"17":{"fajr":"05:43","sunrise":"07:04","dohr":"12:55","asr":"16:03","maghreb":"18:36","ichaa":"19:47"},"18":{"fajr":"05:44","sunrise":"07:05","dohr":"12:55","asr":"16:02","maghreb":"18:35","ichaa":"19:46"},"19":{"fajr":"05:45","sunrise":"07:06","dohr":"12:55","asr":"16:02","maghreb":"18:34","ichaa":"19:45"},"20":{"fajr":"05:45","sunrise":"07:06","dohr":"12:55","asr":"16:01","maghreb":"18:33","ichaa":"19:44"},"21":{"fajr":"05:46","sunrise":"07:07","dohr":"12:55","asr":"16:00","maghreb":"18:32","ichaa":"19:43"},"22":{"fajr":"05:47","sunrise":"07:08","dohr":"12:54","asr":"15:59","maghreb":"18:31","ichaa":"19:42"},"23":{"fajr":"05:47","sunrise":"07:09","dohr":"12:54","asr":"15:58","maghreb":"18:30","ichaa":"19:41"},"24":{"fajr":"05:48","sunrise":"07:09","dohr":"12:54","asr":"15:58","maghreb":"18:29","ichaa":"19:40"},"25":{"fajr":"05:49","sunrise":"07:10","dohr":"12:54","asr":"15:57","maghreb":"18:28","ichaa":"19:39"},"26":{"fajr":"05:49","sunrise":"07:11","dohr":"12:54","asr":"15:56","maghreb":"18:27","ichaa":"19:38"},"27":{"fajr":"05:50","sunrise":"07:12","dohr":"12:54","asr":"15:55","maghreb":"18:26","ichaa":"19:37"},"28":{"fajr":"05:51","sunrise":"07:13","dohr":"12:54","asr":"15:55","maghreb":"18:25","ichaa":"19:36"},"29":{"fajr":"05:52","sunrise":"07:13","dohr":"12:54","asr":"15:54","maghreb":"18:24","ichaa":"19:35"},"30":{"fajr":"05:52","sunrise":"07:14","dohr":"12:54","asr":"15:53","maghreb":"18:23","ichaa":"19:34"},"31":{"fajr":"05:53","sunrise":"07:15","dohr":"12:54","asr":"15:53","maghreb":"18:22","ichaa":"19:34"}}