{"1":{"fajr":"06:16","sunrise":"07:42","dohr":"12:59","asr":"15:41","maghreb":"18:07","ichaa":"19:22"},"2":{"fajr":"06:17","sunrise":"07:42","dohr":"12:59","asr":"15:41","maghreb":"18:07","ichaa":"19:22"},"3":{"fajr":"06:17","sunrise":"07:43","dohr":"13:00","asr":"15:41","maghreb":"18:07","ichaa":"19:22"},"4":{"fajr":"06:18","sunrise":"07:44","dohr":"13:00","asr":"15:41","maghreb":"18:07","ichaa":"19:22"},"5":{"fajr":"06:19","sunrise":"07:45","dohr":"13:01","asr":"15:41","maghreb":"18:07","ichaa":"19:22"},"6":{"fajr":"06:20","sunrise":"07:46","dohr":"13:01","asr":"15:41","maghreb":"18:07","ichaa":"19:22"},"7":{"fajr":"06:20","sunrise":"07:46","dohr":"13:01","asr":"15:42","maghreb":"18:07","ichaa":"19:22"},"8":{"fajr":"06:21","sunrise":"07:47","dohr":"13:02","asr":"15:42","maghreb":"18:07","ichaa":"19:22"},"9":{"fajr":"06:22","sunrise":"07:48","dohr":"13:02","asr":"15:42","maghreb":"18:07","ichaa":"19:23"},"10":{"fajr":"06:22","sunrise":"07:49","dohr":"13:03","asr":"15:42","maghreb":"18:07","ichaa":"19:23"},"11":{"fajr":"06:23","sunrise":"07:49","dohr":"13:03","asr":"15:42","maghreb":"18:08","ichaa":"19:23"},"12":{"fajr":"06:24","sunrise":"07:50","dohr":"13:04","asr":"15:43","maghreb":"18:08","ichaa":"19:23"},"13":{"fajr":"06:24","sunrise":"07:51","dohr":"13:04","asr":"15:43","maghreb":"18:08","ichaa":"19:24"},"14":{"fajr":"06:25","sunrise":"07:51","dohr":"13:05","asr":"15:43","maghreb":"18:09","ichaa":"19:24"},"15":{"fajr":"06:25","sunrise":"07:52","dohr":"13:05","asr":"15:44","maghreb":"18:09","ichaa":"19:25"},"16":{"fajr":"06:26","sunrise":"07:53","dohr":"13:06","asr":"15:44","maghreb":"18:09","ichaa":"19:25"},"17":{"fajr":"06:27","sunrise":"07:53","dohr":"13:06","asr":"15:45","maghreb":"18:10","ichaa":"19:25"},"18":{"fajr":"06:27","sunrise":"07:54","dohr":"13:07","asr":"15:45","maghreb":"18:10","ichaa":"19:26"},"19":{"fajr":"06:28","sunrise":"07:54","dohr":"13:07","asr":"15:45","maghreb":"18:10","ichaa":"19:26"},"20":{"fajr":"06:28","sunrise":"07:55","dohr":"13:08","asr":"15:46","maghreb":"18:11","ichaa":"19:27"},"21":{"fajr":"06:29","sunrise":"07:55","dohr":"13:08","asr":"15:46","maghreb":"18:11","ichaa":"19:27"},"22":{"fajr":"06:29","sunrise":"07:56","dohr":"13:09","asr":"15:47","maghreb":"18:12","ichaa":"19:28"},"23":{"fajr":"06:30","sunrise":"07:56","dohr":"13:09","asr":"15:47","maghreb":"18:12","ichaa":"19:28"},"24":{"fajr":"06:30","sunrise":"07:57","dohr":"13:10","asr":"15:48","maghreb":"18:13","ichaa":"19:29"},"25":{"fajr":"06:31","sunrise":"07:57","dohr":"13:10","asr":"15:48","maghreb":"18:14","ichaa":"19:29"},"26":{"fajr":"06:31","sunrise":"07:58","dohr":"13:11","asr":"15:49","maghreb":"18:14","ichaa":"19:30"},"27":{"fajr":"06:31","sunrise":"07:58","dohr":"13:11","asr":"15:50","maghreb":"18:15","ichaa":"19:30"},"28":{"fajr":"06:32","sunrise":"07:58","dohr":"13:12","asr":"15:50","maghreb":"18:15","ichaa":"19:31"},"29":{"fajr":"06:32","sunrise":"07:59","dohr":"13:12","asr":"15:51","maghreb":"18:16","ichaa":"19:32"},"30":{"fajr":"06:32","sunrise":"07:59","dohr":"13:13","asr":"15:52","maghreb":"18:17","ichaa":"19:32"},"31":{"fajr":"06:33","sunrise":"07:59","dohr":"13:13","asr":"15:52","maghreb":"18:17","ichaa":"19:33"}}