{"1":{"fajr":"05:25","sunrise":"06:47","dohr":"13:14","asr":"16:41","maghreb":"19:31","ichaa":"20:43"},"2":{"fajr":"05:23","sunrise":"06:46","dohr":"13:13","asr":"16:42","maghreb":"19:32","ichaa":"20:44"},"3":{"fajr":"05:22","sunrise":"06:45","dohr":"13:13","asr":"16:42","maghreb":"19:32","ichaa":"20:45"},"4":{"fajr":"05:21","sunrise":"06:44","dohr":"13:13","asr":"16:42","maghreb":"19:33","ichaa":"20:45"},"5":{"fajr":"05:19","sunrise":"06:42","dohr":"13:13","asr":"16:42","maghreb":"19:34","ichaa":"20:46"},"6":{"fajr":"05:18","sunrise":"06:41","dohr":"13:12","asr":"16:42","maghreb":"19:35","ichaa":"20:47"},"7":{"fajr":"05:16","sunrise":"06:40","dohr":"13:12","asr":"16:42","maghreb":"19:35","ichaa":"20:48"},"8":{"fajr":"05:15","sunrise":"06:39","dohr":"13:12","asr":"16:42","maghreb":"19:36","ichaa":"20:49"},"9":{"fajr":"05:13","sunrise":"06:37","dohr":"13:11","asr":"16:42","maghreb":"19:37","ichaa":"20:50"},"10":{"fajr":"05:12","sunrise":"06:36","dohr":"13:11","asr":"16:42","maghreb":"19:37","ichaa":"20:50"},"11":{"fajr":"05:10","sunrise":"06:35","dohr":"13:11","asr":"16:42","maghreb":"19:38","ichaa":"20:51"},"12":{"fajr":"05:09","sunrise":"06:34","dohr":"13:11","asr":"16:42","maghreb":"19:39","ichaa":"20:52"},"13":{"fajr":"05:08","sunrise":"06:32","dohr":"13:10","asr":"16:42","maghreb":"19:39","ichaa":"20:53"},"14":{"fajr":"05:06","sunrise":"06:31","dohr":"13:10","asr":"16:42","maghreb":"19:40","ichaa":"20:54"},"15":{"fajr":"05:05","sunrise":"06:30","dohr":"13:10","asr":"16:42","maghreb":"19:41","ichaa":"20:55"},"16":{"fajr":"05:03","sunrise":"06:29","dohr":"13:10","asr":"16:42","maghreb":"19:42","ichaa":"20:56"},"17":{"fajr":"05:02","sunrise":"06:28","dohr":"13:09","asr":"16:42","maghreb":"19:42","ichaa":"20:57"},"18":{"fajr":"05:01","sunrise":"06:27","dohr":"13:09","asr":"16:42","maghreb":"19:43","ichaa":"20:58"},"19":{"fajr":"04:59","sunrise":"06:25","dohr":"13:09","asr":"16:42","maghreb":"19:44","ichaa":"20:59"},"20":{"fajr":"04:58","sunrise":"06:24","dohr":"13:09","asr":"16:42","maghreb":"19:44","ichaa":"20:59"},"21":{"fajr":"04:56","sunrise":"06:23","dohr":"13:09","asr":"16:42","maghreb":"19:45","ichaa":"21:00"},"22":{"fajr":"04:55","sunrise":"06:22","dohr":"13:08","asr":"16:42","maghreb":"19:46","ichaa":"21:01"},"23":{"fajr":"04:54","sunrise":"06:21","dohr":"13:08","asr":"16:42","maghreb":"19:47","ichaa":"21:02"},"24":{"fajr":"04:52","sunrise":"06:20","dohr":"13:08","asr":"16:42","maghreb":"19:47","ichaa":"21:03"},"25":{"fajr":"04:51","sunrise":"06:19","dohr":"13:08","asr":"16:42","maghreb":"19:48","ichaa":"21:04"},"26":{"fajr":"04:50","sunrise":"06:18","dohr":"13:08","asr":"16:42","maghreb":"19:49","ichaa":"21:05"},"27":{"fajr":"04:48","sunrise":"06:17","dohr":"13:08","asr":"16:42","maghreb":"19:49","ichaa":"21:06"},"28":{"fajr":"04:47","sunrise":"06:16","dohr":"13:07","asr":"16:42","maghreb":"19:50","ichaa":"21:07"},"29":{"fajr":"04:46","sunrise":"06:15","dohr":"13:07","asr":"16:42","maghreb":"19:51","ichaa":"21:08"},"30":{"fajr":"04:44","sunrise":"06:14","dohr":"13:07","asr":"16:42","maghreb":"19:52","ichaa":"21:09"}}