{"1":{"fajr":"04:43","sunrise":"06:13","dohr":"13:07","asr":"16:42","maghreb":"19:52","ichaa":"21:10"},"2":{"fajr":"04:42","sunrise":"06:12","dohr":"13:07","asr":"16:42","maghreb":"19:53","ichaa":"21:11"},"3":{"fajr":"04:41","sunrise":"06:11","dohr":"13:07","asr":"16:42","maghreb":"19:54","ichaa":"21:12"},"4":{"fajr":"04:39","sunrise":"06:10","dohr":"13:07","asr":"16:42","maghreb":"19:54","ichaa":"21:13"},"5":{"fajr":"04:38","sunrise":"06:09","dohr":"13:07","asr":"16:42","maghreb":"19:55","ichaa":"21:14"},"6":{"fajr":"04:37","sunrise":"06:08","dohr":"13:07","asr":"16:42","maghreb":"19:56","ichaa":"21:15"},"7":{"fajr":"04:36","sunrise":"06:07","dohr":"13:06","asr":"16:42","maghreb":"19:57","ichaa":"21:16"},"8":{"fajr":"04:35","sunrise":"06:06","dohr":"13:06","asr":"16:42","maghreb":"19:57","ichaa":"21:17"},"9":{"fajr":"04:34","sunrise":"06:06","dohr":"13:06","asr":"16:42","maghreb":"19:58","ichaa":"21:18"},"10":{"fajr":"04:32","sunrise":"06:05","dohr":"13:06","asr":"16:42","maghreb":"19:59","ichaa":"21:19"},"11":{"fajr":"04:31","sunrise":"06:04","dohr":"13:06","asr":"16:42","maghreb":"20:00","ichaa":"21:20"},"12":{"fajr":"04:30","sunrise":"06:03","dohr":"13:06","asr":"16:42","maghreb":"20:00","ichaa":"21:21"},"13":{"fajr":"04:29","sunrise":"06:03","dohr":"13:06","asr":"16:42","maghreb":"20:01","ichaa":"21:22"},"14":{"fajr":"04:28","sunrise":"06:02","dohr":"13:06","asr":"16:42","maghreb":"20:02","ichaa":"21:23"},"15":{"fajr":"04:27","sunrise":"06:01","dohr":"13:06","asr":"16:42","maghreb":"20:02","ichaa":"21:24"},"16":{"fajr":"04:26","sunrise":"06:00","dohr":"13:06","asr":"16:42","maghreb":"20:03","ichaa":"21:25"},"17":{"fajr":"04:25","sunrise":"06:00","dohr":"13:06","asr":"16:42","maghreb":"20:04","ichaa":"21:26"},"18":{"fajr":"04:24","sunrise":"05:59","dohr":"13:06","asr":"16:42","maghreb":"20:04","ichaa":"21:27"},"19":{"fajr":"04:23","sunrise":"05:59","dohr":"13:06","asr":"16:42","maghreb":"20:05","ichaa":"21:28"},"20":{"fajr":"04:22","sunrise":"05:58","dohr":"13:06","asr":"16:43","maghreb":"20:06","ichaa":"21:28"},"21":{"fajr":"04:22","sunrise":"05:57","dohr":"13:07","asr":"16:43","maghreb":"20:07","ichaa":"21:29"},"22":{"fajr":"04:21","sunrise":"05:57","dohr":"13:07","asr":"16:43","maghreb":"20:07","ichaa":"21:30"},"23":{"fajr":"04:20","sunrise":"05:56","dohr":"13:07","asr":"16:43","maghreb":"20:08","ichaa":"21:31"},"24":{"fajr":"04:19","sunrise":"05:56","dohr":"13:07","asr":"16:43","maghreb":"20:09","ichaa":"21:32"},"25":{"fajr":"04:18","sunrise":"05:55","dohr":"13:07","asr":"16:43","maghreb":"20:09","ichaa":"21:33"},"26":{"fajr":"04:18","sunrise":"05:55","dohr":"13:07","asr":"16:43","maghreb":"20:10","ichaa":"21:34"},"27":{"fajr":"04:17","sunrise":"05:55","dohr":"13:07","asr":"16:43","maghreb":"20:10","ichaa":"21:35"},"28":{"fajr":"04:16","sunrise":"05:54","dohr":"13:07","asr":"16:43","maghreb":"20:11","ichaa":"21:35"},"29":{"fajr":"04:16","sunrise":"05:54","dohr":"13:07","asr":"16:43","maghreb":"20:12","ichaa":"21:36"},"30":{"fajr":"04:15","sunrise":"05:54","dohr":"13:08","asr":"16:44","maghreb":"20:12","ichaa":"21:37"},"31":{"fajr":"04:15","sunrise":"05:53","dohr":"13:08","asr":"16:44","maghreb":"20:13","ichaa":"21:38"}}