{"1":{"fajr":"04:14","sunrise":"05:53","dohr":"13:08","asr":"16:44","maghreb":"20:13","ichaa":"21:39"},"2":{"fajr":"04:14","sunrise":"05:53","dohr":"13:08","asr":"16:44","maghreb":"20:14","ichaa":"21:39"},"3":{"fajr":"04:13","sunrise":"05:53","dohr":"13:08","asr":"16:44","maghreb":"20:15","ichaa":"21:40"},"4":{"fajr":"04:13","sunrise":"05:52","dohr":"13:08","asr":"16:44","maghreb":"20:15","ichaa":"21:41"},"5":{"fajr":"04:12","sunrise":"05:52","dohr":"13:08","asr":"16:44","maghreb":"20:16","ichaa":"21:41"},"6":{"fajr":"04:12","sunrise":"05:52","dohr":"13:09","asr":"16:45","maghreb":"20:16","ichaa":"21:42"},"7":{"fajr":"04:12","sunrise":"05:52","dohr":"13:09","asr":"16:45","maghreb":"20:17","ichaa":"21:43"},"8":{"fajr":"04:12","sunrise":"05:52","dohr":"13:09","asr":"16:45","maghreb":"20:17","ichaa":"21:43"},"9":{"fajr":"04:11","sunrise":"05:52","dohr":"13:09","asr":"16:45","maghreb":"20:17","ichaa":"21:44"},"10":{"fajr":"04:11","sunrise":"05:52","dohr":"13:09","asr":"16:45","maghreb":"20:18","ichaa":"21:44"},"11":{"fajr":"04:11","sunrise":"05:52","dohr":"13:10","asr":"16:45","maghreb":"20:18","ichaa":"21:45"},"12":{"fajr":"04:11","sunrise":"05:52","dohr":"13:10","asr":"16:46","maghreb":"20:19","ichaa":"21:45"},"13":{"fajr":"04:11","sunrise":"05:52","dohr":"13:10","asr":"16:46","maghreb":"20:19","ichaa":"21:46"},"14":{"fajr":"04:11","sunrise":"05:52","dohr":"13:10","asr":"16:46","maghreb":"20:19","ichaa":"21:46"},"15":{"fajr":"04:11","sunrise":"05:52","dohr":"13:10","asr":"16:46","maghreb":"20:20","ichaa":"21:47"},"16":{"fajr":"04:11","sunrise":"05:52","dohr":"13:11","asr":"16:46","maghreb":"20:20","ichaa":"21:47"},"17":{"fajr":"04:11","sunrise":"05:52","dohr":"13:11","asr":"16:47","maghreb":"20:20","ichaa":"21:47"},"18":{"fajr":"04:11","sunrise":"05:52","dohr":"13:11","asr":"16:47","maghreb":"20:21","ichaa":"21:48"},"19":{"fajr":"04:11","sunrise":"05:52","dohr":"13:11","asr":"16:47","maghreb":"20:21","ichaa":"21:48"},"20":{"fajr":"04:11","sunrise":"05:52","dohr":"13:12","asr":"16:47","maghreb":"20:21","ichaa":"21:48"},"21":{"fajr":"04:11","sunrise":"05:53","dohr":"13:12","asr":"16:47","maghreb":"20:21","ichaa":"21:49"},"22":{"fajr":"04:12","sunrise":"05:53","dohr":"13:12","asr":"16:48","maghreb":"20:22","ichaa":"21:49"},"23":{"fajr":"04:12","sunrise":"05:53","dohr":"13:12","asr":"16:48","maghreb":"20:22","ichaa":"21:49"},"24":{"fajr":"04:12","sunrise":"05:53","dohr":"13:12","asr":"16:48","maghreb":"20:22","ichaa":"21:49"},"25":{"fajr":"04:12","sunrise":"05:54","dohr":"13:13","asr":"16:48","maghreb":"20:22","ichaa":"21:49"},"26":{"fajr":"04:13","sunrise":"05:54","dohr":"13:13","asr":"16:49","maghreb":"20:22","ichaa":"21:49"},"27":{"fajr":"04:13","sunrise":"05:54","dohr":"13:13","asr":"16:49","maghreb":"20:22","ichaa":"21:49"},"28":{"fajr":"04:14","sunrise":"05:55","dohr":"13:13","asr":"16:49","maghreb":"20:22","ichaa":"21:49"},"29":{"fajr":"04:14","sunrise":"05:55","dohr":"13:13","asr":"16:49","maghreb":"20:22","ichaa":"21:49"},"30":{"fajr":"04:15","sunrise":"05:55","dohr":"13:14","asr":"16:49","maghreb":"20:22","ichaa":"21:49"}}