{"1":{"fajr":"04:15","sunrise":"05:56","dohr":"13:14","asr":"16:50","maghreb":"20:22","ichaa":"21:49"},"2":{"fajr":"04:16","sunrise":"05:56","dohr":"13:14","asr":"16:50","maghreb":"20:22","ichaa":"21:49"},"3":{"fajr":"04:16","sunrise":"05:57","dohr":"13:14","asr":"16:50","maghreb":"20:22","ichaa":"21:48"},"4":{"fajr":"04:17","sunrise":"05:57","dohr":"13:14","asr":"16:50","maghreb":"20:22","ichaa":"21:48"},"5":{"fajr":"04:18","sunrise":"05:58","dohr":"13:15","asr":"16:50","maghreb":"20:22","ichaa":"21:48"},"6":{"fajr":"04:18","sunrise":"05:58","dohr":"13:15","asr":"16:51","maghreb":"20:22","ichaa":"21:48"},"7":{"fajr":"04:19","sunrise":"05:59","dohr":"13:15","asr":"16:51","maghreb":"20:22","ichaa":"21:47"},"8":{"fajr":"04:20","sunrise":"05:59","dohr":"13:15","asr":"16:51","maghreb":"20:21","ichaa":"21:47"},"9":{"fajr":"04:20","sunrise":"06:00","dohr":"13:15","asr":"16:51","maghreb":"20:21","ichaa":"21:46"},"10":{"fajr":"04:21","sunrise":"06:00","dohr":"13:15","asr":"16:51","maghreb":"20:21","ichaa":"21:46"},"11":{"fajr":"04:22","sunrise":"06:01","dohr":"13:15","asr":"16:51","maghreb":"20:21","ichaa":"21:45"},"12":{"fajr":"04:23","sunrise":"06:01","dohr":"13:16","asr":"16:52","maghreb":"20:20","ichaa":"21:45"},"13":{"fajr":"04:23","sunrise":"06:02","dohr":"13:16","asr":"16:52","maghreb":"20:20","ichaa":"21:44"},"14":{"fajr":"04:24","sunrise":"06:02","dohr":"13:16","asr":"16:52","maghreb":"20:20","ichaa":"21:44"},"15":{"fajr":"04:25","sunrise":"06:03","dohr":"13:16","asr":"16:52","maghreb":"20:19","ichaa":"21:43"},"16":{"fajr":"04:26","sunrise":"06:04","dohr":"13:16","asr":"16:52","maghreb":"20:19","ichaa":"21:43"},"17":{"fajr":"04:27","sunrise":"06:04","dohr":"13:16","asr":"16:52","maghreb":"20:18","ichaa":"21:42"},"18":{"fajr":"04:28","sunrise":"06:05","dohr":"13:16","asr":"16:52","maghreb":"20:18","ichaa":"21:41"},"19":{"fajr":"04:29","sunrise":"06:05","dohr":"13:16","asr":"16:52","maghreb":"20:17","ichaa":"21:40"},"20":{"fajr":"04:30","sunrise":"06:06","dohr":"13:16","asr":"16:52","maghreb":"20:17","ichaa":"21:40"},"21":{"fajr":"04:30","sunrise":"06:07","dohr":"13:16","asr":"16:52","maghreb":"20:16","ichaa":"21:39"},"22":{"fajr":"04:31","sunrise":"06:07","dohr":"13:16","asr":"16:52","maghreb":"20:16","ichaa":"21:38"},"23":{"fajr":"04:32","sunrise":"06:08","dohr":"13:16","asr":"16:52","maghreb":"20:15","ichaa":"21:37"},"24":{"fajr":"04:33","sunrise":"06:09","dohr":"13:16","asr":"16:52","maghreb":"20:14","ichaa":"21:36"},"25":{"fajr":"04:34","sunrise":"06:09","dohr":"13:16","asr":"16:52","maghreb":"20:14","ichaa":"21:36"},"26":{"fajr":"04:35","sunrise":"06:10","dohr":"13:16","asr":"16:52","maghreb":"20:13","ichaa":"21:35"},"27":{"fajr":"04:36","sunrise":"06:11","dohr":"13:16","asr":"16:52","maghreb":"20:12","ichaa":"21:34"},"28":{"fajr":"04:37","sunrise":"06:11","dohr":"13:16","asr":"16:52","maghreb":"20:12","ichaa":"21:33"},"29":{"fajr":"04:38","sunrise":"06:12","dohr":"13:16","asr":"16:52","maghreb":"20:11","ichaa":"21:32"},"30":{"fajr":"04:39","sunrise":"06:13","dohr":"13:16","asr":"16:52","maghreb":"20:10","ichaa":"21:31"},"31":{"fajr":"04:40","sunrise":"06:13","dohr":"13:16","asr":"16:52","maghreb":"20:09","ichaa":"21:30"}}