{"1":{"fajr":"06:48","sunrise":"08:17","dohr":"13:25","asr":"15:58","maghreb":"18:24","ichaa":"19:42"},"2":{"fajr":"06:48","sunrise":"08:17","dohr":"13:26","asr":"15:59","maghreb":"18:24","ichaa":"19:42"},"3":{"fajr":"06:49","sunrise":"08:18","dohr":"13:26","asr":"16:00","maghreb":"18:25","ichaa":"19:43"},"4":{"fajr":"06:49","sunrise":"08:18","dohr":"13:26","asr":"16:01","maghreb":"18:26","ichaa":"19:44"},"5":{"fajr":"06:49","sunrise":"08:18","dohr":"13:27","asr":"16:01","maghreb":"18:27","ichaa":"19:44"},"6":{"fajr":"06:49","sunrise":"08:18","dohr":"13:27","asr":"16:02","maghreb":"18:28","ichaa":"19:45"},"7":{"fajr":"06:49","sunrise":"08:18","dohr":"13:28","asr":"16:03","maghreb":"18:29","ichaa":"19:46"},"8":{"fajr":"06:49","sunrise":"08:18","dohr":"13:28","asr":"16:04","maghreb":"18:29","ichaa":"19:47"},"9":{"fajr":"06:49","sunrise":"08:18","dohr":"13:29","asr":"16:05","maghreb":"18:30","ichaa":"19:48"},"10":{"fajr":"06:49","sunrise":"08:18","dohr":"13:29","asr":"16:05","maghreb":"18:31","ichaa":"19:48"},"11":{"fajr":"06:49","sunrise":"08:18","dohr":"13:29","asr":"16:06","maghreb":"18:32","ichaa":"19:49"},"12":{"fajr":"06:49","sunrise":"08:17","dohr":"13:30","asr":"16:07","maghreb":"18:33","ichaa":"19:50"},"13":{"fajr":"06:49","sunrise":"08:17","dohr":"13:30","asr":"16:08","maghreb":"18:34","ichaa":"19:51"},"14":{"fajr":"06:49","sunrise":"08:17","dohr":"13:31","asr":"16:09","maghreb":"18:35","ichaa":"19:52"},"15":{"fajr":"06:49","sunrise":"08:17","dohr":"13:31","asr":"16:10","maghreb":"18:36","ichaa":"19:52"},"16":{"fajr":"06:49","sunrise":"08:17","dohr":"13:31","asr":"16:11","maghreb":"18:37","ichaa":"19:53"},"17":{"fajr":"06:49","sunrise":"08:16","dohr":"13:32","asr":"16:11","maghreb":"18:38","ichaa":"19:54"},"18":{"fajr":"06:49","sunrise":"08:16","dohr":"13:32","asr":"16:12","maghreb":"18:39","ichaa":"19:55"},"19":{"fajr":"06:48","sunrise":"08:16","dohr":"13:32","asr":"16:13","maghreb":"18:40","ichaa":"19:56"},"20":{"fajr":"06:48","sunrise":"08:15","dohr":"13:32","asr":"16:14","maghreb":"18:41","ichaa":"19:57"},"21":{"fajr":"06:48","sunrise":"08:15","dohr":"13:33","asr":"16:15","maghreb":"18:42","ichaa":"19:58"},"22":{"fajr":"06:48","sunrise":"08:14","dohr":"13:33","asr":"16:16","maghreb":"18:43","ichaa":"19:58"},"23":{"fajr":"06:47","sunrise":"08:14","dohr":"13:33","asr":"16:17","maghreb":"18:44","ichaa":"19:59"},"24":{"fajr":"06:47","sunrise":"08:13","dohr":"13:34","asr":"16:18","maghreb":"18:45","ichaa":"20:00"},"25":{"fajr":"06:46","sunrise":"08:13","dohr":"13:34","asr":"16:18","maghreb":"18:46","ichaa":"20:01"},"26":{"fajr":"06:46","sunrise":"08:12","dohr":"13:34","asr":"16:19","maghreb":"18:47","ichaa":"20:02"},"27":{"fajr":"06:46","sunrise":"08:12","dohr":"13:34","asr":"16:20","maghreb":"18:48","ichaa":"20:03"},"28":{"fajr":"06:45","sunrise":"08:11","dohr":"13:34","asr":"16:21","maghreb":"18:49","ichaa":"20:04"},"29":{"fajr":"06:45","sunrise":"08:10","dohr":"13:35","asr":"16:22","maghreb":"18:50","ichaa":"20:05"},"30":{"fajr":"06:44","sunrise":"08:10","dohr":"13:35","asr":"16:23","maghreb":"18:51","ichaa":"20:05"},"31":{"fajr":"06:43","sunrise":"08:09","dohr":"13:35","asr":"16:24","maghreb":"18:52","ichaa":"20:06"}}