{"1":{"fajr":"05:32","sunrise":"06:57","dohr":"13:25","asr":"16:54","maghreb":"19:44","ichaa":"20:58"},"2":{"fajr":"05:30","sunrise":"06:56","dohr":"13:25","asr":"16:54","maghreb":"19:45","ichaa":"20:59"},"3":{"fajr":"05:29","sunrise":"06:55","dohr":"13:25","asr":"16:54","maghreb":"19:46","ichaa":"21:00"},"4":{"fajr":"05:27","sunrise":"06:53","dohr":"13:24","asr":"16:54","maghreb":"19:47","ichaa":"21:01"},"5":{"fajr":"05:26","sunrise":"06:52","dohr":"13:24","asr":"16:55","maghreb":"19:47","ichaa":"21:02"},"6":{"fajr":"05:24","sunrise":"06:51","dohr":"13:24","asr":"16:55","maghreb":"19:48","ichaa":"21:03"},"7":{"fajr":"05:23","sunrise":"06:49","dohr":"13:23","asr":"16:55","maghreb":"19:49","ichaa":"21:04"},"8":{"fajr":"05:21","sunrise":"06:48","dohr":"13:23","asr":"16:55","maghreb":"19:50","ichaa":"21:05"},"9":{"fajr":"05:19","sunrise":"06:46","dohr":"13:23","asr":"16:55","maghreb":"19:50","ichaa":"21:06"},"10":{"fajr":"05:18","sunrise":"06:45","dohr":"13:23","asr":"16:55","maghreb":"19:51","ichaa":"21:07"},"11":{"fajr":"05:16","sunrise":"06:44","dohr":"13:22","asr":"16:55","maghreb":"19:52","ichaa":"21:08"},"12":{"fajr":"05:15","sunrise":"06:42","dohr":"13:22","asr":"16:56","maghreb":"19:53","ichaa":"21:09"},"13":{"fajr":"05:13","sunrise":"06:41","dohr":"13:22","asr":"16:56","maghreb":"19:54","ichaa":"21:10"},"14":{"fajr":"05:12","sunrise":"06:40","dohr":"13:22","asr":"16:56","maghreb":"19:54","ichaa":"21:11"},"15":{"fajr":"05:10","sunrise":"06:39","dohr":"13:21","asr":"16:56","maghreb":"19:55","ichaa":"21:12"},"16":{"fajr":"05:08","sunrise":"06:37","dohr":"13:21","asr":"16:56","maghreb":"19:56","ichaa":"21:13"},"17":{"fajr":"05:07","sunrise":"06:36","dohr":"13:21","asr":"16:56","maghreb":"19:57","ichaa":"21:14"},"18":{"fajr":"05:05","sunrise":"06:35","dohr":"13:21","asr":"16:56","maghreb":"19:58","ichaa":"21:15"},"19":{"fajr":"05:04","sunrise":"06:34","dohr":"13:20","asr":"16:56","maghreb":"19:58","ichaa":"21:16"},"20":{"fajr":"05:02","sunrise":"06:32","dohr":"13:20","asr":"16:56","maghreb":"19:59","ichaa":"21:17"},"21":{"fajr":"05:01","sunrise":"06:31","dohr":"13:20","asr":"16:56","maghreb":"20:00","ichaa":"21:18"},"22":{"fajr":"04:59","sunrise":"06:30","dohr":"13:20","asr":"16:56","maghreb":"20:01","ichaa":"21:20"},"23":{"fajr":"04:58","sunrise":"06:29","dohr":"13:20","asr":"16:57","maghreb":"20:02","ichaa":"21:21"},"24":{"fajr":"04:56","sunrise":"06:28","dohr":"13:19","asr":"16:57","maghreb":"20:03","ichaa":"21:22"},"25":{"fajr":"04:55","sunrise":"06:26","dohr":"13:19","asr":"16:57","maghreb":"20:03","ichaa":"21:23"},"26":{"fajr":"04:53","sunrise":"06:25","dohr":"13:19","asr":"16:57","maghreb":"20:04","ichaa":"21:24"},"27":{"fajr":"04:52","sunrise":"06:24","dohr":"13:19","asr":"16:57","maghreb":"20:05","ichaa":"21:25"},"28":{"fajr":"04:50","sunrise":"06:23","dohr":"13:19","asr":"16:57","maghreb":"20:06","ichaa":"21:26"},"29":{"fajr":"04:49","sunrise":"06:22","dohr":"13:19","asr":"16:57","maghreb":"20:07","ichaa":"21:27"},"30":{"fajr":"04:48","sunrise":"06:21","dohr":"13:19","asr":"16:57","maghreb":"20:07","ichaa":"21:28"}}