{"1":{"fajr":"04:56","sunrise":"06:28","dohr":"13:28","asr":"17:02","maghreb":"20:19","ichaa":"21:38"},"2":{"fajr":"04:57","sunrise":"06:28","dohr":"13:28","asr":"17:02","maghreb":"20:19","ichaa":"21:37"},"3":{"fajr":"04:58","sunrise":"06:29","dohr":"13:28","asr":"17:02","maghreb":"20:18","ichaa":"21:36"},"4":{"fajr":"04:59","sunrise":"06:29","dohr":"13:28","asr":"17:02","maghreb":"20:17","ichaa":"21:35"},"5":{"fajr":"05:00","sunrise":"06:30","dohr":"13:28","asr":"17:02","maghreb":"20:16","ichaa":"21:34"},"6":{"fajr":"05:01","sunrise":"06:31","dohr":"13:28","asr":"17:02","maghreb":"20:15","ichaa":"21:33"},"7":{"fajr":"05:02","sunrise":"06:31","dohr":"13:28","asr":"17:02","maghreb":"20:14","ichaa":"21:31"},"8":{"fajr":"05:03","sunrise":"06:32","dohr":"13:28","asr":"17:01","maghreb":"20:13","ichaa":"21:30"},"9":{"fajr":"05:04","sunrise":"06:33","dohr":"13:28","asr":"17:01","maghreb":"20:12","ichaa":"21:29"},"10":{"fajr":"05:05","sunrise":"06:33","dohr":"13:27","asr":"17:01","maghreb":"20:11","ichaa":"21:28"},"11":{"fajr":"05:06","sunrise":"06:34","dohr":"13:27","asr":"17:01","maghreb":"20:11","ichaa":"21:27"},"12":{"fajr":"05:07","sunrise":"06:35","dohr":"13:27","asr":"17:00","maghreb":"20:10","ichaa":"21:25"},"13":{"fajr":"05:07","sunrise":"06:35","dohr":"13:27","asr":"17:00","maghreb":"20:09","ichaa":"21:24"},"14":{"fajr":"05:08","sunrise":"06:36","dohr":"13:27","asr":"17:00","maghreb":"20:08","ichaa":"21:23"},"15":{"fajr":"05:09","sunrise":"06:37","dohr":"13:27","asr":"17:00","maghreb":"20:06","ichaa":"21:22"},"16":{"fajr":"05:10","sunrise":"06:37","dohr":"13:26","asr":"16:59","maghreb":"20:05","ichaa":"21:20"},"17":{"fajr":"05:11","sunrise":"06:38","dohr":"13:26","asr":"16:59","maghreb":"20:04","ichaa":"21:19"},"18":{"fajr":"05:12","sunrise":"06:38","dohr":"13:26","asr":"16:59","maghreb":"20:03","ichaa":"21:18"},"19":{"fajr":"05:13","sunrise":"06:39","dohr":"13:26","asr":"16:58","maghreb":"20:02","ichaa":"21:17"},"20":{"fajr":"05:14","sunrise":"06:40","dohr":"13:25","asr":"16:58","maghreb":"20:01","ichaa":"21:15"},"21":{"fajr":"05:15","sunrise":"06:40","dohr":"13:25","asr":"16:57","maghreb":"20:00","ichaa":"21:14"},"22":{"fajr":"05:16","sunrise":"06:41","dohr":"13:25","asr":"16:57","maghreb":"19:59","ichaa":"21:13"},"23":{"fajr":"05:16","sunrise":"06:42","dohr":"13:25","asr":"16:56","maghreb":"19:58","ichaa":"21:11"},"24":{"fajr":"05:17","sunrise":"06:42","dohr":"13:24","asr":"16:56","maghreb":"19:57","ichaa":"21:10"},"25":{"fajr":"05:18","sunrise":"06:43","dohr":"13:24","asr":"16:56","maghreb":"19:55","ichaa":"21:09"},"26":{"fajr":"05:19","sunrise":"06:43","dohr":"13:24","asr":"16:55","maghreb":"19:54","ichaa":"21:07"},"27":{"fajr":"05:20","sunrise":"06:44","dohr":"13:24","asr":"16:55","maghreb":"19:53","ichaa":"21:06"},"28":{"fajr":"05:21","sunrise":"06:45","dohr":"13:23","asr":"16:54","maghreb":"19:52","ichaa":"21:04"},"29":{"fajr":"05:21","sunrise":"06:45","dohr":"13:23","asr":"16:53","maghreb":"19:51","ichaa":"21:03"},"30":{"fajr":"05:22","sunrise":"06:46","dohr":"13:23","asr":"16:53","maghreb":"19:49","ichaa":"21:02"},"31":{"fajr":"05:23","sunrise":"06:46","dohr":"13:22","asr":"16:52","maghreb":"19:48","ichaa":"21:00"}}