{"1":{"fajr":"06:02","sunrise":"07:30","dohr":"13:00","asr":"15:54","maghreb":"18:22","ichaa":"19:38"},"2":{"fajr":"06:03","sunrise":"07:30","dohr":"13:00","asr":"15:53","maghreb":"18:21","ichaa":"19:37"},"3":{"fajr":"06:03","sunrise":"07:31","dohr":"13:00","asr":"15:53","maghreb":"18:20","ichaa":"19:36"},"4":{"fajr":"06:04","sunrise":"07:32","dohr":"13:00","asr":"15:52","maghreb":"18:19","ichaa":"19:35"},"5":{"fajr":"06:05","sunrise":"07:33","dohr":"13:00","asr":"15:51","maghreb":"18:18","ichaa":"19:35"},"6":{"fajr":"06:06","sunrise":"07:34","dohr":"13:00","asr":"15:51","maghreb":"18:17","ichaa":"19:34"},"7":{"fajr":"06:07","sunrise":"07:35","dohr":"13:00","asr":"15:50","maghreb":"18:16","ichaa":"19:33"},"8":{"fajr":"06:08","sunrise":"07:36","dohr":"13:00","asr":"15:49","maghreb":"18:15","ichaa":"19:33"},"9":{"fajr":"06:08","sunrise":"07:37","dohr":"13:01","asr":"15:49","maghreb":"18:14","ichaa":"19:32"},"10":{"fajr":"06:09","sunrise":"07:38","dohr":"13:01","asr":"15:48","maghreb":"18:14","ichaa":"19:31"},"11":{"fajr":"06:10","sunrise":"07:39","dohr":"13:01","asr":"15:47","maghreb":"18:13","ichaa":"19:31"},"12":{"fajr":"06:11","sunrise":"07:40","dohr":"13:01","asr":"15:47","maghreb":"18:12","ichaa":"19:30"},"13":{"fajr":"06:12","sunrise":"07:41","dohr":"13:01","asr":"15:46","maghreb":"18:12","ichaa":"19:29"},"14":{"fajr":"06:13","sunrise":"07:42","dohr":"13:01","asr":"15:46","maghreb":"18:11","ichaa":"19:29"},"15":{"fajr":"06:13","sunrise":"07:43","dohr":"13:01","asr":"15:45","maghreb":"18:10","ichaa":"19:28"},"16":{"fajr":"06:14","sunrise":"07:44","dohr":"13:02","asr":"15:45","maghreb":"18:10","ichaa":"19:28"},"17":{"fajr":"06:15","sunrise":"07:45","dohr":"13:02","asr":"15:44","maghreb":"18:09","ichaa":"19:28"},"18":{"fajr":"06:16","sunrise":"07:46","dohr":"13:02","asr":"15:44","maghreb":"18:09","ichaa":"19:27"},"19":{"fajr":"06:17","sunrise":"07:47","dohr":"13:02","asr":"15:44","maghreb":"18:08","ichaa":"19:27"},"20":{"fajr":"06:18","sunrise":"07:48","dohr":"13:02","asr":"15:43","maghreb":"18:08","ichaa":"19:26"},"21":{"fajr":"06:18","sunrise":"07:49","dohr":"13:03","asr":"15:43","maghreb":"18:07","ichaa":"19:26"},"22":{"fajr":"06:19","sunrise":"07:50","dohr":"13:03","asr":"15:43","maghreb":"18:07","ichaa":"19:26"},"23":{"fajr":"06:20","sunrise":"07:51","dohr":"13:03","asr":"15:42","maghreb":"18:06","ichaa":"19:25"},"24":{"fajr":"06:21","sunrise":"07:52","dohr":"13:03","asr":"15:42","maghreb":"18:06","ichaa":"19:25"},"25":{"fajr":"06:22","sunrise":"07:53","dohr":"13:04","asr":"15:42","maghreb":"18:06","ichaa":"19:25"},"26":{"fajr":"06:23","sunrise":"07:54","dohr":"13:04","asr":"15:42","maghreb":"18:05","ichaa":"19:25"},"27":{"fajr":"06:23","sunrise":"07:54","dohr":"13:04","asr":"15:41","maghreb":"18:05","ichaa":"19:25"},"28":{"fajr":"06:24","sunrise":"07:55","dohr":"13:05","asr":"15:41","maghreb":"18:05","ichaa":"19:25"},"29":{"fajr":"06:25","sunrise":"07:56","dohr":"13:05","asr":"15:41","maghreb":"18:05","ichaa":"19:24"},"30":{"fajr":"06:26","sunrise":"07:57","dohr":"13:05","asr":"15:41","maghreb":"18:04","ichaa":"19:24"}}