{"1":{"fajr":"06:26","sunrise":"07:58","dohr":"13:06","asr":"15:41","maghreb":"18:04","ichaa":"19:24"},"2":{"fajr":"06:27","sunrise":"07:59","dohr":"13:06","asr":"15:41","maghreb":"18:04","ichaa":"19:24"},"3":{"fajr":"06:28","sunrise":"08:00","dohr":"13:07","asr":"15:41","maghreb":"18:04","ichaa":"19:24"},"4":{"fajr":"06:29","sunrise":"08:01","dohr":"13:07","asr":"15:41","maghreb":"18:04","ichaa":"19:24"},"5":{"fajr":"06:30","sunrise":"08:02","dohr":"13:07","asr":"15:41","maghreb":"18:04","ichaa":"19:24"},"6":{"fajr":"06:30","sunrise":"08:02","dohr":"13:08","asr":"15:41","maghreb":"18:04","ichaa":"19:25"},"7":{"fajr":"06:31","sunrise":"08:03","dohr":"13:08","asr":"15:41","maghreb":"18:04","ichaa":"19:25"},"8":{"fajr":"06:32","sunrise":"08:04","dohr":"13:09","asr":"15:41","maghreb":"18:04","ichaa":"19:25"},"9":{"fajr":"06:32","sunrise":"08:05","dohr":"13:09","asr":"15:41","maghreb":"18:04","ichaa":"19:25"},"10":{"fajr":"06:33","sunrise":"08:06","dohr":"13:10","asr":"15:42","maghreb":"18:04","ichaa":"19:25"},"11":{"fajr":"06:34","sunrise":"08:06","dohr":"13:10","asr":"15:42","maghreb":"18:05","ichaa":"19:26"},"12":{"fajr":"06:34","sunrise":"08:07","dohr":"13:11","asr":"15:42","maghreb":"18:05","ichaa":"19:26"},"13":{"fajr":"06:35","sunrise":"08:08","dohr":"13:11","asr":"15:42","maghreb":"18:05","ichaa":"19:26"},"14":{"fajr":"06:36","sunrise":"08:08","dohr":"13:11","asr":"15:43","maghreb":"18:05","ichaa":"19:26"},"15":{"fajr":"06:36","sunrise":"08:09","dohr":"13:12","asr":"15:43","maghreb":"18:06","ichaa":"19:27"},"16":{"fajr":"06:37","sunrise":"08:10","dohr":"13:12","asr":"15:43","maghreb":"18:06","ichaa":"19:27"},"17":{"fajr":"06:38","sunrise":"08:10","dohr":"13:13","asr":"15:44","maghreb":"18:06","ichaa":"19:28"},"18":{"fajr":"06:38","sunrise":"08:11","dohr":"13:13","asr":"15:44","maghreb":"18:07","ichaa":"19:28"},"19":{"fajr":"06:39","sunrise":"08:11","dohr":"13:14","asr":"15:45","maghreb":"18:07","ichaa":"19:28"},"20":{"fajr":"06:39","sunrise":"08:12","dohr":"13:14","asr":"15:45","maghreb":"18:08","ichaa":"19:29"},"21":{"fajr":"06:40","sunrise":"08:13","dohr":"13:15","asr":"15:46","maghreb":"18:08","ichaa":"19:29"},"22":{"fajr":"06:40","sunrise":"08:13","dohr":"13:15","asr":"15:46","maghreb":"18:09","ichaa":"19:30"},"23":{"fajr":"06:41","sunrise":"08:13","dohr":"13:16","asr":"15:47","maghreb":"18:09","ichaa":"19:30"},"24":{"fajr":"06:41","sunrise":"08:14","dohr":"13:16","asr":"15:47","maghreb":"18:10","ichaa":"19:31"},"25":{"fajr":"06:42","sunrise":"08:14","dohr":"13:17","asr":"15:48","maghreb":"18:10","ichaa":"19:32"},"26":{"fajr":"06:42","sunrise":"08:15","dohr":"13:17","asr":"15:48","maghreb":"18:11","ichaa":"19:32"},"27":{"fajr":"06:42","sunrise":"08:15","dohr":"13:18","asr":"15:49","maghreb":"18:12","ichaa":"19:33"},"28":{"fajr":"06:43","sunrise":"08:15","dohr":"13:18","asr":"15:50","maghreb":"18:12","ichaa":"19:33"},"29":{"fajr":"06:43","sunrise":"08:16","dohr":"13:19","asr":"15:50","maghreb":"18:13","ichaa":"19:34"},"30":{"fajr":"06:43","sunrise":"08:16","dohr":"13:19","asr":"15:51","maghreb":"18:14","ichaa":"19:35"},"31":{"fajr":"06:44","sunrise":"08:16","dohr":"13:20","asr":"15:52","maghreb":"18:14","ichaa":"19:35"}}