{"1":{"fajr":"04:06","sunrise":"05:55","dohr":"13:15","asr":"16:57","maghreb":"20:26","ichaa":"21:59"},"2":{"fajr":"04:06","sunrise":"05:54","dohr":"13:15","asr":"16:58","maghreb":"20:26","ichaa":"22:00"},"3":{"fajr":"04:05","sunrise":"05:54","dohr":"13:15","asr":"16:58","maghreb":"20:27","ichaa":"22:01"},"4":{"fajr":"04:05","sunrise":"05:54","dohr":"13:15","asr":"16:58","maghreb":"20:27","ichaa":"22:01"},"5":{"fajr":"04:04","sunrise":"05:54","dohr":"13:15","asr":"16:58","maghreb":"20:28","ichaa":"22:02"},"6":{"fajr":"04:04","sunrise":"05:54","dohr":"13:15","asr":"16:58","maghreb":"20:29","ichaa":"22:03"},"7":{"fajr":"04:03","sunrise":"05:53","dohr":"13:16","asr":"16:59","maghreb":"20:29","ichaa":"22:04"},"8":{"fajr":"04:03","sunrise":"05:53","dohr":"13:16","asr":"16:59","maghreb":"20:30","ichaa":"22:04"},"9":{"fajr":"04:03","sunrise":"05:53","dohr":"13:16","asr":"16:59","maghreb":"20:30","ichaa":"22:05"},"10":{"fajr":"04:02","sunrise":"05:53","dohr":"13:16","asr":"16:59","maghreb":"20:31","ichaa":"22:06"},"11":{"fajr":"04:02","sunrise":"05:53","dohr":"13:16","asr":"16:59","maghreb":"20:31","ichaa":"22:06"},"12":{"fajr":"04:02","sunrise":"05:53","dohr":"13:17","asr":"17:00","maghreb":"20:31","ichaa":"22:07"},"13":{"fajr":"04:02","sunrise":"05:53","dohr":"13:17","asr":"17:00","maghreb":"20:32","ichaa":"22:07"},"14":{"fajr":"04:02","sunrise":"05:53","dohr":"13:17","asr":"17:00","maghreb":"20:32","ichaa":"22:08"},"15":{"fajr":"04:02","sunrise":"05:53","dohr":"13:17","asr":"17:00","maghreb":"20:33","ichaa":"22:08"},"16":{"fajr":"04:02","sunrise":"05:53","dohr":"13:17","asr":"17:00","maghreb":"20:33","ichaa":"22:08"},"17":{"fajr":"04:02","sunrise":"05:53","dohr":"13:18","asr":"17:01","maghreb":"20:33","ichaa":"22:09"},"18":{"fajr":"04:02","sunrise":"05:53","dohr":"13:18","asr":"17:01","maghreb":"20:33","ichaa":"22:09"},"19":{"fajr":"04:02","sunrise":"05:53","dohr":"13:18","asr":"17:01","maghreb":"20:34","ichaa":"22:09"},"20":{"fajr":"04:02","sunrise":"05:54","dohr":"13:18","asr":"17:01","maghreb":"20:34","ichaa":"22:10"},"21":{"fajr":"04:02","sunrise":"05:54","dohr":"13:19","asr":"17:02","maghreb":"20:34","ichaa":"22:10"},"22":{"fajr":"04:02","sunrise":"05:54","dohr":"13:19","asr":"17:02","maghreb":"20:34","ichaa":"22:10"},"23":{"fajr":"04:03","sunrise":"05:54","dohr":"13:19","asr":"17:02","maghreb":"20:35","ichaa":"22:10"},"24":{"fajr":"04:03","sunrise":"05:55","dohr":"13:19","asr":"17:02","maghreb":"20:35","ichaa":"22:10"},"25":{"fajr":"04:03","sunrise":"05:55","dohr":"13:19","asr":"17:02","maghreb":"20:35","ichaa":"22:10"},"26":{"fajr":"04:04","sunrise":"05:55","dohr":"13:20","asr":"17:03","maghreb":"20:35","ichaa":"22:10"},"27":{"fajr":"04:04","sunrise":"05:56","dohr":"13:20","asr":"17:03","maghreb":"20:35","ichaa":"22:10"},"28":{"fajr":"04:05","sunrise":"05:56","dohr":"13:20","asr":"17:03","maghreb":"20:35","ichaa":"22:10"},"29":{"fajr":"04:05","sunrise":"05:56","dohr":"13:20","asr":"17:03","maghreb":"20:35","ichaa":"22:10"},"30":{"fajr":"04:06","sunrise":"05:57","dohr":"13:20","asr":"17:03","maghreb":"20:35","ichaa":"22:10"}}