{"1":{"fajr":"04:06","sunrise":"05:57","dohr":"13:21","asr":"17:04","maghreb":"20:35","ichaa":"22:10"},"2":{"fajr":"04:07","sunrise":"05:58","dohr":"13:21","asr":"17:04","maghreb":"20:35","ichaa":"22:10"},"3":{"fajr":"04:08","sunrise":"05:58","dohr":"13:21","asr":"17:04","maghreb":"20:35","ichaa":"22:09"},"4":{"fajr":"04:08","sunrise":"05:59","dohr":"13:21","asr":"17:04","maghreb":"20:35","ichaa":"22:09"},"5":{"fajr":"04:09","sunrise":"05:59","dohr":"13:21","asr":"17:04","maghreb":"20:34","ichaa":"22:09"},"6":{"fajr":"04:10","sunrise":"06:00","dohr":"13:22","asr":"17:04","maghreb":"20:34","ichaa":"22:08"},"7":{"fajr":"04:11","sunrise":"06:00","dohr":"13:22","asr":"17:04","maghreb":"20:34","ichaa":"22:08"},"8":{"fajr":"04:11","sunrise":"06:01","dohr":"13:22","asr":"17:05","maghreb":"20:34","ichaa":"22:07"},"9":{"fajr":"04:12","sunrise":"06:01","dohr":"13:22","asr":"17:05","maghreb":"20:33","ichaa":"22:07"},"10":{"fajr":"04:13","sunrise":"06:02","dohr":"13:22","asr":"17:05","maghreb":"20:33","ichaa":"22:06"},"11":{"fajr":"04:14","sunrise":"06:02","dohr":"13:22","asr":"17:05","maghreb":"20:33","ichaa":"22:06"},"12":{"fajr":"04:15","sunrise":"06:03","dohr":"13:22","asr":"17:05","maghreb":"20:32","ichaa":"22:05"},"13":{"fajr":"04:16","sunrise":"06:04","dohr":"13:23","asr":"17:05","maghreb":"20:32","ichaa":"22:04"},"14":{"fajr":"04:17","sunrise":"06:04","dohr":"13:23","asr":"17:05","maghreb":"20:32","ichaa":"22:04"},"15":{"fajr":"04:18","sunrise":"06:05","dohr":"13:23","asr":"17:05","maghreb":"20:31","ichaa":"22:03"},"16":{"fajr":"04:19","sunrise":"06:06","dohr":"13:23","asr":"17:05","maghreb":"20:31","ichaa":"22:02"},"17":{"fajr":"04:20","sunrise":"06:06","dohr":"13:23","asr":"17:05","maghreb":"20:30","ichaa":"22:01"},"18":{"fajr":"04:21","sunrise":"06:07","dohr":"13:23","asr":"17:05","maghreb":"20:30","ichaa":"22:01"},"19":{"fajr":"04:22","sunrise":"06:08","dohr":"13:23","asr":"17:05","maghreb":"20:29","ichaa":"22:00"},"20":{"fajr":"04:23","sunrise":"06:08","dohr":"13:23","asr":"17:05","maghreb":"20:28","ichaa":"21:59"},"21":{"fajr":"04:24","sunrise":"06:09","dohr":"13:23","asr":"17:05","maghreb":"20:28","ichaa":"21:58"},"22":{"fajr":"04:25","sunrise":"06:10","dohr":"13:23","asr":"17:05","maghreb":"20:27","ichaa":"21:57"},"23":{"fajr":"04:26","sunrise":"06:11","dohr":"13:23","asr":"17:05","maghreb":"20:26","ichaa":"21:56"},"24":{"fajr":"04:27","sunrise":"06:11","dohr":"13:23","asr":"17:05","maghreb":"20:26","ichaa":"21:55"},"25":{"fajr":"04:28","sunrise":"06:12","dohr":"13:23","asr":"17:05","maghreb":"20:25","ichaa":"21:54"},"26":{"fajr":"04:29","sunrise":"06:13","dohr":"13:23","asr":"17:05","maghreb":"20:24","ichaa":"21:53"},"27":{"fajr":"04:30","sunrise":"06:13","dohr":"13:23","asr":"17:05","maghreb":"20:24","ichaa":"21:52"},"28":{"fajr":"04:32","sunrise":"06:14","dohr":"13:23","asr":"17:05","maghreb":"20:23","ichaa":"21:51"},"29":{"fajr":"04:33","sunrise":"06:15","dohr":"13:23","asr":"17:04","maghreb":"20:22","ichaa":"21:50"},"30":{"fajr":"04:34","sunrise":"06:16","dohr":"13:23","asr":"17:04","maghreb":"20:21","ichaa":"21:48"},"31":{"fajr":"04:35","sunrise":"06:16","dohr":"13:23","asr":"17:04","maghreb":"20:20","ichaa":"21:47"}}