{"1":{"fajr":"04:36","sunrise":"06:17","dohr":"13:23","asr":"17:04","maghreb":"20:19","ichaa":"21:46"},"2":{"fajr":"04:37","sunrise":"06:18","dohr":"13:23","asr":"17:04","maghreb":"20:18","ichaa":"21:45"},"3":{"fajr":"04:39","sunrise":"06:19","dohr":"13:23","asr":"17:03","maghreb":"20:17","ichaa":"21:44"},"4":{"fajr":"04:40","sunrise":"06:20","dohr":"13:23","asr":"17:03","maghreb":"20:16","ichaa":"21:42"},"5":{"fajr":"04:41","sunrise":"06:20","dohr":"13:23","asr":"17:03","maghreb":"20:16","ichaa":"21:41"},"6":{"fajr":"04:42","sunrise":"06:21","dohr":"13:23","asr":"17:03","maghreb":"20:15","ichaa":"21:40"},"7":{"fajr":"04:43","sunrise":"06:22","dohr":"13:22","asr":"17:02","maghreb":"20:13","ichaa":"21:38"},"8":{"fajr":"04:44","sunrise":"06:23","dohr":"13:22","asr":"17:02","maghreb":"20:12","ichaa":"21:37"},"9":{"fajr":"04:45","sunrise":"06:23","dohr":"13:22","asr":"17:02","maghreb":"20:11","ichaa":"21:36"},"10":{"fajr":"04:47","sunrise":"06:24","dohr":"13:22","asr":"17:01","maghreb":"20:10","ichaa":"21:34"},"11":{"fajr":"04:48","sunrise":"06:25","dohr":"13:22","asr":"17:01","maghreb":"20:09","ichaa":"21:33"},"12":{"fajr":"04:49","sunrise":"06:26","dohr":"13:22","asr":"17:01","maghreb":"20:08","ichaa":"21:31"},"13":{"fajr":"04:50","sunrise":"06:26","dohr":"13:22","asr":"17:00","maghreb":"20:07","ichaa":"21:30"},"14":{"fajr":"04:51","sunrise":"06:27","dohr":"13:21","asr":"17:00","maghreb":"20:06","ichaa":"21:29"},"15":{"fajr":"04:52","sunrise":"06:28","dohr":"13:21","asr":"16:59","maghreb":"20:05","ichaa":"21:27"},"16":{"fajr":"04:53","sunrise":"06:29","dohr":"13:21","asr":"16:59","maghreb":"20:03","ichaa":"21:26"},"17":{"fajr":"04:54","sunrise":"06:30","dohr":"13:21","asr":"16:58","maghreb":"20:02","ichaa":"21:24"},"18":{"fajr":"04:56","sunrise":"06:30","dohr":"13:21","asr":"16:58","maghreb":"20:01","ichaa":"21:23"},"19":{"fajr":"04:57","sunrise":"06:31","dohr":"13:20","asr":"16:57","maghreb":"20:00","ichaa":"21:21"},"20":{"fajr":"04:58","sunrise":"06:32","dohr":"13:20","asr":"16:57","maghreb":"19:59","ichaa":"21:20"},"21":{"fajr":"04:59","sunrise":"06:33","dohr":"13:20","asr":"16:56","maghreb":"19:57","ichaa":"21:18"},"22":{"fajr":"05:00","sunrise":"06:33","dohr":"13:20","asr":"16:56","maghreb":"19:56","ichaa":"21:17"},"23":{"fajr":"05:01","sunrise":"06:34","dohr":"13:19","asr":"16:55","maghreb":"19:55","ichaa":"21:15"},"24":{"fajr":"05:02","sunrise":"06:35","dohr":"13:19","asr":"16:54","maghreb":"19:54","ichaa":"21:14"},"25":{"fajr":"05:03","sunrise":"06:36","dohr":"13:19","asr":"16:54","maghreb":"19:52","ichaa":"21:12"},"26":{"fajr":"05:04","sunrise":"06:36","dohr":"13:18","asr":"16:53","maghreb":"19:51","ichaa":"21:10"},"27":{"fajr":"05:05","sunrise":"06:37","dohr":"13:18","asr":"16:53","maghreb":"19:50","ichaa":"21:09"},"28":{"fajr":"05:06","sunrise":"06:38","dohr":"13:18","asr":"16:52","maghreb":"19:48","ichaa":"21:07"},"29":{"fajr":"05:07","sunrise":"06:39","dohr":"13:18","asr":"16:51","maghreb":"19:47","ichaa":"21:06"},"30":{"fajr":"05:08","sunrise":"06:39","dohr":"13:17","asr":"16:51","maghreb":"19:46","ichaa":"21:04"},"31":{"fajr":"05:09","sunrise":"06:40","dohr":"13:17","asr":"16:50","maghreb":"19:44","ichaa":"21:03"}}