{"1":{"fajr":"04:50","sunrise":"06:25","dohr":"13:21","asr":"16:59","maghreb":"20:08","ichaa":"21:30"},"2":{"fajr":"04:49","sunrise":"06:24","dohr":"13:21","asr":"16:59","maghreb":"20:09","ichaa":"21:31"},"3":{"fajr":"04:47","sunrise":"06:23","dohr":"13:21","asr":"16:59","maghreb":"20:10","ichaa":"21:33"},"4":{"fajr":"04:46","sunrise":"06:22","dohr":"13:20","asr":"16:59","maghreb":"20:10","ichaa":"21:34"},"5":{"fajr":"04:45","sunrise":"06:21","dohr":"13:20","asr":"16:59","maghreb":"20:11","ichaa":"21:35"},"6":{"fajr":"04:43","sunrise":"06:20","dohr":"13:20","asr":"16:59","maghreb":"20:12","ichaa":"21:36"},"7":{"fajr":"04:42","sunrise":"06:19","dohr":"13:20","asr":"16:59","maghreb":"20:13","ichaa":"21:37"},"8":{"fajr":"04:41","sunrise":"06:18","dohr":"13:20","asr":"16:59","maghreb":"20:14","ichaa":"21:38"},"9":{"fajr":"04:39","sunrise":"06:17","dohr":"13:20","asr":"17:00","maghreb":"20:14","ichaa":"21:39"},"10":{"fajr":"04:38","sunrise":"06:16","dohr":"13:20","asr":"17:00","maghreb":"20:15","ichaa":"21:40"},"11":{"fajr":"04:37","sunrise":"06:16","dohr":"13:20","asr":"17:00","maghreb":"20:16","ichaa":"21:41"},"12":{"fajr":"04:36","sunrise":"06:15","dohr":"13:20","asr":"17:00","maghreb":"20:17","ichaa":"21:42"},"13":{"fajr":"04:35","sunrise":"06:14","dohr":"13:20","asr":"17:00","maghreb":"20:18","ichaa":"21:43"},"14":{"fajr":"04:33","sunrise":"06:13","dohr":"13:20","asr":"17:00","maghreb":"20:18","ichaa":"21:44"},"15":{"fajr":"04:32","sunrise":"06:12","dohr":"13:20","asr":"17:00","maghreb":"20:19","ichaa":"21:46"},"16":{"fajr":"04:31","sunrise":"06:12","dohr":"13:20","asr":"17:00","maghreb":"20:20","ichaa":"21:47"},"17":{"fajr":"04:30","sunrise":"06:11","dohr":"13:20","asr":"17:00","maghreb":"20:21","ichaa":"21:48"},"18":{"fajr":"04:29","sunrise":"06:10","dohr":"13:20","asr":"17:00","maghreb":"20:21","ichaa":"21:49"},"19":{"fajr":"04:28","sunrise":"06:10","dohr":"13:20","asr":"17:01","maghreb":"20:22","ichaa":"21:50"},"20":{"fajr":"04:27","sunrise":"06:09","dohr":"13:20","asr":"17:01","maghreb":"20:23","ichaa":"21:51"},"21":{"fajr":"04:26","sunrise":"06:08","dohr":"13:20","asr":"17:01","maghreb":"20:24","ichaa":"21:52"},"22":{"fajr":"04:25","sunrise":"06:08","dohr":"13:20","asr":"17:01","maghreb":"20:24","ichaa":"21:53"},"23":{"fajr":"04:24","sunrise":"06:07","dohr":"13:21","asr":"17:01","maghreb":"20:25","ichaa":"21:54"},"24":{"fajr":"04:23","sunrise":"06:07","dohr":"13:21","asr":"17:01","maghreb":"20:26","ichaa":"21:55"},"25":{"fajr":"04:23","sunrise":"06:06","dohr":"13:21","asr":"17:01","maghreb":"20:26","ichaa":"21:56"},"26":{"fajr":"04:22","sunrise":"06:06","dohr":"13:21","asr":"17:01","maghreb":"20:27","ichaa":"21:57"},"27":{"fajr":"04:21","sunrise":"06:05","dohr":"13:21","asr":"17:02","maghreb":"20:28","ichaa":"21:58"},"28":{"fajr":"04:20","sunrise":"06:05","dohr":"13:21","asr":"17:02","maghreb":"20:28","ichaa":"21:58"},"29":{"fajr":"04:20","sunrise":"06:04","dohr":"13:21","asr":"17:02","maghreb":"20:29","ichaa":"21:59"},"30":{"fajr":"04:19","sunrise":"06:04","dohr":"13:21","asr":"17:02","maghreb":"20:30","ichaa":"22:00"},"31":{"fajr":"04:18","sunrise":"06:04","dohr":"13:21","asr":"17:02","maghreb":"20:30","ichaa":"22:01"}}