{"1":{"fajr":"04:08","sunrise":"05:51","dohr":"13:12","asr":"16:52","maghreb":"20:23","ichaa":"21:52"},"2":{"fajr":"04:07","sunrise":"05:50","dohr":"13:12","asr":"16:53","maghreb":"20:24","ichaa":"21:53"},"3":{"fajr":"04:07","sunrise":"05:50","dohr":"13:12","asr":"16:53","maghreb":"20:24","ichaa":"21:54"},"4":{"fajr":"04:06","sunrise":"05:50","dohr":"13:12","asr":"16:53","maghreb":"20:25","ichaa":"21:54"},"5":{"fajr":"04:06","sunrise":"05:50","dohr":"13:12","asr":"16:53","maghreb":"20:26","ichaa":"21:55"},"6":{"fajr":"04:05","sunrise":"05:49","dohr":"13:12","asr":"16:53","maghreb":"20:26","ichaa":"21:56"},"7":{"fajr":"04:05","sunrise":"05:49","dohr":"13:13","asr":"16:54","maghreb":"20:27","ichaa":"21:56"},"8":{"fajr":"04:04","sunrise":"05:49","dohr":"13:13","asr":"16:54","maghreb":"20:27","ichaa":"21:57"},"9":{"fajr":"04:04","sunrise":"05:49","dohr":"13:13","asr":"16:54","maghreb":"20:28","ichaa":"21:58"},"10":{"fajr":"04:04","sunrise":"05:49","dohr":"13:13","asr":"16:54","maghreb":"20:28","ichaa":"21:58"},"11":{"fajr":"04:04","sunrise":"05:49","dohr":"13:13","asr":"16:54","maghreb":"20:28","ichaa":"21:59"},"12":{"fajr":"04:04","sunrise":"05:49","dohr":"13:14","asr":"16:55","maghreb":"20:29","ichaa":"21:59"},"13":{"fajr":"04:03","sunrise":"05:49","dohr":"13:14","asr":"16:55","maghreb":"20:29","ichaa":"22:00"},"14":{"fajr":"04:03","sunrise":"05:49","dohr":"13:14","asr":"16:55","maghreb":"20:30","ichaa":"22:00"},"15":{"fajr":"04:03","sunrise":"05:49","dohr":"13:14","asr":"16:55","maghreb":"20:30","ichaa":"22:01"},"16":{"fajr":"04:03","sunrise":"05:49","dohr":"13:14","asr":"16:55","maghreb":"20:30","ichaa":"22:01"},"17":{"fajr":"04:03","sunrise":"05:49","dohr":"13:15","asr":"16:56","maghreb":"20:31","ichaa":"22:01"},"18":{"fajr":"04:03","sunrise":"05:49","dohr":"13:15","asr":"16:56","maghreb":"20:31","ichaa":"22:02"},"19":{"fajr":"04:04","sunrise":"05:50","dohr":"13:15","asr":"16:56","maghreb":"20:31","ichaa":"22:02"},"20":{"fajr":"04:04","sunrise":"05:50","dohr":"13:15","asr":"16:56","maghreb":"20:31","ichaa":"22:02"},"21":{"fajr":"04:04","sunrise":"05:50","dohr":"13:16","asr":"16:57","maghreb":"20:32","ichaa":"22:03"},"22":{"fajr":"04:04","sunrise":"05:50","dohr":"13:16","asr":"16:57","maghreb":"20:32","ichaa":"22:03"},"23":{"fajr":"04:04","sunrise":"05:50","dohr":"13:16","asr":"16:57","maghreb":"20:32","ichaa":"22:03"},"24":{"fajr":"04:05","sunrise":"05:51","dohr":"13:16","asr":"16:57","maghreb":"20:32","ichaa":"22:03"},"25":{"fajr":"04:05","sunrise":"05:51","dohr":"13:16","asr":"16:57","maghreb":"20:32","ichaa":"22:03"},"26":{"fajr":"04:05","sunrise":"05:51","dohr":"13:17","asr":"16:58","maghreb":"20:32","ichaa":"22:03"},"27":{"fajr":"04:06","sunrise":"05:52","dohr":"13:17","asr":"16:58","maghreb":"20:32","ichaa":"22:03"},"28":{"fajr":"04:06","sunrise":"05:52","dohr":"13:17","asr":"16:58","maghreb":"20:32","ichaa":"22:03"},"29":{"fajr":"04:07","sunrise":"05:52","dohr":"13:17","asr":"16:58","maghreb":"20:32","ichaa":"22:03"},"30":{"fajr":"04:07","sunrise":"05:53","dohr":"13:17","asr":"16:58","maghreb":"20:32","ichaa":"22:03"}}