{"1":{"fajr":"06:37","sunrise":"08:03","dohr":"13:17","asr":"15:55","maghreb":"18:20","ichaa":"19:36"},"2":{"fajr":"06:37","sunrise":"08:04","dohr":"13:17","asr":"15:56","maghreb":"18:21","ichaa":"19:37"},"3":{"fajr":"06:37","sunrise":"08:04","dohr":"13:17","asr":"15:57","maghreb":"18:22","ichaa":"19:38"},"4":{"fajr":"06:37","sunrise":"08:04","dohr":"13:18","asr":"15:57","maghreb":"18:23","ichaa":"19:38"},"5":{"fajr":"06:38","sunrise":"08:04","dohr":"13:18","asr":"15:58","maghreb":"18:23","ichaa":"19:39"},"6":{"fajr":"06:38","sunrise":"08:04","dohr":"13:19","asr":"15:59","maghreb":"18:24","ichaa":"19:40"},"7":{"fajr":"06:38","sunrise":"08:04","dohr":"13:19","asr":"16:00","maghreb":"18:25","ichaa":"19:40"},"8":{"fajr":"06:38","sunrise":"08:04","dohr":"13:20","asr":"16:00","maghreb":"18:26","ichaa":"19:41"},"9":{"fajr":"06:38","sunrise":"08:04","dohr":"13:20","asr":"16:01","maghreb":"18:27","ichaa":"19:42"},"10":{"fajr":"06:38","sunrise":"08:04","dohr":"13:21","asr":"16:02","maghreb":"18:28","ichaa":"19:43"},"11":{"fajr":"06:38","sunrise":"08:04","dohr":"13:21","asr":"16:03","maghreb":"18:28","ichaa":"19:43"},"12":{"fajr":"06:38","sunrise":"08:04","dohr":"13:21","asr":"16:04","maghreb":"18:29","ichaa":"19:44"},"13":{"fajr":"06:38","sunrise":"08:04","dohr":"13:22","asr":"16:04","maghreb":"18:30","ichaa":"19:45"},"14":{"fajr":"06:38","sunrise":"08:04","dohr":"13:22","asr":"16:05","maghreb":"18:31","ichaa":"19:46"},"15":{"fajr":"06:38","sunrise":"08:04","dohr":"13:22","asr":"16:06","maghreb":"18:32","ichaa":"19:47"},"16":{"fajr":"06:38","sunrise":"08:03","dohr":"13:23","asr":"16:07","maghreb":"18:33","ichaa":"19:47"},"17":{"fajr":"06:38","sunrise":"08:03","dohr":"13:23","asr":"16:08","maghreb":"18:34","ichaa":"19:48"},"18":{"fajr":"06:38","sunrise":"08:03","dohr":"13:23","asr":"16:08","maghreb":"18:35","ichaa":"19:49"},"19":{"fajr":"06:38","sunrise":"08:03","dohr":"13:24","asr":"16:09","maghreb":"18:36","ichaa":"19:50"},"20":{"fajr":"06:37","sunrise":"08:02","dohr":"13:24","asr":"16:10","maghreb":"18:37","ichaa":"19:51"},"21":{"fajr":"06:37","sunrise":"08:02","dohr":"13:24","asr":"16:11","maghreb":"18:37","ichaa":"19:51"},"22":{"fajr":"06:37","sunrise":"08:01","dohr":"13:25","asr":"16:12","maghreb":"18:38","ichaa":"19:52"},"23":{"fajr":"06:37","sunrise":"08:01","dohr":"13:25","asr":"16:13","maghreb":"18:39","ichaa":"19:53"},"24":{"fajr":"06:36","sunrise":"08:01","dohr":"13:25","asr":"16:13","maghreb":"18:40","ichaa":"19:54"},"25":{"fajr":"06:36","sunrise":"08:00","dohr":"13:25","asr":"16:14","maghreb":"18:41","ichaa":"19:55"},"26":{"fajr":"06:36","sunrise":"08:00","dohr":"13:25","asr":"16:15","maghreb":"18:42","ichaa":"19:56"},"27":{"fajr":"06:35","sunrise":"07:59","dohr":"13:26","asr":"16:16","maghreb":"18:43","ichaa":"19:56"},"28":{"fajr":"06:35","sunrise":"07:59","dohr":"13:26","asr":"16:17","maghreb":"18:44","ichaa":"19:57"},"29":{"fajr":"06:34","sunrise":"07:58","dohr":"13:26","asr":"16:17","maghreb":"18:45","ichaa":"19:58"},"30":{"fajr":"06:34","sunrise":"07:57","dohr":"13:26","asr":"16:18","maghreb":"18:46","ichaa":"19:59"},"31":{"fajr":"06:33","sunrise":"07:57","dohr":"13:26","asr":"16:19","maghreb":"18:47","ichaa":"20:00"}}