{"1":{"fajr":"05:57","sunrise":"07:19","dohr":"12:56","asr":"15:54","maghreb":"18:24","ichaa":"19:36"},"2":{"fajr":"05:58","sunrise":"07:20","dohr":"12:56","asr":"15:54","maghreb":"18:23","ichaa":"19:35"},"3":{"fajr":"05:58","sunrise":"07:21","dohr":"12:56","asr":"15:53","maghreb":"18:22","ichaa":"19:34"},"4":{"fajr":"05:59","sunrise":"07:22","dohr":"12:56","asr":"15:52","maghreb":"18:21","ichaa":"19:33"},"5":{"fajr":"06:00","sunrise":"07:23","dohr":"12:56","asr":"15:52","maghreb":"18:20","ichaa":"19:33"},"6":{"fajr":"06:01","sunrise":"07:24","dohr":"12:57","asr":"15:51","maghreb":"18:20","ichaa":"19:32"},"7":{"fajr":"06:01","sunrise":"07:24","dohr":"12:57","asr":"15:51","maghreb":"18:19","ichaa":"19:31"},"8":{"fajr":"06:02","sunrise":"07:25","dohr":"12:57","asr":"15:50","maghreb":"18:18","ichaa":"19:31"},"9":{"fajr":"06:03","sunrise":"07:26","dohr":"12:57","asr":"15:49","maghreb":"18:17","ichaa":"19:30"},"10":{"fajr":"06:04","sunrise":"07:27","dohr":"12:57","asr":"15:49","maghreb":"18:17","ichaa":"19:30"},"11":{"fajr":"06:04","sunrise":"07:28","dohr":"12:57","asr":"15:48","maghreb":"18:16","ichaa":"19:29"},"12":{"fajr":"06:05","sunrise":"07:29","dohr":"12:57","asr":"15:48","maghreb":"18:15","ichaa":"19:29"},"13":{"fajr":"06:06","sunrise":"07:30","dohr":"12:57","asr":"15:47","maghreb":"18:15","ichaa":"19:28"},"14":{"fajr":"06:07","sunrise":"07:31","dohr":"12:57","asr":"15:47","maghreb":"18:14","ichaa":"19:28"},"15":{"fajr":"06:07","sunrise":"07:32","dohr":"12:58","asr":"15:47","maghreb":"18:14","ichaa":"19:27"},"16":{"fajr":"06:08","sunrise":"07:32","dohr":"12:58","asr":"15:46","maghreb":"18:13","ichaa":"19:27"},"17":{"fajr":"06:09","sunrise":"07:33","dohr":"12:58","asr":"15:46","maghreb":"18:13","ichaa":"19:26"},"18":{"fajr":"06:10","sunrise":"07:34","dohr":"12:58","asr":"15:45","maghreb":"18:12","ichaa":"19:26"},"19":{"fajr":"06:10","sunrise":"07:35","dohr":"12:58","asr":"15:45","maghreb":"18:12","ichaa":"19:26"},"20":{"fajr":"06:11","sunrise":"07:36","dohr":"12:59","asr":"15:45","maghreb":"18:11","ichaa":"19:25"},"21":{"fajr":"06:12","sunrise":"07:37","dohr":"12:59","asr":"15:45","maghreb":"18:11","ichaa":"19:25"},"22":{"fajr":"06:13","sunrise":"07:38","dohr":"12:59","asr":"15:44","maghreb":"18:11","ichaa":"19:25"},"23":{"fajr":"06:13","sunrise":"07:39","dohr":"12:59","asr":"15:44","maghreb":"18:10","ichaa":"19:25"},"24":{"fajr":"06:14","sunrise":"07:39","dohr":"13:00","asr":"15:44","maghreb":"18:10","ichaa":"19:25"},"25":{"fajr":"06:15","sunrise":"07:40","dohr":"13:00","asr":"15:44","maghreb":"18:10","ichaa":"19:24"},"26":{"fajr":"06:16","sunrise":"07:41","dohr":"13:00","asr":"15:44","maghreb":"18:10","ichaa":"19:24"},"27":{"fajr":"06:16","sunrise":"07:42","dohr":"13:01","asr":"15:43","maghreb":"18:09","ichaa":"19:24"},"28":{"fajr":"06:17","sunrise":"07:43","dohr":"13:01","asr":"15:43","maghreb":"18:09","ichaa":"19:24"},"29":{"fajr":"06:18","sunrise":"07:44","dohr":"13:01","asr":"15:43","maghreb":"18:09","ichaa":"19:24"},"30":{"fajr":"06:19","sunrise":"07:45","dohr":"13:02","asr":"15:43","maghreb":"18:09","ichaa":"19:24"}}