{"1":{"fajr":"06:09","sunrise":"07:30","dohr":"13:25","asr":"16:37","maghreb":"19:12","ichaa":"20:22"},"2":{"fajr":"06:07","sunrise":"07:28","dohr":"13:25","asr":"16:37","maghreb":"19:13","ichaa":"20:23"},"3":{"fajr":"06:06","sunrise":"07:27","dohr":"13:25","asr":"16:38","maghreb":"19:13","ichaa":"20:24"},"4":{"fajr":"06:05","sunrise":"07:26","dohr":"13:25","asr":"16:38","maghreb":"19:14","ichaa":"20:25"},"5":{"fajr":"06:04","sunrise":"07:25","dohr":"13:24","asr":"16:38","maghreb":"19:15","ichaa":"20:25"},"6":{"fajr":"06:03","sunrise":"07:24","dohr":"13:24","asr":"16:39","maghreb":"19:16","ichaa":"20:26"},"7":{"fajr":"06:01","sunrise":"07:22","dohr":"13:24","asr":"16:39","maghreb":"19:16","ichaa":"20:27"},"8":{"fajr":"06:00","sunrise":"07:21","dohr":"13:24","asr":"16:39","maghreb":"19:17","ichaa":"20:28"},"9":{"fajr":"05:59","sunrise":"07:20","dohr":"13:23","asr":"16:40","maghreb":"19:18","ichaa":"20:28"},"10":{"fajr":"05:58","sunrise":"07:19","dohr":"13:23","asr":"16:40","maghreb":"19:19","ichaa":"20:29"},"11":{"fajr":"05:56","sunrise":"07:17","dohr":"13:23","asr":"16:40","maghreb":"19:19","ichaa":"20:30"},"12":{"fajr":"05:55","sunrise":"07:16","dohr":"13:23","asr":"16:41","maghreb":"19:20","ichaa":"20:31"},"13":{"fajr":"05:54","sunrise":"07:15","dohr":"13:22","asr":"16:41","maghreb":"19:21","ichaa":"20:31"},"14":{"fajr":"05:52","sunrise":"07:14","dohr":"13:22","asr":"16:41","maghreb":"19:22","ichaa":"20:32"},"15":{"fajr":"05:51","sunrise":"07:12","dohr":"13:22","asr":"16:42","maghreb":"19:22","ichaa":"20:33"},"16":{"fajr":"05:50","sunrise":"07:11","dohr":"13:21","asr":"16:42","maghreb":"19:23","ichaa":"20:34"},"17":{"fajr":"05:48","sunrise":"07:10","dohr":"13:21","asr":"16:42","maghreb":"19:24","ichaa":"20:34"},"18":{"fajr":"05:47","sunrise":"07:08","dohr":"13:21","asr":"16:42","maghreb":"19:24","ichaa":"20:35"},"19":{"fajr":"05:46","sunrise":"07:07","dohr":"13:21","asr":"16:43","maghreb":"19:25","ichaa":"20:36"},"20":{"fajr":"05:44","sunrise":"07:06","dohr":"13:20","asr":"16:43","maghreb":"19:26","ichaa":"20:37"},"21":{"fajr":"05:43","sunrise":"07:04","dohr":"13:20","asr":"16:43","maghreb":"19:27","ichaa":"20:38"},"22":{"fajr":"05:41","sunrise":"07:03","dohr":"13:20","asr":"16:43","maghreb":"19:27","ichaa":"20:38"},"23":{"fajr":"05:40","sunrise":"07:02","dohr":"13:19","asr":"16:43","maghreb":"19:28","ichaa":"20:39"},"24":{"fajr":"05:39","sunrise":"07:01","dohr":"13:19","asr":"16:44","maghreb":"19:29","ichaa":"20:40"},"25":{"fajr":"05:37","sunrise":"06:59","dohr":"13:19","asr":"16:44","maghreb":"19:29","ichaa":"20:41"},"26":{"fajr":"05:36","sunrise":"06:58","dohr":"13:18","asr":"16:44","maghreb":"19:30","ichaa":"20:42"},"27":{"fajr":"05:34","sunrise":"06:57","dohr":"13:18","asr":"16:44","maghreb":"19:31","ichaa":"20:42"},"28":{"fajr":"05:33","sunrise":"06:55","dohr":"13:18","asr":"16:44","maghreb":"19:32","ichaa":"20:43"},"29":{"fajr":"05:31","sunrise":"06:54","dohr":"13:18","asr":"16:44","maghreb":"19:32","ichaa":"20:44"},"30":{"fajr":"05:30","sunrise":"06:53","dohr":"13:17","asr":"16:44","maghreb":"19:33","ichaa":"20:45"},"31":{"fajr":"05:29","sunrise":"06:51","dohr":"13:17","asr":"16:44","maghreb":"19:34","ichaa":"20:46"}}