{"1":{"fajr":"04:45","sunrise":"06:15","dohr":"13:10","asr":"16:46","maghreb":"19:56","ichaa":"21:14"},"2":{"fajr":"04:44","sunrise":"06:14","dohr":"13:10","asr":"16:46","maghreb":"19:57","ichaa":"21:15"},"3":{"fajr":"04:42","sunrise":"06:13","dohr":"13:10","asr":"16:46","maghreb":"19:57","ichaa":"21:16"},"4":{"fajr":"04:41","sunrise":"06:12","dohr":"13:10","asr":"16:46","maghreb":"19:58","ichaa":"21:17"},"5":{"fajr":"04:40","sunrise":"06:11","dohr":"13:10","asr":"16:46","maghreb":"19:59","ichaa":"21:18"},"6":{"fajr":"04:39","sunrise":"06:10","dohr":"13:09","asr":"16:46","maghreb":"20:00","ichaa":"21:19"},"7":{"fajr":"04:37","sunrise":"06:09","dohr":"13:09","asr":"16:46","maghreb":"20:00","ichaa":"21:20"},"8":{"fajr":"04:36","sunrise":"06:09","dohr":"13:09","asr":"16:46","maghreb":"20:01","ichaa":"21:21"},"9":{"fajr":"04:35","sunrise":"06:08","dohr":"13:09","asr":"16:46","maghreb":"20:02","ichaa":"21:22"},"10":{"fajr":"04:34","sunrise":"06:07","dohr":"13:09","asr":"16:46","maghreb":"20:03","ichaa":"21:23"},"11":{"fajr":"04:33","sunrise":"06:06","dohr":"13:09","asr":"16:46","maghreb":"20:03","ichaa":"21:24"},"12":{"fajr":"04:32","sunrise":"06:05","dohr":"13:09","asr":"16:46","maghreb":"20:04","ichaa":"21:25"},"13":{"fajr":"04:31","sunrise":"06:05","dohr":"13:09","asr":"16:46","maghreb":"20:05","ichaa":"21:26"},"14":{"fajr":"04:30","sunrise":"06:04","dohr":"13:09","asr":"16:46","maghreb":"20:05","ichaa":"21:27"},"15":{"fajr":"04:29","sunrise":"06:03","dohr":"13:09","asr":"16:46","maghreb":"20:06","ichaa":"21:28"},"16":{"fajr":"04:28","sunrise":"06:03","dohr":"13:09","asr":"16:46","maghreb":"20:07","ichaa":"21:29"},"17":{"fajr":"04:27","sunrise":"06:02","dohr":"13:09","asr":"16:46","maghreb":"20:08","ichaa":"21:30"},"18":{"fajr":"04:26","sunrise":"06:01","dohr":"13:09","asr":"16:46","maghreb":"20:08","ichaa":"21:31"},"19":{"fajr":"04:25","sunrise":"06:01","dohr":"13:09","asr":"16:46","maghreb":"20:09","ichaa":"21:32"},"20":{"fajr":"04:24","sunrise":"06:00","dohr":"13:09","asr":"16:46","maghreb":"20:10","ichaa":"21:33"},"21":{"fajr":"04:23","sunrise":"06:00","dohr":"13:10","asr":"16:46","maghreb":"20:10","ichaa":"21:34"},"22":{"fajr":"04:22","sunrise":"05:59","dohr":"13:10","asr":"16:46","maghreb":"20:11","ichaa":"21:35"},"23":{"fajr":"04:21","sunrise":"05:58","dohr":"13:10","asr":"16:47","maghreb":"20:12","ichaa":"21:36"},"24":{"fajr":"04:20","sunrise":"05:58","dohr":"13:10","asr":"16:47","maghreb":"20:12","ichaa":"21:37"},"25":{"fajr":"04:20","sunrise":"05:57","dohr":"13:10","asr":"16:47","maghreb":"20:13","ichaa":"21:38"},"26":{"fajr":"04:19","sunrise":"05:57","dohr":"13:10","asr":"16:47","maghreb":"20:14","ichaa":"21:38"},"27":{"fajr":"04:18","sunrise":"05:57","dohr":"13:10","asr":"16:47","maghreb":"20:14","ichaa":"21:39"},"28":{"fajr":"04:18","sunrise":"05:56","dohr":"13:10","asr":"16:47","maghreb":"20:15","ichaa":"21:40"},"29":{"fajr":"04:17","sunrise":"05:56","dohr":"13:10","asr":"16:47","maghreb":"20:16","ichaa":"21:41"},"30":{"fajr":"04:16","sunrise":"05:56","dohr":"13:10","asr":"16:47","maghreb":"20:16","ichaa":"21:42"},"31":{"fajr":"04:16","sunrise":"05:55","dohr":"13:11","asr":"16:48","maghreb":"20:17","ichaa":"21:43"}}