{"1":{"fajr":"04:15","sunrise":"05:55","dohr":"13:11","asr":"16:48","maghreb":"20:17","ichaa":"21:43"},"2":{"fajr":"04:15","sunrise":"05:55","dohr":"13:11","asr":"16:48","maghreb":"20:18","ichaa":"21:44"},"3":{"fajr":"04:14","sunrise":"05:54","dohr":"13:11","asr":"16:48","maghreb":"20:19","ichaa":"21:45"},"4":{"fajr":"04:14","sunrise":"05:54","dohr":"13:11","asr":"16:48","maghreb":"20:19","ichaa":"21:46"},"5":{"fajr":"04:14","sunrise":"05:54","dohr":"13:11","asr":"16:48","maghreb":"20:20","ichaa":"21:46"},"6":{"fajr":"04:13","sunrise":"05:54","dohr":"13:12","asr":"16:48","maghreb":"20:20","ichaa":"21:47"},"7":{"fajr":"04:13","sunrise":"05:54","dohr":"13:12","asr":"16:49","maghreb":"20:21","ichaa":"21:47"},"8":{"fajr":"04:13","sunrise":"05:54","dohr":"13:12","asr":"16:49","maghreb":"20:21","ichaa":"21:48"},"9":{"fajr":"04:12","sunrise":"05:54","dohr":"13:12","asr":"16:49","maghreb":"20:22","ichaa":"21:49"},"10":{"fajr":"04:12","sunrise":"05:54","dohr":"13:12","asr":"16:49","maghreb":"20:22","ichaa":"21:49"},"11":{"fajr":"04:12","sunrise":"05:54","dohr":"13:13","asr":"16:49","maghreb":"20:22","ichaa":"21:50"},"12":{"fajr":"04:12","sunrise":"05:53","dohr":"13:13","asr":"16:50","maghreb":"20:23","ichaa":"21:50"},"13":{"fajr":"04:12","sunrise":"05:54","dohr":"13:13","asr":"16:50","maghreb":"20:23","ichaa":"21:51"},"14":{"fajr":"04:12","sunrise":"05:54","dohr":"13:13","asr":"16:50","maghreb":"20:24","ichaa":"21:51"},"15":{"fajr":"04:12","sunrise":"05:54","dohr":"13:13","asr":"16:50","maghreb":"20:24","ichaa":"21:52"},"16":{"fajr":"04:12","sunrise":"05:54","dohr":"13:14","asr":"16:50","maghreb":"20:24","ichaa":"21:52"},"17":{"fajr":"04:12","sunrise":"05:54","dohr":"13:14","asr":"16:51","maghreb":"20:25","ichaa":"21:52"},"18":{"fajr":"04:12","sunrise":"05:54","dohr":"13:14","asr":"16:51","maghreb":"20:25","ichaa":"21:53"},"19":{"fajr":"04:12","sunrise":"05:54","dohr":"13:14","asr":"16:51","maghreb":"20:25","ichaa":"21:53"},"20":{"fajr":"04:12","sunrise":"05:54","dohr":"13:15","asr":"16:51","maghreb":"20:25","ichaa":"21:53"},"21":{"fajr":"04:12","sunrise":"05:55","dohr":"13:15","asr":"16:51","maghreb":"20:25","ichaa":"21:53"},"22":{"fajr":"04:13","sunrise":"05:55","dohr":"13:15","asr":"16:52","maghreb":"20:26","ichaa":"21:53"},"23":{"fajr":"04:13","sunrise":"05:55","dohr":"13:15","asr":"16:52","maghreb":"20:26","ichaa":"21:54"},"24":{"fajr":"04:13","sunrise":"05:55","dohr":"13:15","asr":"16:52","maghreb":"20:26","ichaa":"21:54"},"25":{"fajr":"04:13","sunrise":"05:56","dohr":"13:16","asr":"16:52","maghreb":"20:26","ichaa":"21:54"},"26":{"fajr":"04:14","sunrise":"05:56","dohr":"13:16","asr":"16:53","maghreb":"20:26","ichaa":"21:54"},"27":{"fajr":"04:14","sunrise":"05:56","dohr":"13:16","asr":"16:53","maghreb":"20:26","ichaa":"21:54"},"28":{"fajr":"04:15","sunrise":"05:57","dohr":"13:16","asr":"16:53","maghreb":"20:26","ichaa":"21:54"},"29":{"fajr":"04:15","sunrise":"05:57","dohr":"13:16","asr":"16:53","maghreb":"20:26","ichaa":"21:54"},"30":{"fajr":"04:16","sunrise":"05:57","dohr":"13:17","asr":"16:53","maghreb":"20:26","ichaa":"21:54"}}