{"1":{"fajr":"04:16","sunrise":"05:58","dohr":"13:17","asr":"16:54","maghreb":"20:26","ichaa":"21:53"},"2":{"fajr":"04:17","sunrise":"05:58","dohr":"13:17","asr":"16:54","maghreb":"20:26","ichaa":"21:53"},"3":{"fajr":"04:17","sunrise":"05:59","dohr":"13:17","asr":"16:54","maghreb":"20:26","ichaa":"21:53"},"4":{"fajr":"04:18","sunrise":"05:59","dohr":"13:17","asr":"16:54","maghreb":"20:26","ichaa":"21:53"},"5":{"fajr":"04:19","sunrise":"06:00","dohr":"13:18","asr":"16:54","maghreb":"20:26","ichaa":"21:53"},"6":{"fajr":"04:19","sunrise":"06:00","dohr":"13:18","asr":"16:54","maghreb":"20:26","ichaa":"21:52"},"7":{"fajr":"04:20","sunrise":"06:01","dohr":"13:18","asr":"16:55","maghreb":"20:26","ichaa":"21:52"},"8":{"fajr":"04:21","sunrise":"06:01","dohr":"13:18","asr":"16:55","maghreb":"20:25","ichaa":"21:51"},"9":{"fajr":"04:21","sunrise":"06:02","dohr":"13:18","asr":"16:55","maghreb":"20:25","ichaa":"21:51"},"10":{"fajr":"04:22","sunrise":"06:02","dohr":"13:18","asr":"16:55","maghreb":"20:25","ichaa":"21:51"},"11":{"fajr":"04:23","sunrise":"06:03","dohr":"13:18","asr":"16:55","maghreb":"20:25","ichaa":"21:50"},"12":{"fajr":"04:24","sunrise":"06:03","dohr":"13:19","asr":"16:55","maghreb":"20:24","ichaa":"21:50"},"13":{"fajr":"04:25","sunrise":"06:04","dohr":"13:19","asr":"16:56","maghreb":"20:24","ichaa":"21:49"},"14":{"fajr":"04:25","sunrise":"06:04","dohr":"13:19","asr":"16:56","maghreb":"20:23","ichaa":"21:48"},"15":{"fajr":"04:26","sunrise":"06:05","dohr":"13:19","asr":"16:56","maghreb":"20:23","ichaa":"21:48"},"16":{"fajr":"04:27","sunrise":"06:06","dohr":"13:19","asr":"16:56","maghreb":"20:23","ichaa":"21:47"},"17":{"fajr":"04:28","sunrise":"06:06","dohr":"13:19","asr":"16:56","maghreb":"20:22","ichaa":"21:46"},"18":{"fajr":"04:29","sunrise":"06:07","dohr":"13:19","asr":"16:56","maghreb":"20:22","ichaa":"21:46"},"19":{"fajr":"04:30","sunrise":"06:07","dohr":"13:19","asr":"16:56","maghreb":"20:21","ichaa":"21:45"},"20":{"fajr":"04:31","sunrise":"06:08","dohr":"13:19","asr":"16:56","maghreb":"20:21","ichaa":"21:44"},"21":{"fajr":"04:32","sunrise":"06:09","dohr":"13:19","asr":"16:56","maghreb":"20:20","ichaa":"21:43"},"22":{"fajr":"04:33","sunrise":"06:09","dohr":"13:19","asr":"16:56","maghreb":"20:20","ichaa":"21:43"},"23":{"fajr":"04:34","sunrise":"06:10","dohr":"13:19","asr":"16:56","maghreb":"20:19","ichaa":"21:42"},"24":{"fajr":"04:35","sunrise":"06:11","dohr":"13:19","asr":"16:56","maghreb":"20:18","ichaa":"21:41"},"25":{"fajr":"04:36","sunrise":"06:11","dohr":"13:19","asr":"16:56","maghreb":"20:18","ichaa":"21:40"},"26":{"fajr":"04:37","sunrise":"06:12","dohr":"13:19","asr":"16:56","maghreb":"20:17","ichaa":"21:39"},"27":{"fajr":"04:38","sunrise":"06:13","dohr":"13:19","asr":"16:56","maghreb":"20:16","ichaa":"21:38"},"28":{"fajr":"04:39","sunrise":"06:13","dohr":"13:19","asr":"16:56","maghreb":"20:16","ichaa":"21:37"},"29":{"fajr":"04:40","sunrise":"06:14","dohr":"13:19","asr":"16:56","maghreb":"20:15","ichaa":"21:36"},"30":{"fajr":"04:41","sunrise":"06:15","dohr":"13:19","asr":"16:56","maghreb":"20:14","ichaa":"21:35"},"31":{"fajr":"04:42","sunrise":"06:15","dohr":"13:19","asr":"16:56","maghreb":"20:13","ichaa":"21:34"}}