{"1":{"fajr":"04:43","sunrise":"06:16","dohr":"13:19","asr":"16:56","maghreb":"20:12","ichaa":"21:33"},"2":{"fajr":"04:44","sunrise":"06:17","dohr":"13:19","asr":"16:55","maghreb":"20:12","ichaa":"21:32"},"3":{"fajr":"04:45","sunrise":"06:18","dohr":"13:19","asr":"16:55","maghreb":"20:11","ichaa":"21:31"},"4":{"fajr":"04:46","sunrise":"06:18","dohr":"13:19","asr":"16:55","maghreb":"20:10","ichaa":"21:30"},"5":{"fajr":"04:47","sunrise":"06:19","dohr":"13:19","asr":"16:55","maghreb":"20:09","ichaa":"21:28"},"6":{"fajr":"04:48","sunrise":"06:20","dohr":"13:19","asr":"16:55","maghreb":"20:08","ichaa":"21:27"},"7":{"fajr":"04:49","sunrise":"06:20","dohr":"13:19","asr":"16:54","maghreb":"20:07","ichaa":"21:26"},"8":{"fajr":"04:50","sunrise":"06:21","dohr":"13:19","asr":"16:54","maghreb":"20:06","ichaa":"21:25"},"9":{"fajr":"04:51","sunrise":"06:22","dohr":"13:18","asr":"16:54","maghreb":"20:05","ichaa":"21:24"},"10":{"fajr":"04:52","sunrise":"06:22","dohr":"13:18","asr":"16:54","maghreb":"20:04","ichaa":"21:22"},"11":{"fajr":"04:53","sunrise":"06:23","dohr":"13:18","asr":"16:53","maghreb":"20:03","ichaa":"21:21"},"12":{"fajr":"04:54","sunrise":"06:24","dohr":"13:18","asr":"16:53","maghreb":"20:02","ichaa":"21:20"},"13":{"fajr":"04:55","sunrise":"06:24","dohr":"13:18","asr":"16:53","maghreb":"20:01","ichaa":"21:18"},"14":{"fajr":"04:56","sunrise":"06:25","dohr":"13:18","asr":"16:52","maghreb":"20:00","ichaa":"21:17"},"15":{"fajr":"04:57","sunrise":"06:26","dohr":"13:17","asr":"16:52","maghreb":"19:59","ichaa":"21:16"},"16":{"fajr":"04:58","sunrise":"06:26","dohr":"13:17","asr":"16:52","maghreb":"19:58","ichaa":"21:14"},"17":{"fajr":"04:58","sunrise":"06:27","dohr":"13:17","asr":"16:51","maghreb":"19:57","ichaa":"21:13"},"18":{"fajr":"04:59","sunrise":"06:28","dohr":"13:17","asr":"16:51","maghreb":"19:56","ichaa":"21:12"},"19":{"fajr":"05:00","sunrise":"06:28","dohr":"13:16","asr":"16:50","maghreb":"19:55","ichaa":"21:10"},"20":{"fajr":"05:01","sunrise":"06:29","dohr":"13:16","asr":"16:50","maghreb":"19:53","ichaa":"21:09"},"21":{"fajr":"05:02","sunrise":"06:30","dohr":"13:16","asr":"16:50","maghreb":"19:52","ichaa":"21:08"},"22":{"fajr":"05:03","sunrise":"06:30","dohr":"13:16","asr":"16:49","maghreb":"19:51","ichaa":"21:06"},"23":{"fajr":"05:04","sunrise":"06:31","dohr":"13:15","asr":"16:49","maghreb":"19:50","ichaa":"21:05"},"24":{"fajr":"05:05","sunrise":"06:32","dohr":"13:15","asr":"16:48","maghreb":"19:49","ichaa":"21:03"},"25":{"fajr":"05:06","sunrise":"06:32","dohr":"13:15","asr":"16:48","maghreb":"19:47","ichaa":"21:02"},"26":{"fajr":"05:07","sunrise":"06:33","dohr":"13:15","asr":"16:47","maghreb":"19:46","ichaa":"21:01"},"27":{"fajr":"05:08","sunrise":"06:34","dohr":"13:14","asr":"16:47","maghreb":"19:45","ichaa":"20:59"},"28":{"fajr":"05:09","sunrise":"06:34","dohr":"13:14","asr":"16:46","maghreb":"19:44","ichaa":"20:58"},"29":{"fajr":"05:10","sunrise":"06:35","dohr":"13:14","asr":"16:45","maghreb":"19:42","ichaa":"20:56"},"30":{"fajr":"05:10","sunrise":"06:36","dohr":"13:13","asr":"16:45","maghreb":"19:41","ichaa":"20:55"},"31":{"fajr":"05:11","sunrise":"06:36","dohr":"13:13","asr":"16:44","maghreb":"19:40","ichaa":"20:53"}}