{"1":{"fajr":"06:47","sunrise":"08:13","dohr":"13:28","asr":"16:09","maghreb":"18:34","ichaa":"19:49"},"2":{"fajr":"06:48","sunrise":"08:13","dohr":"13:29","asr":"16:10","maghreb":"18:35","ichaa":"19:50"},"3":{"fajr":"06:48","sunrise":"08:14","dohr":"13:29","asr":"16:10","maghreb":"18:36","ichaa":"19:51"},"4":{"fajr":"06:48","sunrise":"08:14","dohr":"13:30","asr":"16:11","maghreb":"18:37","ichaa":"19:51"},"5":{"fajr":"06:48","sunrise":"08:14","dohr":"13:30","asr":"16:12","maghreb":"18:37","ichaa":"19:52"},"6":{"fajr":"06:49","sunrise":"08:14","dohr":"13:31","asr":"16:13","maghreb":"18:38","ichaa":"19:53"},"7":{"fajr":"06:49","sunrise":"08:14","dohr":"13:31","asr":"16:13","maghreb":"18:39","ichaa":"19:54"},"8":{"fajr":"06:49","sunrise":"08:14","dohr":"13:32","asr":"16:14","maghreb":"18:40","ichaa":"19:54"},"9":{"fajr":"06:49","sunrise":"08:14","dohr":"13:32","asr":"16:15","maghreb":"18:41","ichaa":"19:55"},"10":{"fajr":"06:49","sunrise":"08:14","dohr":"13:32","asr":"16:16","maghreb":"18:42","ichaa":"19:56"},"11":{"fajr":"06:49","sunrise":"08:14","dohr":"13:33","asr":"16:16","maghreb":"18:42","ichaa":"19:56"},"12":{"fajr":"06:49","sunrise":"08:14","dohr":"13:33","asr":"16:17","maghreb":"18:43","ichaa":"19:57"},"13":{"fajr":"06:49","sunrise":"08:14","dohr":"13:34","asr":"16:18","maghreb":"18:44","ichaa":"19:58"},"14":{"fajr":"06:49","sunrise":"08:14","dohr":"13:34","asr":"16:19","maghreb":"18:45","ichaa":"19:59"},"15":{"fajr":"06:49","sunrise":"08:13","dohr":"13:34","asr":"16:20","maghreb":"18:46","ichaa":"20:00"},"16":{"fajr":"06:49","sunrise":"08:13","dohr":"13:35","asr":"16:20","maghreb":"18:47","ichaa":"20:00"},"17":{"fajr":"06:49","sunrise":"08:13","dohr":"13:35","asr":"16:21","maghreb":"18:48","ichaa":"20:01"},"18":{"fajr":"06:49","sunrise":"08:13","dohr":"13:35","asr":"16:22","maghreb":"18:49","ichaa":"20:02"},"19":{"fajr":"06:49","sunrise":"08:13","dohr":"13:36","asr":"16:23","maghreb":"18:49","ichaa":"20:03"},"20":{"fajr":"06:48","sunrise":"08:12","dohr":"13:36","asr":"16:24","maghreb":"18:50","ichaa":"20:04"},"21":{"fajr":"06:48","sunrise":"08:12","dohr":"13:36","asr":"16:24","maghreb":"18:51","ichaa":"20:04"},"22":{"fajr":"06:48","sunrise":"08:12","dohr":"13:36","asr":"16:25","maghreb":"18:52","ichaa":"20:05"},"23":{"fajr":"06:48","sunrise":"08:11","dohr":"13:37","asr":"16:26","maghreb":"18:53","ichaa":"20:06"},"24":{"fajr":"06:47","sunrise":"08:11","dohr":"13:37","asr":"16:27","maghreb":"18:54","ichaa":"20:07"},"25":{"fajr":"06:47","sunrise":"08:10","dohr":"13:37","asr":"16:28","maghreb":"18:55","ichaa":"20:07"},"26":{"fajr":"06:47","sunrise":"08:10","dohr":"13:37","asr":"16:28","maghreb":"18:56","ichaa":"20:08"},"27":{"fajr":"06:46","sunrise":"08:09","dohr":"13:38","asr":"16:29","maghreb":"18:57","ichaa":"20:09"},"28":{"fajr":"06:46","sunrise":"08:09","dohr":"13:38","asr":"16:30","maghreb":"18:58","ichaa":"20:10"},"29":{"fajr":"06:46","sunrise":"08:08","dohr":"13:38","asr":"16:31","maghreb":"18:58","ichaa":"20:11"},"30":{"fajr":"06:45","sunrise":"08:08","dohr":"13:38","asr":"16:31","maghreb":"18:59","ichaa":"20:11"},"31":{"fajr":"06:45","sunrise":"08:07","dohr":"13:38","asr":"16:32","maghreb":"19:00","ichaa":"20:12"}}