{"1":{"fajr":"04:31","sunrise":"06:09","dohr":"13:23","asr":"16:58","maghreb":"20:27","ichaa":"21:52"},"2":{"fajr":"04:30","sunrise":"06:08","dohr":"13:23","asr":"16:58","maghreb":"20:28","ichaa":"21:53"},"3":{"fajr":"04:30","sunrise":"06:08","dohr":"13:23","asr":"16:58","maghreb":"20:29","ichaa":"21:53"},"4":{"fajr":"04:30","sunrise":"06:08","dohr":"13:23","asr":"16:58","maghreb":"20:29","ichaa":"21:54"},"5":{"fajr":"04:29","sunrise":"06:08","dohr":"13:23","asr":"16:58","maghreb":"20:30","ichaa":"21:55"},"6":{"fajr":"04:29","sunrise":"06:08","dohr":"13:24","asr":"16:58","maghreb":"20:30","ichaa":"21:55"},"7":{"fajr":"04:29","sunrise":"06:08","dohr":"13:24","asr":"16:59","maghreb":"20:31","ichaa":"21:56"},"8":{"fajr":"04:28","sunrise":"06:07","dohr":"13:24","asr":"16:59","maghreb":"20:31","ichaa":"21:56"},"9":{"fajr":"04:28","sunrise":"06:07","dohr":"13:24","asr":"16:59","maghreb":"20:32","ichaa":"21:57"},"10":{"fajr":"04:28","sunrise":"06:07","dohr":"13:24","asr":"16:59","maghreb":"20:32","ichaa":"21:58"},"11":{"fajr":"04:28","sunrise":"06:07","dohr":"13:25","asr":"16:59","maghreb":"20:32","ichaa":"21:58"},"12":{"fajr":"04:28","sunrise":"06:07","dohr":"13:25","asr":"16:59","maghreb":"20:33","ichaa":"21:59"},"13":{"fajr":"04:28","sunrise":"06:07","dohr":"13:25","asr":"17:00","maghreb":"20:33","ichaa":"21:59"},"14":{"fajr":"04:28","sunrise":"06:07","dohr":"13:25","asr":"17:00","maghreb":"20:33","ichaa":"21:59"},"15":{"fajr":"04:28","sunrise":"06:07","dohr":"13:25","asr":"17:00","maghreb":"20:34","ichaa":"22:00"},"16":{"fajr":"04:28","sunrise":"06:08","dohr":"13:26","asr":"17:00","maghreb":"20:34","ichaa":"22:00"},"17":{"fajr":"04:28","sunrise":"06:08","dohr":"13:26","asr":"17:00","maghreb":"20:34","ichaa":"22:01"},"18":{"fajr":"04:28","sunrise":"06:08","dohr":"13:26","asr":"17:01","maghreb":"20:35","ichaa":"22:01"},"19":{"fajr":"04:28","sunrise":"06:08","dohr":"13:26","asr":"17:01","maghreb":"20:35","ichaa":"22:01"},"20":{"fajr":"04:28","sunrise":"06:08","dohr":"13:26","asr":"17:01","maghreb":"20:35","ichaa":"22:01"},"21":{"fajr":"04:28","sunrise":"06:08","dohr":"13:27","asr":"17:01","maghreb":"20:35","ichaa":"22:02"},"22":{"fajr":"04:28","sunrise":"06:09","dohr":"13:27","asr":"17:02","maghreb":"20:36","ichaa":"22:02"},"23":{"fajr":"04:29","sunrise":"06:09","dohr":"13:27","asr":"17:02","maghreb":"20:36","ichaa":"22:02"},"24":{"fajr":"04:29","sunrise":"06:09","dohr":"13:27","asr":"17:02","maghreb":"20:36","ichaa":"22:02"},"25":{"fajr":"04:29","sunrise":"06:09","dohr":"13:28","asr":"17:02","maghreb":"20:36","ichaa":"22:02"},"26":{"fajr":"04:30","sunrise":"06:10","dohr":"13:28","asr":"17:02","maghreb":"20:36","ichaa":"22:02"},"27":{"fajr":"04:30","sunrise":"06:10","dohr":"13:28","asr":"17:03","maghreb":"20:36","ichaa":"22:02"},"28":{"fajr":"04:31","sunrise":"06:10","dohr":"13:28","asr":"17:03","maghreb":"20:36","ichaa":"22:02"},"29":{"fajr":"04:31","sunrise":"06:11","dohr":"13:28","asr":"17:03","maghreb":"20:36","ichaa":"22:02"},"30":{"fajr":"04:31","sunrise":"06:11","dohr":"13:29","asr":"17:03","maghreb":"20:36","ichaa":"22:02"}}