{"1":{"fajr":"06:43","sunrise":"08:11","dohr":"13:20","asr":"15:54","maghreb":"18:20","ichaa":"19:37"},"2":{"fajr":"06:43","sunrise":"08:11","dohr":"13:21","asr":"15:55","maghreb":"18:21","ichaa":"19:38"},"3":{"fajr":"06:43","sunrise":"08:12","dohr":"13:21","asr":"15:56","maghreb":"18:21","ichaa":"19:39"},"4":{"fajr":"06:43","sunrise":"08:12","dohr":"13:22","asr":"15:57","maghreb":"18:22","ichaa":"19:39"},"5":{"fajr":"06:44","sunrise":"08:12","dohr":"13:22","asr":"15:57","maghreb":"18:23","ichaa":"19:40"},"6":{"fajr":"06:44","sunrise":"08:12","dohr":"13:22","asr":"15:58","maghreb":"18:24","ichaa":"19:41"},"7":{"fajr":"06:44","sunrise":"08:12","dohr":"13:23","asr":"15:59","maghreb":"18:25","ichaa":"19:42"},"8":{"fajr":"06:44","sunrise":"08:12","dohr":"13:23","asr":"16:00","maghreb":"18:25","ichaa":"19:42"},"9":{"fajr":"06:44","sunrise":"08:12","dohr":"13:24","asr":"16:00","maghreb":"18:26","ichaa":"19:43"},"10":{"fajr":"06:44","sunrise":"08:12","dohr":"13:24","asr":"16:01","maghreb":"18:27","ichaa":"19:44"},"11":{"fajr":"06:44","sunrise":"08:12","dohr":"13:25","asr":"16:02","maghreb":"18:28","ichaa":"19:45"},"12":{"fajr":"06:44","sunrise":"08:12","dohr":"13:25","asr":"16:03","maghreb":"18:29","ichaa":"19:45"},"13":{"fajr":"06:44","sunrise":"08:11","dohr":"13:25","asr":"16:04","maghreb":"18:30","ichaa":"19:46"},"14":{"fajr":"06:44","sunrise":"08:11","dohr":"13:26","asr":"16:05","maghreb":"18:31","ichaa":"19:47"},"15":{"fajr":"06:44","sunrise":"08:11","dohr":"13:26","asr":"16:06","maghreb":"18:32","ichaa":"19:48"},"16":{"fajr":"06:44","sunrise":"08:11","dohr":"13:26","asr":"16:06","maghreb":"18:33","ichaa":"19:49"},"17":{"fajr":"06:44","sunrise":"08:10","dohr":"13:27","asr":"16:07","maghreb":"18:34","ichaa":"19:50"},"18":{"fajr":"06:43","sunrise":"08:10","dohr":"13:27","asr":"16:08","maghreb":"18:35","ichaa":"19:50"},"19":{"fajr":"06:43","sunrise":"08:10","dohr":"13:27","asr":"16:09","maghreb":"18:36","ichaa":"19:51"},"20":{"fajr":"06:43","sunrise":"08:09","dohr":"13:28","asr":"16:10","maghreb":"18:37","ichaa":"19:52"},"21":{"fajr":"06:43","sunrise":"08:09","dohr":"13:28","asr":"16:11","maghreb":"18:38","ichaa":"19:53"},"22":{"fajr":"06:42","sunrise":"08:09","dohr":"13:28","asr":"16:12","maghreb":"18:39","ichaa":"19:54"},"23":{"fajr":"06:42","sunrise":"08:08","dohr":"13:28","asr":"16:12","maghreb":"18:40","ichaa":"19:55"},"24":{"fajr":"06:42","sunrise":"08:08","dohr":"13:29","asr":"16:13","maghreb":"18:41","ichaa":"19:56"},"25":{"fajr":"06:41","sunrise":"08:07","dohr":"13:29","asr":"16:14","maghreb":"18:41","ichaa":"19:57"},"26":{"fajr":"06:41","sunrise":"08:07","dohr":"13:29","asr":"16:15","maghreb":"18:42","ichaa":"19:57"},"27":{"fajr":"06:40","sunrise":"08:06","dohr":"13:29","asr":"16:16","maghreb":"18:43","ichaa":"19:58"},"28":{"fajr":"06:40","sunrise":"08:05","dohr":"13:29","asr":"16:17","maghreb":"18:44","ichaa":"19:59"},"29":{"fajr":"06:39","sunrise":"08:05","dohr":"13:30","asr":"16:18","maghreb":"18:45","ichaa":"20:00"},"30":{"fajr":"06:39","sunrise":"08:04","dohr":"13:30","asr":"16:18","maghreb":"18:46","ichaa":"20:01"},"31":{"fajr":"06:38","sunrise":"08:03","dohr":"13:30","asr":"16:19","maghreb":"18:47","ichaa":"20:02"}}