{"1":{"fajr":"05:28","sunrise":"06:52","dohr":"13:20","asr":"16:49","maghreb":"19:39","ichaa":"20:53"},"2":{"fajr":"05:26","sunrise":"06:51","dohr":"13:20","asr":"16:49","maghreb":"19:40","ichaa":"20:54"},"3":{"fajr":"05:25","sunrise":"06:50","dohr":"13:20","asr":"16:49","maghreb":"19:41","ichaa":"20:55"},"4":{"fajr":"05:23","sunrise":"06:48","dohr":"13:19","asr":"16:49","maghreb":"19:42","ichaa":"20:56"},"5":{"fajr":"05:21","sunrise":"06:47","dohr":"13:19","asr":"16:50","maghreb":"19:42","ichaa":"20:57"},"6":{"fajr":"05:20","sunrise":"06:46","dohr":"13:19","asr":"16:50","maghreb":"19:43","ichaa":"20:58"},"7":{"fajr":"05:18","sunrise":"06:44","dohr":"13:19","asr":"16:50","maghreb":"19:44","ichaa":"20:59"},"8":{"fajr":"05:17","sunrise":"06:43","dohr":"13:18","asr":"16:50","maghreb":"19:45","ichaa":"21:00"},"9":{"fajr":"05:15","sunrise":"06:42","dohr":"13:18","asr":"16:50","maghreb":"19:46","ichaa":"21:01"},"10":{"fajr":"05:14","sunrise":"06:40","dohr":"13:18","asr":"16:50","maghreb":"19:46","ichaa":"21:02"},"11":{"fajr":"05:12","sunrise":"06:39","dohr":"13:18","asr":"16:50","maghreb":"19:47","ichaa":"21:03"},"12":{"fajr":"05:11","sunrise":"06:38","dohr":"13:17","asr":"16:50","maghreb":"19:48","ichaa":"21:04"},"13":{"fajr":"05:09","sunrise":"06:36","dohr":"13:17","asr":"16:51","maghreb":"19:49","ichaa":"21:05"},"14":{"fajr":"05:07","sunrise":"06:35","dohr":"13:17","asr":"16:51","maghreb":"19:49","ichaa":"21:06"},"15":{"fajr":"05:06","sunrise":"06:34","dohr":"13:17","asr":"16:51","maghreb":"19:50","ichaa":"21:07"},"16":{"fajr":"05:04","sunrise":"06:33","dohr":"13:16","asr":"16:51","maghreb":"19:51","ichaa":"21:08"},"17":{"fajr":"05:03","sunrise":"06:31","dohr":"13:16","asr":"16:51","maghreb":"19:52","ichaa":"21:09"},"18":{"fajr":"05:01","sunrise":"06:30","dohr":"13:16","asr":"16:51","maghreb":"19:53","ichaa":"21:10"},"19":{"fajr":"05:00","sunrise":"06:29","dohr":"13:16","asr":"16:51","maghreb":"19:53","ichaa":"21:11"},"20":{"fajr":"04:58","sunrise":"06:28","dohr":"13:15","asr":"16:51","maghreb":"19:54","ichaa":"21:12"},"21":{"fajr":"04:57","sunrise":"06:26","dohr":"13:15","asr":"16:51","maghreb":"19:55","ichaa":"21:13"},"22":{"fajr":"04:55","sunrise":"06:25","dohr":"13:15","asr":"16:51","maghreb":"19:56","ichaa":"21:14"},"23":{"fajr":"04:54","sunrise":"06:24","dohr":"13:15","asr":"16:51","maghreb":"19:57","ichaa":"21:15"},"24":{"fajr":"04:52","sunrise":"06:23","dohr":"13:15","asr":"16:51","maghreb":"19:57","ichaa":"21:16"},"25":{"fajr":"04:51","sunrise":"06:22","dohr":"13:14","asr":"16:52","maghreb":"19:58","ichaa":"21:17"},"26":{"fajr":"04:49","sunrise":"06:21","dohr":"13:14","asr":"16:52","maghreb":"19:59","ichaa":"21:18"},"27":{"fajr":"04:48","sunrise":"06:19","dohr":"13:14","asr":"16:52","maghreb":"20:00","ichaa":"21:19"},"28":{"fajr":"04:47","sunrise":"06:18","dohr":"13:14","asr":"16:52","maghreb":"20:01","ichaa":"21:20"},"29":{"fajr":"04:45","sunrise":"06:17","dohr":"13:14","asr":"16:52","maghreb":"20:01","ichaa":"21:21"},"30":{"fajr":"04:44","sunrise":"06:16","dohr":"13:14","asr":"16:52","maghreb":"20:02","ichaa":"21:22"}}