{"1":{"fajr":"04:10","sunrise":"05:53","dohr":"13:14","asr":"16:56","maghreb":"20:26","ichaa":"21:55"},"2":{"fajr":"04:09","sunrise":"05:53","dohr":"13:15","asr":"16:56","maghreb":"20:27","ichaa":"21:56"},"3":{"fajr":"04:09","sunrise":"05:53","dohr":"13:15","asr":"16:56","maghreb":"20:27","ichaa":"21:57"},"4":{"fajr":"04:08","sunrise":"05:53","dohr":"13:15","asr":"16:56","maghreb":"20:28","ichaa":"21:58"},"5":{"fajr":"04:08","sunrise":"05:52","dohr":"13:15","asr":"16:56","maghreb":"20:28","ichaa":"21:58"},"6":{"fajr":"04:08","sunrise":"05:52","dohr":"13:15","asr":"16:56","maghreb":"20:29","ichaa":"21:59"},"7":{"fajr":"04:07","sunrise":"05:52","dohr":"13:15","asr":"16:57","maghreb":"20:30","ichaa":"22:00"},"8":{"fajr":"04:07","sunrise":"05:52","dohr":"13:16","asr":"16:57","maghreb":"20:30","ichaa":"22:00"},"9":{"fajr":"04:07","sunrise":"05:52","dohr":"13:16","asr":"16:57","maghreb":"20:30","ichaa":"22:01"},"10":{"fajr":"04:06","sunrise":"05:52","dohr":"13:16","asr":"16:57","maghreb":"20:31","ichaa":"22:02"},"11":{"fajr":"04:06","sunrise":"05:52","dohr":"13:16","asr":"16:57","maghreb":"20:31","ichaa":"22:02"},"12":{"fajr":"04:06","sunrise":"05:52","dohr":"13:16","asr":"16:58","maghreb":"20:32","ichaa":"22:03"},"13":{"fajr":"04:06","sunrise":"05:52","dohr":"13:17","asr":"16:58","maghreb":"20:32","ichaa":"22:03"},"14":{"fajr":"04:06","sunrise":"05:52","dohr":"13:17","asr":"16:58","maghreb":"20:33","ichaa":"22:04"},"15":{"fajr":"04:06","sunrise":"05:52","dohr":"13:17","asr":"16:58","maghreb":"20:33","ichaa":"22:04"},"16":{"fajr":"04:06","sunrise":"05:52","dohr":"13:17","asr":"16:59","maghreb":"20:33","ichaa":"22:04"},"17":{"fajr":"04:06","sunrise":"05:52","dohr":"13:18","asr":"16:59","maghreb":"20:34","ichaa":"22:05"},"18":{"fajr":"04:06","sunrise":"05:52","dohr":"13:18","asr":"16:59","maghreb":"20:34","ichaa":"22:05"},"19":{"fajr":"04:06","sunrise":"05:52","dohr":"13:18","asr":"16:59","maghreb":"20:34","ichaa":"22:05"},"20":{"fajr":"04:06","sunrise":"05:52","dohr":"13:18","asr":"16:59","maghreb":"20:34","ichaa":"22:06"},"21":{"fajr":"04:06","sunrise":"05:53","dohr":"13:18","asr":"17:00","maghreb":"20:35","ichaa":"22:06"},"22":{"fajr":"04:06","sunrise":"05:53","dohr":"13:19","asr":"17:00","maghreb":"20:35","ichaa":"22:06"},"23":{"fajr":"04:07","sunrise":"05:53","dohr":"13:19","asr":"17:00","maghreb":"20:35","ichaa":"22:06"},"24":{"fajr":"04:07","sunrise":"05:53","dohr":"13:19","asr":"17:00","maghreb":"20:35","ichaa":"22:06"},"25":{"fajr":"04:07","sunrise":"05:54","dohr":"13:19","asr":"17:00","maghreb":"20:35","ichaa":"22:06"},"26":{"fajr":"04:08","sunrise":"05:54","dohr":"13:19","asr":"17:01","maghreb":"20:35","ichaa":"22:06"},"27":{"fajr":"04:08","sunrise":"05:54","dohr":"13:20","asr":"17:01","maghreb":"20:35","ichaa":"22:06"},"28":{"fajr":"04:09","sunrise":"05:55","dohr":"13:20","asr":"17:01","maghreb":"20:35","ichaa":"22:06"},"29":{"fajr":"04:09","sunrise":"05:55","dohr":"13:20","asr":"17:01","maghreb":"20:35","ichaa":"22:06"},"30":{"fajr":"04:10","sunrise":"05:56","dohr":"13:20","asr":"17:01","maghreb":"20:35","ichaa":"22:06"}}