{"1":{"fajr":"06:32","sunrise":"07:57","dohr":"13:15","asr":"15:56","maghreb":"18:23","ichaa":"19:37"},"2":{"fajr":"06:33","sunrise":"07:58","dohr":"13:15","asr":"15:56","maghreb":"18:23","ichaa":"19:37"},"3":{"fajr":"06:34","sunrise":"07:59","dohr":"13:16","asr":"15:57","maghreb":"18:23","ichaa":"19:37"},"4":{"fajr":"06:35","sunrise":"07:59","dohr":"13:16","asr":"15:57","maghreb":"18:23","ichaa":"19:37"},"5":{"fajr":"06:35","sunrise":"08:00","dohr":"13:17","asr":"15:57","maghreb":"18:23","ichaa":"19:37"},"6":{"fajr":"06:36","sunrise":"08:01","dohr":"13:17","asr":"15:57","maghreb":"18:23","ichaa":"19:38"},"7":{"fajr":"06:37","sunrise":"08:02","dohr":"13:17","asr":"15:57","maghreb":"18:23","ichaa":"19:38"},"8":{"fajr":"06:37","sunrise":"08:03","dohr":"13:18","asr":"15:57","maghreb":"18:23","ichaa":"19:38"},"9":{"fajr":"06:38","sunrise":"08:03","dohr":"13:18","asr":"15:57","maghreb":"18:24","ichaa":"19:38"},"10":{"fajr":"06:39","sunrise":"08:04","dohr":"13:19","asr":"15:58","maghreb":"18:24","ichaa":"19:38"},"11":{"fajr":"06:39","sunrise":"08:05","dohr":"13:19","asr":"15:58","maghreb":"18:24","ichaa":"19:39"},"12":{"fajr":"06:40","sunrise":"08:05","dohr":"13:20","asr":"15:58","maghreb":"18:24","ichaa":"19:39"},"13":{"fajr":"06:41","sunrise":"08:06","dohr":"13:20","asr":"15:58","maghreb":"18:25","ichaa":"19:39"},"14":{"fajr":"06:41","sunrise":"08:07","dohr":"13:21","asr":"15:59","maghreb":"18:25","ichaa":"19:40"},"15":{"fajr":"06:42","sunrise":"08:07","dohr":"13:21","asr":"15:59","maghreb":"18:25","ichaa":"19:40"},"16":{"fajr":"06:42","sunrise":"08:08","dohr":"13:22","asr":"15:59","maghreb":"18:26","ichaa":"19:40"},"17":{"fajr":"06:43","sunrise":"08:09","dohr":"13:22","asr":"16:00","maghreb":"18:26","ichaa":"19:41"},"18":{"fajr":"06:44","sunrise":"08:09","dohr":"13:23","asr":"16:00","maghreb":"18:26","ichaa":"19:41"},"19":{"fajr":"06:44","sunrise":"08:10","dohr":"13:23","asr":"16:01","maghreb":"18:27","ichaa":"19:42"},"20":{"fajr":"06:45","sunrise":"08:10","dohr":"13:24","asr":"16:01","maghreb":"18:27","ichaa":"19:42"},"21":{"fajr":"06:45","sunrise":"08:11","dohr":"13:24","asr":"16:02","maghreb":"18:28","ichaa":"19:43"},"22":{"fajr":"06:46","sunrise":"08:11","dohr":"13:25","asr":"16:02","maghreb":"18:28","ichaa":"19:43"},"23":{"fajr":"06:46","sunrise":"08:12","dohr":"13:25","asr":"16:03","maghreb":"18:29","ichaa":"19:44"},"24":{"fajr":"06:47","sunrise":"08:12","dohr":"13:26","asr":"16:03","maghreb":"18:29","ichaa":"19:44"},"25":{"fajr":"06:47","sunrise":"08:13","dohr":"13:26","asr":"16:04","maghreb":"18:30","ichaa":"19:45"},"26":{"fajr":"06:47","sunrise":"08:13","dohr":"13:27","asr":"16:04","maghreb":"18:31","ichaa":"19:45"},"27":{"fajr":"06:48","sunrise":"08:13","dohr":"13:27","asr":"16:05","maghreb":"18:31","ichaa":"19:46"},"28":{"fajr":"06:48","sunrise":"08:14","dohr":"13:28","asr":"16:06","maghreb":"18:32","ichaa":"19:47"},"29":{"fajr":"06:49","sunrise":"08:14","dohr":"13:28","asr":"16:06","maghreb":"18:32","ichaa":"19:47"},"30":{"fajr":"06:49","sunrise":"08:14","dohr":"13:29","asr":"16:07","maghreb":"18:33","ichaa":"19:48"},"31":{"fajr":"06:49","sunrise":"08:15","dohr":"13:29","asr":"16:08","maghreb":"18:34","ichaa":"19:49"}}