{"1":{"fajr":"04:29","sunrise":"06:07","dohr":"13:24","asr":"17:00","maghreb":"20:31","ichaa":"21:56"},"2":{"fajr":"04:28","sunrise":"06:07","dohr":"13:24","asr":"17:01","maghreb":"20:32","ichaa":"21:57"},"3":{"fajr":"04:28","sunrise":"06:06","dohr":"13:24","asr":"17:01","maghreb":"20:32","ichaa":"21:57"},"4":{"fajr":"04:27","sunrise":"06:06","dohr":"13:24","asr":"17:01","maghreb":"20:33","ichaa":"21:58"},"5":{"fajr":"04:27","sunrise":"06:06","dohr":"13:24","asr":"17:01","maghreb":"20:33","ichaa":"21:59"},"6":{"fajr":"04:27","sunrise":"06:06","dohr":"13:25","asr":"17:01","maghreb":"20:34","ichaa":"21:59"},"7":{"fajr":"04:26","sunrise":"06:06","dohr":"13:25","asr":"17:01","maghreb":"20:34","ichaa":"22:00"},"8":{"fajr":"04:26","sunrise":"06:06","dohr":"13:25","asr":"17:02","maghreb":"20:35","ichaa":"22:01"},"9":{"fajr":"04:26","sunrise":"06:06","dohr":"13:25","asr":"17:02","maghreb":"20:35","ichaa":"22:01"},"10":{"fajr":"04:26","sunrise":"06:05","dohr":"13:25","asr":"17:02","maghreb":"20:36","ichaa":"22:02"},"11":{"fajr":"04:25","sunrise":"06:05","dohr":"13:26","asr":"17:02","maghreb":"20:36","ichaa":"22:02"},"12":{"fajr":"04:25","sunrise":"06:05","dohr":"13:26","asr":"17:02","maghreb":"20:37","ichaa":"22:03"},"13":{"fajr":"04:25","sunrise":"06:05","dohr":"13:26","asr":"17:03","maghreb":"20:37","ichaa":"22:03"},"14":{"fajr":"04:25","sunrise":"06:06","dohr":"13:26","asr":"17:03","maghreb":"20:37","ichaa":"22:04"},"15":{"fajr":"04:25","sunrise":"06:06","dohr":"13:26","asr":"17:03","maghreb":"20:38","ichaa":"22:04"},"16":{"fajr":"04:25","sunrise":"06:06","dohr":"13:27","asr":"17:03","maghreb":"20:38","ichaa":"22:05"},"17":{"fajr":"04:25","sunrise":"06:06","dohr":"13:27","asr":"17:03","maghreb":"20:38","ichaa":"22:05"},"18":{"fajr":"04:25","sunrise":"06:06","dohr":"13:27","asr":"17:04","maghreb":"20:39","ichaa":"22:05"},"19":{"fajr":"04:25","sunrise":"06:06","dohr":"13:27","asr":"17:04","maghreb":"20:39","ichaa":"22:05"},"20":{"fajr":"04:26","sunrise":"06:06","dohr":"13:28","asr":"17:04","maghreb":"20:39","ichaa":"22:06"},"21":{"fajr":"04:26","sunrise":"06:06","dohr":"13:28","asr":"17:04","maghreb":"20:39","ichaa":"22:06"},"22":{"fajr":"04:26","sunrise":"06:07","dohr":"13:28","asr":"17:04","maghreb":"20:40","ichaa":"22:06"},"23":{"fajr":"04:26","sunrise":"06:07","dohr":"13:28","asr":"17:05","maghreb":"20:40","ichaa":"22:06"},"24":{"fajr":"04:27","sunrise":"06:07","dohr":"13:28","asr":"17:05","maghreb":"20:40","ichaa":"22:06"},"25":{"fajr":"04:27","sunrise":"06:08","dohr":"13:29","asr":"17:05","maghreb":"20:40","ichaa":"22:06"},"26":{"fajr":"04:27","sunrise":"06:08","dohr":"13:29","asr":"17:05","maghreb":"20:40","ichaa":"22:06"},"27":{"fajr":"04:28","sunrise":"06:08","dohr":"13:29","asr":"17:06","maghreb":"20:40","ichaa":"22:06"},"28":{"fajr":"04:28","sunrise":"06:09","dohr":"13:29","asr":"17:06","maghreb":"20:40","ichaa":"22:06"},"29":{"fajr":"04:29","sunrise":"06:09","dohr":"13:29","asr":"17:06","maghreb":"20:40","ichaa":"22:06"},"30":{"fajr":"04:29","sunrise":"06:09","dohr":"13:30","asr":"17:06","maghreb":"20:40","ichaa":"22:06"}}