{"1":{"fajr":"04:30","sunrise":"06:10","dohr":"13:30","asr":"17:06","maghreb":"20:40","ichaa":"22:06"},"2":{"fajr":"04:30","sunrise":"06:10","dohr":"13:30","asr":"17:07","maghreb":"20:40","ichaa":"22:06"},"3":{"fajr":"04:31","sunrise":"06:11","dohr":"13:30","asr":"17:07","maghreb":"20:40","ichaa":"22:06"},"4":{"fajr":"04:31","sunrise":"06:11","dohr":"13:30","asr":"17:07","maghreb":"20:40","ichaa":"22:05"},"5":{"fajr":"04:32","sunrise":"06:12","dohr":"13:31","asr":"17:07","maghreb":"20:40","ichaa":"22:05"},"6":{"fajr":"04:33","sunrise":"06:12","dohr":"13:31","asr":"17:07","maghreb":"20:40","ichaa":"22:05"},"7":{"fajr":"04:33","sunrise":"06:12","dohr":"13:31","asr":"17:07","maghreb":"20:39","ichaa":"22:04"},"8":{"fajr":"04:34","sunrise":"06:13","dohr":"13:31","asr":"17:08","maghreb":"20:39","ichaa":"22:04"},"9":{"fajr":"04:35","sunrise":"06:14","dohr":"13:31","asr":"17:08","maghreb":"20:39","ichaa":"22:04"},"10":{"fajr":"04:36","sunrise":"06:14","dohr":"13:31","asr":"17:08","maghreb":"20:39","ichaa":"22:03"},"11":{"fajr":"04:36","sunrise":"06:15","dohr":"13:31","asr":"17:08","maghreb":"20:38","ichaa":"22:03"},"12":{"fajr":"04:37","sunrise":"06:15","dohr":"13:32","asr":"17:08","maghreb":"20:38","ichaa":"22:02"},"13":{"fajr":"04:38","sunrise":"06:16","dohr":"13:32","asr":"17:08","maghreb":"20:38","ichaa":"22:02"},"14":{"fajr":"04:39","sunrise":"06:16","dohr":"13:32","asr":"17:08","maghreb":"20:37","ichaa":"22:01"},"15":{"fajr":"04:40","sunrise":"06:17","dohr":"13:32","asr":"17:09","maghreb":"20:37","ichaa":"22:00"},"16":{"fajr":"04:41","sunrise":"06:18","dohr":"13:32","asr":"17:09","maghreb":"20:36","ichaa":"22:00"},"17":{"fajr":"04:42","sunrise":"06:18","dohr":"13:32","asr":"17:09","maghreb":"20:36","ichaa":"21:59"},"18":{"fajr":"04:42","sunrise":"06:19","dohr":"13:32","asr":"17:09","maghreb":"20:36","ichaa":"21:58"},"19":{"fajr":"04:43","sunrise":"06:19","dohr":"13:32","asr":"17:09","maghreb":"20:35","ichaa":"21:58"},"20":{"fajr":"04:44","sunrise":"06:20","dohr":"13:32","asr":"17:09","maghreb":"20:35","ichaa":"21:57"},"21":{"fajr":"04:45","sunrise":"06:21","dohr":"13:32","asr":"17:09","maghreb":"20:34","ichaa":"21:56"},"22":{"fajr":"04:46","sunrise":"06:21","dohr":"13:32","asr":"17:09","maghreb":"20:33","ichaa":"21:55"},"23":{"fajr":"04:47","sunrise":"06:22","dohr":"13:32","asr":"17:09","maghreb":"20:33","ichaa":"21:54"},"24":{"fajr":"04:48","sunrise":"06:23","dohr":"13:32","asr":"17:09","maghreb":"20:32","ichaa":"21:54"},"25":{"fajr":"04:49","sunrise":"06:23","dohr":"13:32","asr":"17:09","maghreb":"20:31","ichaa":"21:53"},"26":{"fajr":"04:50","sunrise":"06:24","dohr":"13:32","asr":"17:09","maghreb":"20:31","ichaa":"21:52"},"27":{"fajr":"04:51","sunrise":"06:25","dohr":"13:32","asr":"17:09","maghreb":"20:30","ichaa":"21:51"},"28":{"fajr":"04:52","sunrise":"06:25","dohr":"13:32","asr":"17:09","maghreb":"20:29","ichaa":"21:50"},"29":{"fajr":"04:53","sunrise":"06:26","dohr":"13:32","asr":"17:09","maghreb":"20:29","ichaa":"21:49"},"30":{"fajr":"04:54","sunrise":"06:27","dohr":"13:32","asr":"17:09","maghreb":"20:28","ichaa":"21:48"},"31":{"fajr":"04:55","sunrise":"06:27","dohr":"13:32","asr":"17:09","maghreb":"20:27","ichaa":"21:47"}}