{"1":{"fajr":"04:56","sunrise":"06:28","dohr":"13:32","asr":"17:08","maghreb":"20:26","ichaa":"21:46"},"2":{"fajr":"04:57","sunrise":"06:29","dohr":"13:32","asr":"17:08","maghreb":"20:25","ichaa":"21:44"},"3":{"fajr":"04:58","sunrise":"06:29","dohr":"13:32","asr":"17:08","maghreb":"20:25","ichaa":"21:43"},"4":{"fajr":"04:59","sunrise":"06:30","dohr":"13:32","asr":"17:08","maghreb":"20:24","ichaa":"21:42"},"5":{"fajr":"05:00","sunrise":"06:31","dohr":"13:32","asr":"17:08","maghreb":"20:23","ichaa":"21:41"},"6":{"fajr":"05:01","sunrise":"06:32","dohr":"13:32","asr":"17:08","maghreb":"20:22","ichaa":"21:40"},"7":{"fajr":"05:02","sunrise":"06:32","dohr":"13:32","asr":"17:07","maghreb":"20:21","ichaa":"21:39"},"8":{"fajr":"05:03","sunrise":"06:33","dohr":"13:32","asr":"17:07","maghreb":"20:20","ichaa":"21:37"},"9":{"fajr":"05:04","sunrise":"06:34","dohr":"13:31","asr":"17:07","maghreb":"20:19","ichaa":"21:36"},"10":{"fajr":"05:05","sunrise":"06:34","dohr":"13:31","asr":"17:07","maghreb":"20:18","ichaa":"21:35"},"11":{"fajr":"05:06","sunrise":"06:35","dohr":"13:31","asr":"17:06","maghreb":"20:17","ichaa":"21:34"},"12":{"fajr":"05:07","sunrise":"06:36","dohr":"13:31","asr":"17:06","maghreb":"20:16","ichaa":"21:32"},"13":{"fajr":"05:08","sunrise":"06:36","dohr":"13:31","asr":"17:06","maghreb":"20:15","ichaa":"21:31"},"14":{"fajr":"05:09","sunrise":"06:37","dohr":"13:31","asr":"17:05","maghreb":"20:14","ichaa":"21:30"},"15":{"fajr":"05:10","sunrise":"06:38","dohr":"13:30","asr":"17:05","maghreb":"20:13","ichaa":"21:29"},"16":{"fajr":"05:11","sunrise":"06:38","dohr":"13:30","asr":"17:05","maghreb":"20:12","ichaa":"21:27"},"17":{"fajr":"05:12","sunrise":"06:39","dohr":"13:30","asr":"17:04","maghreb":"20:11","ichaa":"21:26"},"18":{"fajr":"05:13","sunrise":"06:40","dohr":"13:30","asr":"17:04","maghreb":"20:10","ichaa":"21:25"},"19":{"fajr":"05:14","sunrise":"06:40","dohr":"13:29","asr":"17:03","maghreb":"20:08","ichaa":"21:23"},"20":{"fajr":"05:15","sunrise":"06:41","dohr":"13:29","asr":"17:03","maghreb":"20:07","ichaa":"21:22"},"21":{"fajr":"05:16","sunrise":"06:42","dohr":"13:29","asr":"17:02","maghreb":"20:06","ichaa":"21:20"},"22":{"fajr":"05:17","sunrise":"06:42","dohr":"13:29","asr":"17:02","maghreb":"20:05","ichaa":"21:19"},"23":{"fajr":"05:17","sunrise":"06:43","dohr":"13:28","asr":"17:02","maghreb":"20:04","ichaa":"21:18"},"24":{"fajr":"05:18","sunrise":"06:44","dohr":"13:28","asr":"17:01","maghreb":"20:03","ichaa":"21:16"},"25":{"fajr":"05:19","sunrise":"06:44","dohr":"13:28","asr":"17:01","maghreb":"20:01","ichaa":"21:15"},"26":{"fajr":"05:20","sunrise":"06:45","dohr":"13:28","asr":"17:00","maghreb":"20:00","ichaa":"21:13"},"27":{"fajr":"05:21","sunrise":"06:46","dohr":"13:27","asr":"16:59","maghreb":"19:59","ichaa":"21:12"},"28":{"fajr":"05:22","sunrise":"06:46","dohr":"13:27","asr":"16:59","maghreb":"19:58","ichaa":"21:11"},"29":{"fajr":"05:23","sunrise":"06:47","dohr":"13:27","asr":"16:58","maghreb":"19:56","ichaa":"21:09"},"30":{"fajr":"05:24","sunrise":"06:48","dohr":"13:26","asr":"16:58","maghreb":"19:55","ichaa":"21:08"},"31":{"fajr":"05:25","sunrise":"06:48","dohr":"13:26","asr":"16:57","maghreb":"19:54","ichaa":"21:06"}}