{"1":{"fajr":"06:54","sunrise":"08:26","dohr":"13:30","asr":"16:01","maghreb":"18:26","ichaa":"19:45"},"2":{"fajr":"06:55","sunrise":"08:26","dohr":"13:31","asr":"16:02","maghreb":"18:26","ichaa":"19:46"},"3":{"fajr":"06:55","sunrise":"08:26","dohr":"13:31","asr":"16:03","maghreb":"18:27","ichaa":"19:47"},"4":{"fajr":"06:55","sunrise":"08:26","dohr":"13:32","asr":"16:04","maghreb":"18:28","ichaa":"19:48"},"5":{"fajr":"06:55","sunrise":"08:26","dohr":"13:32","asr":"16:04","maghreb":"18:29","ichaa":"19:48"},"6":{"fajr":"06:55","sunrise":"08:26","dohr":"13:32","asr":"16:05","maghreb":"18:30","ichaa":"19:49"},"7":{"fajr":"06:55","sunrise":"08:26","dohr":"13:33","asr":"16:06","maghreb":"18:31","ichaa":"19:50"},"8":{"fajr":"06:55","sunrise":"08:26","dohr":"13:33","asr":"16:07","maghreb":"18:31","ichaa":"19:51"},"9":{"fajr":"06:55","sunrise":"08:26","dohr":"13:34","asr":"16:08","maghreb":"18:32","ichaa":"19:52"},"10":{"fajr":"06:55","sunrise":"08:26","dohr":"13:34","asr":"16:09","maghreb":"18:33","ichaa":"19:52"},"11":{"fajr":"06:55","sunrise":"08:26","dohr":"13:35","asr":"16:09","maghreb":"18:34","ichaa":"19:53"},"12":{"fajr":"06:55","sunrise":"08:26","dohr":"13:35","asr":"16:10","maghreb":"18:35","ichaa":"19:54"},"13":{"fajr":"06:55","sunrise":"08:26","dohr":"13:35","asr":"16:11","maghreb":"18:36","ichaa":"19:55"},"14":{"fajr":"06:55","sunrise":"08:25","dohr":"13:36","asr":"16:12","maghreb":"18:37","ichaa":"19:56"},"15":{"fajr":"06:55","sunrise":"08:25","dohr":"13:36","asr":"16:13","maghreb":"18:38","ichaa":"19:57"},"16":{"fajr":"06:55","sunrise":"08:25","dohr":"13:36","asr":"16:14","maghreb":"18:39","ichaa":"19:57"},"17":{"fajr":"06:55","sunrise":"08:24","dohr":"13:37","asr":"16:15","maghreb":"18:40","ichaa":"19:58"},"18":{"fajr":"06:55","sunrise":"08:24","dohr":"13:37","asr":"16:16","maghreb":"18:41","ichaa":"19:59"},"19":{"fajr":"06:54","sunrise":"08:24","dohr":"13:37","asr":"16:16","maghreb":"18:42","ichaa":"20:00"},"20":{"fajr":"06:54","sunrise":"08:23","dohr":"13:38","asr":"16:17","maghreb":"18:43","ichaa":"20:01"},"21":{"fajr":"06:54","sunrise":"08:23","dohr":"13:38","asr":"16:18","maghreb":"18:44","ichaa":"20:02"},"22":{"fajr":"06:53","sunrise":"08:22","dohr":"13:38","asr":"16:19","maghreb":"18:45","ichaa":"20:03"},"23":{"fajr":"06:53","sunrise":"08:22","dohr":"13:38","asr":"16:20","maghreb":"18:46","ichaa":"20:04"},"24":{"fajr":"06:53","sunrise":"08:21","dohr":"13:39","asr":"16:21","maghreb":"18:47","ichaa":"20:04"},"25":{"fajr":"06:52","sunrise":"08:21","dohr":"13:39","asr":"16:22","maghreb":"18:48","ichaa":"20:05"},"26":{"fajr":"06:52","sunrise":"08:20","dohr":"13:39","asr":"16:23","maghreb":"18:49","ichaa":"20:06"},"27":{"fajr":"06:51","sunrise":"08:20","dohr":"13:39","asr":"16:24","maghreb":"18:50","ichaa":"20:07"},"28":{"fajr":"06:51","sunrise":"08:19","dohr":"13:39","asr":"16:24","maghreb":"18:51","ichaa":"20:08"},"29":{"fajr":"06:50","sunrise":"08:18","dohr":"13:40","asr":"16:25","maghreb":"18:52","ichaa":"20:09"},"30":{"fajr":"06:50","sunrise":"08:18","dohr":"13:40","asr":"16:26","maghreb":"18:53","ichaa":"20:10"},"31":{"fajr":"06:49","sunrise":"08:17","dohr":"13:40","asr":"16:27","maghreb":"18:54","ichaa":"20:11"}}