{"1":{"fajr":"05:36","sunrise":"07:03","dohr":"13:30","asr":"16:59","maghreb":"19:49","ichaa":"21:05"},"2":{"fajr":"05:34","sunrise":"07:02","dohr":"13:30","asr":"16:59","maghreb":"19:50","ichaa":"21:06"},"3":{"fajr":"05:32","sunrise":"07:00","dohr":"13:30","asr":"17:00","maghreb":"19:50","ichaa":"21:07"},"4":{"fajr":"05:31","sunrise":"06:59","dohr":"13:29","asr":"17:00","maghreb":"19:51","ichaa":"21:08"},"5":{"fajr":"05:29","sunrise":"06:57","dohr":"13:29","asr":"17:00","maghreb":"19:52","ichaa":"21:09"},"6":{"fajr":"05:27","sunrise":"06:56","dohr":"13:29","asr":"17:00","maghreb":"19:53","ichaa":"21:10"},"7":{"fajr":"05:26","sunrise":"06:55","dohr":"13:29","asr":"17:00","maghreb":"19:54","ichaa":"21:11"},"8":{"fajr":"05:24","sunrise":"06:53","dohr":"13:28","asr":"17:01","maghreb":"19:55","ichaa":"21:12"},"9":{"fajr":"05:23","sunrise":"06:52","dohr":"13:28","asr":"17:01","maghreb":"19:55","ichaa":"21:13"},"10":{"fajr":"05:21","sunrise":"06:51","dohr":"13:28","asr":"17:01","maghreb":"19:56","ichaa":"21:14"},"11":{"fajr":"05:19","sunrise":"06:49","dohr":"13:28","asr":"17:01","maghreb":"19:57","ichaa":"21:15"},"12":{"fajr":"05:18","sunrise":"06:48","dohr":"13:27","asr":"17:01","maghreb":"19:58","ichaa":"21:16"},"13":{"fajr":"05:16","sunrise":"06:47","dohr":"13:27","asr":"17:01","maghreb":"19:59","ichaa":"21:17"},"14":{"fajr":"05:15","sunrise":"06:45","dohr":"13:27","asr":"17:02","maghreb":"20:00","ichaa":"21:18"},"15":{"fajr":"05:13","sunrise":"06:44","dohr":"13:26","asr":"17:02","maghreb":"20:00","ichaa":"21:19"},"16":{"fajr":"05:11","sunrise":"06:43","dohr":"13:26","asr":"17:02","maghreb":"20:01","ichaa":"21:20"},"17":{"fajr":"05:10","sunrise":"06:41","dohr":"13:26","asr":"17:02","maghreb":"20:02","ichaa":"21:21"},"18":{"fajr":"05:08","sunrise":"06:40","dohr":"13:26","asr":"17:02","maghreb":"20:03","ichaa":"21:23"},"19":{"fajr":"05:07","sunrise":"06:39","dohr":"13:26","asr":"17:02","maghreb":"20:04","ichaa":"21:24"},"20":{"fajr":"05:05","sunrise":"06:37","dohr":"13:25","asr":"17:02","maghreb":"20:05","ichaa":"21:25"},"21":{"fajr":"05:04","sunrise":"06:36","dohr":"13:25","asr":"17:02","maghreb":"20:05","ichaa":"21:26"},"22":{"fajr":"05:02","sunrise":"06:35","dohr":"13:25","asr":"17:03","maghreb":"20:06","ichaa":"21:27"},"23":{"fajr":"05:00","sunrise":"06:34","dohr":"13:25","asr":"17:03","maghreb":"20:07","ichaa":"21:28"},"24":{"fajr":"04:59","sunrise":"06:33","dohr":"13:25","asr":"17:03","maghreb":"20:08","ichaa":"21:29"},"25":{"fajr":"04:57","sunrise":"06:31","dohr":"13:24","asr":"17:03","maghreb":"20:09","ichaa":"21:30"},"26":{"fajr":"04:56","sunrise":"06:30","dohr":"13:24","asr":"17:03","maghreb":"20:10","ichaa":"21:32"},"27":{"fajr":"04:54","sunrise":"06:29","dohr":"13:24","asr":"17:03","maghreb":"20:11","ichaa":"21:33"},"28":{"fajr":"04:53","sunrise":"06:28","dohr":"13:24","asr":"17:03","maghreb":"20:11","ichaa":"21:34"},"29":{"fajr":"04:51","sunrise":"06:27","dohr":"13:24","asr":"17:03","maghreb":"20:12","ichaa":"21:35"},"30":{"fajr":"04:50","sunrise":"06:26","dohr":"13:24","asr":"17:03","maghreb":"20:13","ichaa":"21:36"}}