{"1":{"fajr":"04:14","sunrise":"06:02","dohr":"13:24","asr":"17:08","maghreb":"20:38","ichaa":"22:11"},"2":{"fajr":"04:13","sunrise":"06:02","dohr":"13:25","asr":"17:08","maghreb":"20:39","ichaa":"22:12"},"3":{"fajr":"04:13","sunrise":"06:01","dohr":"13:25","asr":"17:08","maghreb":"20:39","ichaa":"22:12"},"4":{"fajr":"04:12","sunrise":"06:01","dohr":"13:25","asr":"17:09","maghreb":"20:40","ichaa":"22:13"},"5":{"fajr":"04:12","sunrise":"06:01","dohr":"13:25","asr":"17:09","maghreb":"20:40","ichaa":"22:14"},"6":{"fajr":"04:11","sunrise":"06:01","dohr":"13:25","asr":"17:09","maghreb":"20:41","ichaa":"22:15"},"7":{"fajr":"04:11","sunrise":"06:00","dohr":"13:25","asr":"17:09","maghreb":"20:41","ichaa":"22:15"},"8":{"fajr":"04:11","sunrise":"06:00","dohr":"13:26","asr":"17:09","maghreb":"20:42","ichaa":"22:16"},"9":{"fajr":"04:10","sunrise":"06:00","dohr":"13:26","asr":"17:10","maghreb":"20:42","ichaa":"22:17"},"10":{"fajr":"04:10","sunrise":"06:00","dohr":"13:26","asr":"17:10","maghreb":"20:43","ichaa":"22:17"},"11":{"fajr":"04:10","sunrise":"06:00","dohr":"13:26","asr":"17:10","maghreb":"20:43","ichaa":"22:18"},"12":{"fajr":"04:10","sunrise":"06:00","dohr":"13:26","asr":"17:10","maghreb":"20:44","ichaa":"22:18"},"13":{"fajr":"04:09","sunrise":"06:00","dohr":"13:27","asr":"17:11","maghreb":"20:44","ichaa":"22:19"},"14":{"fajr":"04:09","sunrise":"06:00","dohr":"13:27","asr":"17:11","maghreb":"20:45","ichaa":"22:19"},"15":{"fajr":"04:09","sunrise":"06:00","dohr":"13:27","asr":"17:11","maghreb":"20:45","ichaa":"22:20"},"16":{"fajr":"04:09","sunrise":"06:00","dohr":"13:27","asr":"17:11","maghreb":"20:45","ichaa":"22:20"},"17":{"fajr":"04:09","sunrise":"06:00","dohr":"13:28","asr":"17:11","maghreb":"20:46","ichaa":"22:21"},"18":{"fajr":"04:09","sunrise":"06:00","dohr":"13:28","asr":"17:12","maghreb":"20:46","ichaa":"22:21"},"19":{"fajr":"04:09","sunrise":"06:01","dohr":"13:28","asr":"17:12","maghreb":"20:46","ichaa":"22:21"},"20":{"fajr":"04:10","sunrise":"06:01","dohr":"13:28","asr":"17:12","maghreb":"20:46","ichaa":"22:22"},"21":{"fajr":"04:10","sunrise":"06:01","dohr":"13:28","asr":"17:12","maghreb":"20:47","ichaa":"22:22"},"22":{"fajr":"04:10","sunrise":"06:01","dohr":"13:29","asr":"17:12","maghreb":"20:47","ichaa":"22:22"},"23":{"fajr":"04:10","sunrise":"06:01","dohr":"13:29","asr":"17:13","maghreb":"20:47","ichaa":"22:22"},"24":{"fajr":"04:11","sunrise":"06:02","dohr":"13:29","asr":"17:13","maghreb":"20:47","ichaa":"22:22"},"25":{"fajr":"04:11","sunrise":"06:02","dohr":"13:29","asr":"17:13","maghreb":"20:47","ichaa":"22:22"},"26":{"fajr":"04:11","sunrise":"06:02","dohr":"13:29","asr":"17:13","maghreb":"20:47","ichaa":"22:22"},"27":{"fajr":"04:12","sunrise":"06:03","dohr":"13:30","asr":"17:14","maghreb":"20:47","ichaa":"22:22"},"28":{"fajr":"04:12","sunrise":"06:03","dohr":"13:30","asr":"17:14","maghreb":"20:47","ichaa":"22:22"},"29":{"fajr":"04:13","sunrise":"06:03","dohr":"13:30","asr":"17:14","maghreb":"20:47","ichaa":"22:22"},"30":{"fajr":"04:13","sunrise":"06:04","dohr":"13:30","asr":"17:14","maghreb":"20:47","ichaa":"22:22"}}