{"1":{"fajr":"04:44","sunrise":"06:25","dohr":"13:33","asr":"17:14","maghreb":"20:31","ichaa":"21:57"},"2":{"fajr":"04:46","sunrise":"06:26","dohr":"13:33","asr":"17:14","maghreb":"20:30","ichaa":"21:56"},"3":{"fajr":"04:47","sunrise":"06:26","dohr":"13:33","asr":"17:14","maghreb":"20:29","ichaa":"21:55"},"4":{"fajr":"04:48","sunrise":"06:27","dohr":"13:33","asr":"17:14","maghreb":"20:28","ichaa":"21:53"},"5":{"fajr":"04:49","sunrise":"06:28","dohr":"13:33","asr":"17:13","maghreb":"20:27","ichaa":"21:52"},"6":{"fajr":"04:50","sunrise":"06:29","dohr":"13:32","asr":"17:13","maghreb":"20:26","ichaa":"21:51"},"7":{"fajr":"04:51","sunrise":"06:29","dohr":"13:32","asr":"17:13","maghreb":"20:25","ichaa":"21:49"},"8":{"fajr":"04:53","sunrise":"06:30","dohr":"13:32","asr":"17:12","maghreb":"20:24","ichaa":"21:48"},"9":{"fajr":"04:54","sunrise":"06:31","dohr":"13:32","asr":"17:12","maghreb":"20:23","ichaa":"21:47"},"10":{"fajr":"04:55","sunrise":"06:32","dohr":"13:32","asr":"17:12","maghreb":"20:22","ichaa":"21:45"},"11":{"fajr":"04:56","sunrise":"06:33","dohr":"13:32","asr":"17:11","maghreb":"20:21","ichaa":"21:44"},"12":{"fajr":"04:57","sunrise":"06:33","dohr":"13:32","asr":"17:11","maghreb":"20:20","ichaa":"21:42"},"13":{"fajr":"04:58","sunrise":"06:34","dohr":"13:31","asr":"17:10","maghreb":"20:19","ichaa":"21:41"},"14":{"fajr":"05:00","sunrise":"06:35","dohr":"13:31","asr":"17:10","maghreb":"20:18","ichaa":"21:40"},"15":{"fajr":"05:01","sunrise":"06:36","dohr":"13:31","asr":"17:10","maghreb":"20:16","ichaa":"21:38"},"16":{"fajr":"05:02","sunrise":"06:37","dohr":"13:31","asr":"17:09","maghreb":"20:15","ichaa":"21:37"},"17":{"fajr":"05:03","sunrise":"06:37","dohr":"13:31","asr":"17:09","maghreb":"20:14","ichaa":"21:35"},"18":{"fajr":"05:04","sunrise":"06:38","dohr":"13:30","asr":"17:08","maghreb":"20:13","ichaa":"21:34"},"19":{"fajr":"05:05","sunrise":"06:39","dohr":"13:30","asr":"17:08","maghreb":"20:11","ichaa":"21:32"},"20":{"fajr":"05:06","sunrise":"06:40","dohr":"13:30","asr":"17:07","maghreb":"20:10","ichaa":"21:31"},"21":{"fajr":"05:07","sunrise":"06:40","dohr":"13:30","asr":"17:06","maghreb":"20:09","ichaa":"21:29"},"22":{"fajr":"05:09","sunrise":"06:41","dohr":"13:29","asr":"17:06","maghreb":"20:08","ichaa":"21:27"},"23":{"fajr":"05:10","sunrise":"06:42","dohr":"13:29","asr":"17:05","maghreb":"20:06","ichaa":"21:26"},"24":{"fajr":"05:11","sunrise":"06:43","dohr":"13:29","asr":"17:05","maghreb":"20:05","ichaa":"21:24"},"25":{"fajr":"05:12","sunrise":"06:44","dohr":"13:29","asr":"17:04","maghreb":"20:04","ichaa":"21:23"},"26":{"fajr":"05:13","sunrise":"06:44","dohr":"13:28","asr":"17:03","maghreb":"20:02","ichaa":"21:21"},"27":{"fajr":"05:14","sunrise":"06:45","dohr":"13:28","asr":"17:03","maghreb":"20:01","ichaa":"21:20"},"28":{"fajr":"05:15","sunrise":"06:46","dohr":"13:28","asr":"17:02","maghreb":"20:00","ichaa":"21:18"},"29":{"fajr":"05:16","sunrise":"06:47","dohr":"13:27","asr":"17:01","maghreb":"19:58","ichaa":"21:16"},"30":{"fajr":"05:17","sunrise":"06:47","dohr":"13:27","asr":"17:01","maghreb":"19:57","ichaa":"21:15"},"31":{"fajr":"05:18","sunrise":"06:48","dohr":"13:27","asr":"17:00","maghreb":"19:56","ichaa":"21:13"}}