{"1":{"fajr":"05:19","sunrise":"06:49","dohr":"13:26","asr":"16:59","maghreb":"19:54","ichaa":"21:12"},"2":{"fajr":"05:20","sunrise":"06:50","dohr":"13:26","asr":"16:58","maghreb":"19:53","ichaa":"21:10"},"3":{"fajr":"05:21","sunrise":"06:50","dohr":"13:26","asr":"16:58","maghreb":"19:51","ichaa":"21:08"},"4":{"fajr":"05:22","sunrise":"06:51","dohr":"13:25","asr":"16:57","maghreb":"19:50","ichaa":"21:07"},"5":{"fajr":"05:23","sunrise":"06:52","dohr":"13:25","asr":"16:56","maghreb":"19:49","ichaa":"21:05"},"6":{"fajr":"05:24","sunrise":"06:53","dohr":"13:25","asr":"16:55","maghreb":"19:47","ichaa":"21:04"},"7":{"fajr":"05:25","sunrise":"06:53","dohr":"13:24","asr":"16:55","maghreb":"19:46","ichaa":"21:02"},"8":{"fajr":"05:26","sunrise":"06:54","dohr":"13:24","asr":"16:54","maghreb":"19:44","ichaa":"21:00"},"9":{"fajr":"05:27","sunrise":"06:55","dohr":"13:24","asr":"16:53","maghreb":"19:43","ichaa":"20:59"},"10":{"fajr":"05:28","sunrise":"06:56","dohr":"13:23","asr":"16:52","maghreb":"19:41","ichaa":"20:57"},"11":{"fajr":"05:29","sunrise":"06:56","dohr":"13:23","asr":"16:51","maghreb":"19:40","ichaa":"20:56"},"12":{"fajr":"05:30","sunrise":"06:57","dohr":"13:23","asr":"16:50","maghreb":"19:38","ichaa":"20:54"},"13":{"fajr":"05:31","sunrise":"06:58","dohr":"13:22","asr":"16:49","maghreb":"19:37","ichaa":"20:52"},"14":{"fajr":"05:32","sunrise":"06:59","dohr":"13:22","asr":"16:48","maghreb":"19:35","ichaa":"20:51"},"15":{"fajr":"05:32","sunrise":"06:59","dohr":"13:22","asr":"16:48","maghreb":"19:34","ichaa":"20:49"},"16":{"fajr":"05:33","sunrise":"07:00","dohr":"13:21","asr":"16:47","maghreb":"19:33","ichaa":"20:48"},"17":{"fajr":"05:34","sunrise":"07:01","dohr":"13:21","asr":"16:46","maghreb":"19:31","ichaa":"20:46"},"18":{"fajr":"05:35","sunrise":"07:02","dohr":"13:21","asr":"16:45","maghreb":"19:30","ichaa":"20:45"},"19":{"fajr":"05:36","sunrise":"07:02","dohr":"13:20","asr":"16:44","maghreb":"19:28","ichaa":"20:43"},"20":{"fajr":"05:37","sunrise":"07:03","dohr":"13:20","asr":"16:43","maghreb":"19:27","ichaa":"20:41"},"21":{"fajr":"05:38","sunrise":"07:04","dohr":"13:20","asr":"16:42","maghreb":"19:25","ichaa":"20:40"},"22":{"fajr":"05:39","sunrise":"07:05","dohr":"13:19","asr":"16:41","maghreb":"19:24","ichaa":"20:38"},"23":{"fajr":"05:40","sunrise":"07:05","dohr":"13:19","asr":"16:40","maghreb":"19:22","ichaa":"20:37"},"24":{"fajr":"05:40","sunrise":"07:06","dohr":"13:18","asr":"16:39","maghreb":"19:21","ichaa":"20:35"},"25":{"fajr":"05:41","sunrise":"07:07","dohr":"13:18","asr":"16:38","maghreb":"19:19","ichaa":"20:34"},"26":{"fajr":"05:42","sunrise":"07:08","dohr":"13:18","asr":"16:37","maghreb":"19:18","ichaa":"20:32"},"27":{"fajr":"05:43","sunrise":"07:09","dohr":"13:17","asr":"16:36","maghreb":"19:16","ichaa":"20:31"},"28":{"fajr":"05:44","sunrise":"07:09","dohr":"13:17","asr":"16:35","maghreb":"19:15","ichaa":"20:29"},"29":{"fajr":"05:45","sunrise":"07:10","dohr":"13:17","asr":"16:34","maghreb":"19:14","ichaa":"20:28"},"30":{"fajr":"05:45","sunrise":"07:11","dohr":"13:16","asr":"16:33","maghreb":"19:12","ichaa":"20:26"}}