{"1":{"fajr":"06:15","sunrise":"07:35","dohr":"13:31","asr":"16:43","maghreb":"19:18","ichaa":"20:28"},"2":{"fajr":"06:13","sunrise":"07:34","dohr":"13:31","asr":"16:43","maghreb":"19:19","ichaa":"20:29"},"3":{"fajr":"06:12","sunrise":"07:33","dohr":"13:31","asr":"16:44","maghreb":"19:19","ichaa":"20:30"},"4":{"fajr":"06:11","sunrise":"07:32","dohr":"13:31","asr":"16:44","maghreb":"19:20","ichaa":"20:31"},"5":{"fajr":"06:10","sunrise":"07:31","dohr":"13:30","asr":"16:45","maghreb":"19:21","ichaa":"20:31"},"6":{"fajr":"06:09","sunrise":"07:29","dohr":"13:30","asr":"16:45","maghreb":"19:22","ichaa":"20:32"},"7":{"fajr":"06:07","sunrise":"07:28","dohr":"13:30","asr":"16:45","maghreb":"19:22","ichaa":"20:33"},"8":{"fajr":"06:06","sunrise":"07:27","dohr":"13:30","asr":"16:46","maghreb":"19:23","ichaa":"20:34"},"9":{"fajr":"06:05","sunrise":"07:26","dohr":"13:29","asr":"16:46","maghreb":"19:24","ichaa":"20:34"},"10":{"fajr":"06:04","sunrise":"07:25","dohr":"13:29","asr":"16:46","maghreb":"19:25","ichaa":"20:35"},"11":{"fajr":"06:02","sunrise":"07:23","dohr":"13:29","asr":"16:47","maghreb":"19:25","ichaa":"20:36"},"12":{"fajr":"06:01","sunrise":"07:22","dohr":"13:29","asr":"16:47","maghreb":"19:26","ichaa":"20:37"},"13":{"fajr":"06:00","sunrise":"07:21","dohr":"13:28","asr":"16:47","maghreb":"19:27","ichaa":"20:37"},"14":{"fajr":"05:59","sunrise":"07:19","dohr":"13:28","asr":"16:47","maghreb":"19:28","ichaa":"20:38"},"15":{"fajr":"05:57","sunrise":"07:18","dohr":"13:28","asr":"16:48","maghreb":"19:28","ichaa":"20:39"},"16":{"fajr":"05:56","sunrise":"07:17","dohr":"13:27","asr":"16:48","maghreb":"19:29","ichaa":"20:40"},"17":{"fajr":"05:55","sunrise":"07:16","dohr":"13:27","asr":"16:48","maghreb":"19:30","ichaa":"20:40"},"18":{"fajr":"05:53","sunrise":"07:14","dohr":"13:27","asr":"16:48","maghreb":"19:30","ichaa":"20:41"},"19":{"fajr":"05:52","sunrise":"07:13","dohr":"13:27","asr":"16:49","maghreb":"19:31","ichaa":"20:42"},"20":{"fajr":"05:50","sunrise":"07:12","dohr":"13:26","asr":"16:49","maghreb":"19:32","ichaa":"20:43"},"21":{"fajr":"05:49","sunrise":"07:10","dohr":"13:26","asr":"16:49","maghreb":"19:33","ichaa":"20:43"},"22":{"fajr":"05:48","sunrise":"07:09","dohr":"13:26","asr":"16:49","maghreb":"19:33","ichaa":"20:44"},"23":{"fajr":"05:46","sunrise":"07:08","dohr":"13:25","asr":"16:49","maghreb":"19:34","ichaa":"20:45"},"24":{"fajr":"05:45","sunrise":"07:07","dohr":"13:25","asr":"16:49","maghreb":"19:35","ichaa":"20:46"},"25":{"fajr":"05:43","sunrise":"07:05","dohr":"13:25","asr":"16:50","maghreb":"19:35","ichaa":"20:46"},"26":{"fajr":"05:42","sunrise":"07:04","dohr":"13:24","asr":"16:50","maghreb":"19:36","ichaa":"20:47"},"27":{"fajr":"05:41","sunrise":"07:03","dohr":"13:24","asr":"16:50","maghreb":"19:37","ichaa":"20:48"},"28":{"fajr":"05:39","sunrise":"07:01","dohr":"13:24","asr":"16:50","maghreb":"19:37","ichaa":"20:49"},"29":{"fajr":"05:38","sunrise":"07:00","dohr":"13:24","asr":"16:50","maghreb":"19:38","ichaa":"20:50"},"30":{"fajr":"05:36","sunrise":"06:59","dohr":"13:23","asr":"16:50","maghreb":"19:39","ichaa":"20:50"},"31":{"fajr":"05:35","sunrise":"06:58","dohr":"13:23","asr":"16:50","maghreb":"19:39","ichaa":"20:51"}}