{"1":{"fajr":"05:33","sunrise":"06:56","dohr":"13:23","asr":"16:50","maghreb":"19:40","ichaa":"20:52"},"2":{"fajr":"05:32","sunrise":"06:55","dohr":"13:22","asr":"16:51","maghreb":"19:41","ichaa":"20:53"},"3":{"fajr":"05:31","sunrise":"06:54","dohr":"13:22","asr":"16:51","maghreb":"19:42","ichaa":"20:54"},"4":{"fajr":"05:29","sunrise":"06:52","dohr":"13:22","asr":"16:51","maghreb":"19:42","ichaa":"20:55"},"5":{"fajr":"05:28","sunrise":"06:51","dohr":"13:22","asr":"16:51","maghreb":"19:43","ichaa":"20:55"},"6":{"fajr":"05:26","sunrise":"06:50","dohr":"13:21","asr":"16:51","maghreb":"19:44","ichaa":"20:56"},"7":{"fajr":"05:25","sunrise":"06:49","dohr":"13:21","asr":"16:51","maghreb":"19:44","ichaa":"20:57"},"8":{"fajr":"05:23","sunrise":"06:47","dohr":"13:21","asr":"16:51","maghreb":"19:45","ichaa":"20:58"},"9":{"fajr":"05:22","sunrise":"06:46","dohr":"13:20","asr":"16:51","maghreb":"19:46","ichaa":"20:59"},"10":{"fajr":"05:20","sunrise":"06:45","dohr":"13:20","asr":"16:51","maghreb":"19:46","ichaa":"21:00"},"11":{"fajr":"05:19","sunrise":"06:44","dohr":"13:20","asr":"16:51","maghreb":"19:47","ichaa":"21:01"},"12":{"fajr":"05:18","sunrise":"06:42","dohr":"13:20","asr":"16:51","maghreb":"19:48","ichaa":"21:02"},"13":{"fajr":"05:16","sunrise":"06:41","dohr":"13:19","asr":"16:51","maghreb":"19:49","ichaa":"21:02"},"14":{"fajr":"05:15","sunrise":"06:40","dohr":"13:19","asr":"16:51","maghreb":"19:49","ichaa":"21:03"},"15":{"fajr":"05:13","sunrise":"06:39","dohr":"13:19","asr":"16:51","maghreb":"19:50","ichaa":"21:04"},"16":{"fajr":"05:12","sunrise":"06:38","dohr":"13:19","asr":"16:51","maghreb":"19:51","ichaa":"21:05"},"17":{"fajr":"05:10","sunrise":"06:36","dohr":"13:18","asr":"16:51","maghreb":"19:51","ichaa":"21:06"},"18":{"fajr":"05:09","sunrise":"06:35","dohr":"13:18","asr":"16:51","maghreb":"19:52","ichaa":"21:07"},"19":{"fajr":"05:08","sunrise":"06:34","dohr":"13:18","asr":"16:51","maghreb":"19:53","ichaa":"21:08"},"20":{"fajr":"05:06","sunrise":"06:33","dohr":"13:18","asr":"16:51","maghreb":"19:54","ichaa":"21:09"},"21":{"fajr":"05:05","sunrise":"06:32","dohr":"13:18","asr":"16:51","maghreb":"19:54","ichaa":"21:10"},"22":{"fajr":"05:03","sunrise":"06:31","dohr":"13:17","asr":"16:51","maghreb":"19:55","ichaa":"21:11"},"23":{"fajr":"05:02","sunrise":"06:30","dohr":"13:17","asr":"16:51","maghreb":"19:56","ichaa":"21:12"},"24":{"fajr":"05:01","sunrise":"06:29","dohr":"13:17","asr":"16:51","maghreb":"19:56","ichaa":"21:13"},"25":{"fajr":"04:59","sunrise":"06:27","dohr":"13:17","asr":"16:51","maghreb":"19:57","ichaa":"21:14"},"26":{"fajr":"04:58","sunrise":"06:26","dohr":"13:17","asr":"16:51","maghreb":"19:58","ichaa":"21:15"},"27":{"fajr":"04:57","sunrise":"06:25","dohr":"13:16","asr":"16:51","maghreb":"19:59","ichaa":"21:16"},"28":{"fajr":"04:55","sunrise":"06:24","dohr":"13:16","asr":"16:51","maghreb":"19:59","ichaa":"21:17"},"29":{"fajr":"04:54","sunrise":"06:23","dohr":"13:16","asr":"16:51","maghreb":"20:00","ichaa":"21:18"},"30":{"fajr":"04:53","sunrise":"06:22","dohr":"13:16","asr":"16:51","maghreb":"20:01","ichaa":"21:19"}}