{"1":{"fajr":"04:22","sunrise":"06:02","dohr":"13:17","asr":"16:53","maghreb":"20:23","ichaa":"21:48"},"2":{"fajr":"04:22","sunrise":"06:01","dohr":"13:17","asr":"16:53","maghreb":"20:23","ichaa":"21:49"},"3":{"fajr":"04:21","sunrise":"06:01","dohr":"13:17","asr":"16:53","maghreb":"20:24","ichaa":"21:50"},"4":{"fajr":"04:21","sunrise":"06:01","dohr":"13:17","asr":"16:54","maghreb":"20:24","ichaa":"21:51"},"5":{"fajr":"04:21","sunrise":"06:01","dohr":"13:17","asr":"16:54","maghreb":"20:25","ichaa":"21:51"},"6":{"fajr":"04:20","sunrise":"06:00","dohr":"13:18","asr":"16:54","maghreb":"20:25","ichaa":"21:52"},"7":{"fajr":"04:20","sunrise":"06:00","dohr":"13:18","asr":"16:54","maghreb":"20:26","ichaa":"21:52"},"8":{"fajr":"04:20","sunrise":"06:00","dohr":"13:18","asr":"16:54","maghreb":"20:26","ichaa":"21:53"},"9":{"fajr":"04:19","sunrise":"06:00","dohr":"13:18","asr":"16:54","maghreb":"20:27","ichaa":"21:54"},"10":{"fajr":"04:19","sunrise":"06:00","dohr":"13:18","asr":"16:55","maghreb":"20:27","ichaa":"21:54"},"11":{"fajr":"04:19","sunrise":"06:00","dohr":"13:19","asr":"16:55","maghreb":"20:28","ichaa":"21:55"},"12":{"fajr":"04:19","sunrise":"06:00","dohr":"13:19","asr":"16:55","maghreb":"20:28","ichaa":"21:55"},"13":{"fajr":"04:19","sunrise":"06:00","dohr":"13:19","asr":"16:55","maghreb":"20:29","ichaa":"21:56"},"14":{"fajr":"04:19","sunrise":"06:00","dohr":"13:19","asr":"16:55","maghreb":"20:29","ichaa":"21:56"},"15":{"fajr":"04:19","sunrise":"06:00","dohr":"13:19","asr":"16:56","maghreb":"20:29","ichaa":"21:57"},"16":{"fajr":"04:19","sunrise":"06:00","dohr":"13:20","asr":"16:56","maghreb":"20:30","ichaa":"21:57"},"17":{"fajr":"04:19","sunrise":"06:00","dohr":"13:20","asr":"16:56","maghreb":"20:30","ichaa":"21:57"},"18":{"fajr":"04:19","sunrise":"06:01","dohr":"13:20","asr":"16:56","maghreb":"20:30","ichaa":"21:58"},"19":{"fajr":"04:19","sunrise":"06:01","dohr":"13:20","asr":"16:56","maghreb":"20:30","ichaa":"21:58"},"20":{"fajr":"04:19","sunrise":"06:01","dohr":"13:21","asr":"16:57","maghreb":"20:31","ichaa":"21:58"},"21":{"fajr":"04:19","sunrise":"06:01","dohr":"13:21","asr":"16:57","maghreb":"20:31","ichaa":"21:58"},"22":{"fajr":"04:20","sunrise":"06:01","dohr":"13:21","asr":"16:57","maghreb":"20:31","ichaa":"21:58"},"23":{"fajr":"04:20","sunrise":"06:02","dohr":"13:21","asr":"16:57","maghreb":"20:31","ichaa":"21:59"},"24":{"fajr":"04:20","sunrise":"06:02","dohr":"13:21","asr":"16:58","maghreb":"20:31","ichaa":"21:59"},"25":{"fajr":"04:21","sunrise":"06:02","dohr":"13:22","asr":"16:58","maghreb":"20:31","ichaa":"21:59"},"26":{"fajr":"04:21","sunrise":"06:03","dohr":"13:22","asr":"16:58","maghreb":"20:32","ichaa":"21:59"},"27":{"fajr":"04:21","sunrise":"06:03","dohr":"13:22","asr":"16:58","maghreb":"20:32","ichaa":"21:59"},"28":{"fajr":"04:22","sunrise":"06:03","dohr":"13:22","asr":"16:58","maghreb":"20:32","ichaa":"21:59"},"29":{"fajr":"04:22","sunrise":"06:04","dohr":"13:22","asr":"16:59","maghreb":"20:32","ichaa":"21:59"},"30":{"fajr":"04:23","sunrise":"06:04","dohr":"13:23","asr":"16:59","maghreb":"20:32","ichaa":"21:59"}}