{"1":{"fajr":"05:19","sunrise":"06:43","dohr":"13:19","asr":"16:49","maghreb":"19:44","ichaa":"20:58"},"2":{"fajr":"05:19","sunrise":"06:44","dohr":"13:18","asr":"16:49","maghreb":"19:43","ichaa":"20:56"},"3":{"fajr":"05:20","sunrise":"06:44","dohr":"13:18","asr":"16:48","maghreb":"19:42","ichaa":"20:55"},"4":{"fajr":"05:21","sunrise":"06:45","dohr":"13:18","asr":"16:47","maghreb":"19:41","ichaa":"20:53"},"5":{"fajr":"05:22","sunrise":"06:46","dohr":"13:17","asr":"16:47","maghreb":"19:39","ichaa":"20:52"},"6":{"fajr":"05:23","sunrise":"06:46","dohr":"13:17","asr":"16:46","maghreb":"19:38","ichaa":"20:50"},"7":{"fajr":"05:24","sunrise":"06:47","dohr":"13:17","asr":"16:45","maghreb":"19:37","ichaa":"20:49"},"8":{"fajr":"05:24","sunrise":"06:48","dohr":"13:16","asr":"16:45","maghreb":"19:35","ichaa":"20:47"},"9":{"fajr":"05:25","sunrise":"06:48","dohr":"13:16","asr":"16:44","maghreb":"19:34","ichaa":"20:46"},"10":{"fajr":"05:26","sunrise":"06:49","dohr":"13:16","asr":"16:43","maghreb":"19:33","ichaa":"20:44"},"11":{"fajr":"05:27","sunrise":"06:49","dohr":"13:15","asr":"16:42","maghreb":"19:31","ichaa":"20:43"},"12":{"fajr":"05:27","sunrise":"06:50","dohr":"13:15","asr":"16:42","maghreb":"19:30","ichaa":"20:42"},"13":{"fajr":"05:28","sunrise":"06:51","dohr":"13:15","asr":"16:41","maghreb":"19:29","ichaa":"20:40"},"14":{"fajr":"05:29","sunrise":"06:51","dohr":"13:14","asr":"16:40","maghreb":"19:27","ichaa":"20:39"},"15":{"fajr":"05:30","sunrise":"06:52","dohr":"13:14","asr":"16:39","maghreb":"19:26","ichaa":"20:37"},"16":{"fajr":"05:30","sunrise":"06:53","dohr":"13:14","asr":"16:39","maghreb":"19:25","ichaa":"20:36"},"17":{"fajr":"05:31","sunrise":"06:53","dohr":"13:13","asr":"16:38","maghreb":"19:23","ichaa":"20:34"},"18":{"fajr":"05:32","sunrise":"06:54","dohr":"13:13","asr":"16:37","maghreb":"19:22","ichaa":"20:33"},"19":{"fajr":"05:33","sunrise":"06:54","dohr":"13:13","asr":"16:36","maghreb":"19:21","ichaa":"20:32"},"20":{"fajr":"05:33","sunrise":"06:55","dohr":"13:12","asr":"16:35","maghreb":"19:19","ichaa":"20:30"},"21":{"fajr":"05:34","sunrise":"06:56","dohr":"13:12","asr":"16:35","maghreb":"19:18","ichaa":"20:29"},"22":{"fajr":"05:35","sunrise":"06:56","dohr":"13:12","asr":"16:34","maghreb":"19:17","ichaa":"20:27"},"23":{"fajr":"05:36","sunrise":"06:57","dohr":"13:11","asr":"16:33","maghreb":"19:15","ichaa":"20:26"},"24":{"fajr":"05:36","sunrise":"06:58","dohr":"13:11","asr":"16:32","maghreb":"19:14","ichaa":"20:25"},"25":{"fajr":"05:37","sunrise":"06:58","dohr":"13:10","asr":"16:31","maghreb":"19:13","ichaa":"20:23"},"26":{"fajr":"05:38","sunrise":"06:59","dohr":"13:10","asr":"16:30","maghreb":"19:11","ichaa":"20:22"},"27":{"fajr":"05:38","sunrise":"07:00","dohr":"13:10","asr":"16:29","maghreb":"19:10","ichaa":"20:20"},"28":{"fajr":"05:39","sunrise":"07:00","dohr":"13:09","asr":"16:29","maghreb":"19:09","ichaa":"20:19"},"29":{"fajr":"05:40","sunrise":"07:01","dohr":"13:09","asr":"16:28","maghreb":"19:07","ichaa":"20:18"},"30":{"fajr":"05:40","sunrise":"07:01","dohr":"13:09","asr":"16:27","maghreb":"19:06","ichaa":"20:16"}}