{"1":{"fajr":"06:21","sunrise":"07:47","dohr":"13:39","asr":"16:48","maghreb":"19:21","ichaa":"20:37"},"2":{"fajr":"06:20","sunrise":"07:46","dohr":"13:38","asr":"16:48","maghreb":"19:22","ichaa":"20:38"},"3":{"fajr":"06:18","sunrise":"07:45","dohr":"13:38","asr":"16:49","maghreb":"19:23","ichaa":"20:38"},"4":{"fajr":"06:17","sunrise":"07:43","dohr":"13:38","asr":"16:49","maghreb":"19:24","ichaa":"20:39"},"5":{"fajr":"06:16","sunrise":"07:42","dohr":"13:38","asr":"16:50","maghreb":"19:25","ichaa":"20:40"},"6":{"fajr":"06:14","sunrise":"07:41","dohr":"13:38","asr":"16:50","maghreb":"19:26","ichaa":"20:41"},"7":{"fajr":"06:13","sunrise":"07:39","dohr":"13:37","asr":"16:51","maghreb":"19:27","ichaa":"20:42"},"8":{"fajr":"06:12","sunrise":"07:38","dohr":"13:37","asr":"16:51","maghreb":"19:28","ichaa":"20:43"},"9":{"fajr":"06:10","sunrise":"07:37","dohr":"13:37","asr":"16:52","maghreb":"19:29","ichaa":"20:44"},"10":{"fajr":"06:09","sunrise":"07:35","dohr":"13:37","asr":"16:52","maghreb":"19:29","ichaa":"20:45"},"11":{"fajr":"06:07","sunrise":"07:34","dohr":"13:36","asr":"16:52","maghreb":"19:30","ichaa":"20:46"},"12":{"fajr":"06:06","sunrise":"07:32","dohr":"13:36","asr":"16:53","maghreb":"19:31","ichaa":"20:47"},"13":{"fajr":"06:04","sunrise":"07:31","dohr":"13:36","asr":"16:53","maghreb":"19:32","ichaa":"20:47"},"14":{"fajr":"06:03","sunrise":"07:30","dohr":"13:36","asr":"16:54","maghreb":"19:33","ichaa":"20:48"},"15":{"fajr":"06:01","sunrise":"07:28","dohr":"13:35","asr":"16:54","maghreb":"19:34","ichaa":"20:49"},"16":{"fajr":"06:00","sunrise":"07:27","dohr":"13:35","asr":"16:55","maghreb":"19:35","ichaa":"20:50"},"17":{"fajr":"05:58","sunrise":"07:25","dohr":"13:35","asr":"16:55","maghreb":"19:36","ichaa":"20:51"},"18":{"fajr":"05:57","sunrise":"07:24","dohr":"13:34","asr":"16:55","maghreb":"19:36","ichaa":"20:52"},"19":{"fajr":"05:55","sunrise":"07:22","dohr":"13:34","asr":"16:56","maghreb":"19:37","ichaa":"20:53"},"20":{"fajr":"05:54","sunrise":"07:21","dohr":"13:34","asr":"16:56","maghreb":"19:38","ichaa":"20:54"},"21":{"fajr":"05:52","sunrise":"07:19","dohr":"13:33","asr":"16:56","maghreb":"19:39","ichaa":"20:55"},"22":{"fajr":"05:51","sunrise":"07:18","dohr":"13:33","asr":"16:57","maghreb":"19:40","ichaa":"20:56"},"23":{"fajr":"05:49","sunrise":"07:17","dohr":"13:33","asr":"16:57","maghreb":"19:41","ichaa":"20:57"},"24":{"fajr":"05:48","sunrise":"07:15","dohr":"13:33","asr":"16:57","maghreb":"19:41","ichaa":"20:58"},"25":{"fajr":"05:46","sunrise":"07:14","dohr":"13:32","asr":"16:57","maghreb":"19:42","ichaa":"20:59"},"26":{"fajr":"05:44","sunrise":"07:12","dohr":"13:32","asr":"16:58","maghreb":"19:43","ichaa":"21:00"},"27":{"fajr":"05:43","sunrise":"07:11","dohr":"13:32","asr":"16:58","maghreb":"19:44","ichaa":"21:01"},"28":{"fajr":"05:41","sunrise":"07:09","dohr":"13:31","asr":"16:58","maghreb":"19:45","ichaa":"21:01"},"29":{"fajr":"05:40","sunrise":"07:08","dohr":"13:31","asr":"16:59","maghreb":"19:46","ichaa":"21:02"},"30":{"fajr":"05:38","sunrise":"07:07","dohr":"13:31","asr":"16:59","maghreb":"19:46","ichaa":"21:03"},"31":{"fajr":"05:36","sunrise":"07:05","dohr":"13:30","asr":"16:59","maghreb":"19:47","ichaa":"21:04"}}