{"1":{"fajr":"04:12","sunrise":"06:02","dohr":"13:24","asr":"17:09","maghreb":"20:38","ichaa":"22:12"},"2":{"fajr":"04:11","sunrise":"06:02","dohr":"13:24","asr":"17:09","maghreb":"20:38","ichaa":"22:13"},"3":{"fajr":"04:11","sunrise":"06:01","dohr":"13:25","asr":"17:09","maghreb":"20:39","ichaa":"22:14"},"4":{"fajr":"04:10","sunrise":"06:01","dohr":"13:25","asr":"17:09","maghreb":"20:40","ichaa":"22:15"},"5":{"fajr":"04:10","sunrise":"06:01","dohr":"13:25","asr":"17:09","maghreb":"20:40","ichaa":"22:15"},"6":{"fajr":"04:09","sunrise":"06:01","dohr":"13:25","asr":"17:10","maghreb":"20:41","ichaa":"22:16"},"7":{"fajr":"04:09","sunrise":"06:00","dohr":"13:25","asr":"17:10","maghreb":"20:41","ichaa":"22:17"},"8":{"fajr":"04:09","sunrise":"06:00","dohr":"13:26","asr":"17:10","maghreb":"20:42","ichaa":"22:18"},"9":{"fajr":"04:08","sunrise":"06:00","dohr":"13:26","asr":"17:10","maghreb":"20:42","ichaa":"22:18"},"10":{"fajr":"04:08","sunrise":"06:00","dohr":"13:26","asr":"17:10","maghreb":"20:43","ichaa":"22:19"},"11":{"fajr":"04:08","sunrise":"06:00","dohr":"13:26","asr":"17:11","maghreb":"20:43","ichaa":"22:20"},"12":{"fajr":"04:08","sunrise":"06:00","dohr":"13:26","asr":"17:11","maghreb":"20:44","ichaa":"22:20"},"13":{"fajr":"04:07","sunrise":"06:00","dohr":"13:27","asr":"17:11","maghreb":"20:44","ichaa":"22:21"},"14":{"fajr":"04:07","sunrise":"06:00","dohr":"13:27","asr":"17:11","maghreb":"20:44","ichaa":"22:21"},"15":{"fajr":"04:07","sunrise":"06:00","dohr":"13:27","asr":"17:12","maghreb":"20:45","ichaa":"22:22"},"16":{"fajr":"04:07","sunrise":"06:00","dohr":"13:27","asr":"17:12","maghreb":"20:45","ichaa":"22:22"},"17":{"fajr":"04:07","sunrise":"06:00","dohr":"13:27","asr":"17:12","maghreb":"20:45","ichaa":"22:22"},"18":{"fajr":"04:07","sunrise":"06:00","dohr":"13:28","asr":"17:12","maghreb":"20:46","ichaa":"22:23"},"19":{"fajr":"04:07","sunrise":"06:01","dohr":"13:28","asr":"17:12","maghreb":"20:46","ichaa":"22:23"},"20":{"fajr":"04:07","sunrise":"06:01","dohr":"13:28","asr":"17:13","maghreb":"20:46","ichaa":"22:23"},"21":{"fajr":"04:08","sunrise":"06:01","dohr":"13:28","asr":"17:13","maghreb":"20:46","ichaa":"22:23"},"22":{"fajr":"04:08","sunrise":"06:01","dohr":"13:28","asr":"17:13","maghreb":"20:47","ichaa":"22:24"},"23":{"fajr":"04:08","sunrise":"06:01","dohr":"13:29","asr":"17:13","maghreb":"20:47","ichaa":"22:24"},"24":{"fajr":"04:09","sunrise":"06:02","dohr":"13:29","asr":"17:14","maghreb":"20:47","ichaa":"22:24"},"25":{"fajr":"04:09","sunrise":"06:02","dohr":"13:29","asr":"17:14","maghreb":"20:47","ichaa":"22:24"},"26":{"fajr":"04:09","sunrise":"06:02","dohr":"13:29","asr":"17:14","maghreb":"20:47","ichaa":"22:24"},"27":{"fajr":"04:10","sunrise":"06:03","dohr":"13:30","asr":"17:14","maghreb":"20:47","ichaa":"22:24"},"28":{"fajr":"04:10","sunrise":"06:03","dohr":"13:30","asr":"17:14","maghreb":"20:47","ichaa":"22:24"},"29":{"fajr":"04:11","sunrise":"06:03","dohr":"13:30","asr":"17:15","maghreb":"20:47","ichaa":"22:24"},"30":{"fajr":"04:11","sunrise":"06:04","dohr":"13:30","asr":"17:15","maghreb":"20:47","ichaa":"22:23"}}