{"1":{"fajr":"04:12","sunrise":"06:04","dohr":"13:30","asr":"17:15","maghreb":"20:47","ichaa":"22:23"},"2":{"fajr":"04:13","sunrise":"06:05","dohr":"13:31","asr":"17:15","maghreb":"20:47","ichaa":"22:23"},"3":{"fajr":"04:13","sunrise":"06:05","dohr":"13:31","asr":"17:15","maghreb":"20:47","ichaa":"22:23"},"4":{"fajr":"04:14","sunrise":"06:06","dohr":"13:31","asr":"17:15","maghreb":"20:47","ichaa":"22:22"},"5":{"fajr":"04:15","sunrise":"06:06","dohr":"13:31","asr":"17:15","maghreb":"20:47","ichaa":"22:22"},"6":{"fajr":"04:15","sunrise":"06:07","dohr":"13:31","asr":"17:16","maghreb":"20:46","ichaa":"22:21"},"7":{"fajr":"04:16","sunrise":"06:07","dohr":"13:31","asr":"17:16","maghreb":"20:46","ichaa":"22:21"},"8":{"fajr":"04:17","sunrise":"06:08","dohr":"13:32","asr":"17:16","maghreb":"20:46","ichaa":"22:21"},"9":{"fajr":"04:18","sunrise":"06:08","dohr":"13:32","asr":"17:16","maghreb":"20:46","ichaa":"22:20"},"10":{"fajr":"04:19","sunrise":"06:09","dohr":"13:32","asr":"17:16","maghreb":"20:45","ichaa":"22:19"},"11":{"fajr":"04:20","sunrise":"06:10","dohr":"13:32","asr":"17:16","maghreb":"20:45","ichaa":"22:19"},"12":{"fajr":"04:21","sunrise":"06:10","dohr":"13:32","asr":"17:16","maghreb":"20:44","ichaa":"22:18"},"13":{"fajr":"04:22","sunrise":"06:11","dohr":"13:32","asr":"17:16","maghreb":"20:44","ichaa":"22:17"},"14":{"fajr":"04:23","sunrise":"06:12","dohr":"13:32","asr":"17:16","maghreb":"20:44","ichaa":"22:17"},"15":{"fajr":"04:24","sunrise":"06:12","dohr":"13:32","asr":"17:16","maghreb":"20:43","ichaa":"22:16"},"16":{"fajr":"04:25","sunrise":"06:13","dohr":"13:33","asr":"17:16","maghreb":"20:43","ichaa":"22:15"},"17":{"fajr":"04:26","sunrise":"06:14","dohr":"13:33","asr":"17:16","maghreb":"20:42","ichaa":"22:14"},"18":{"fajr":"04:27","sunrise":"06:14","dohr":"13:33","asr":"17:16","maghreb":"20:42","ichaa":"22:14"},"19":{"fajr":"04:28","sunrise":"06:15","dohr":"13:33","asr":"17:16","maghreb":"20:41","ichaa":"22:13"},"20":{"fajr":"04:29","sunrise":"06:16","dohr":"13:33","asr":"17:16","maghreb":"20:40","ichaa":"22:12"},"21":{"fajr":"04:30","sunrise":"06:16","dohr":"13:33","asr":"17:16","maghreb":"20:40","ichaa":"22:11"},"22":{"fajr":"04:31","sunrise":"06:17","dohr":"13:33","asr":"17:16","maghreb":"20:39","ichaa":"22:10"},"23":{"fajr":"04:32","sunrise":"06:18","dohr":"13:33","asr":"17:16","maghreb":"20:38","ichaa":"22:09"},"24":{"fajr":"04:33","sunrise":"06:19","dohr":"13:33","asr":"17:16","maghreb":"20:38","ichaa":"22:08"},"25":{"fajr":"04:35","sunrise":"06:19","dohr":"13:33","asr":"17:16","maghreb":"20:37","ichaa":"22:07"},"26":{"fajr":"04:36","sunrise":"06:20","dohr":"13:33","asr":"17:16","maghreb":"20:36","ichaa":"22:06"},"27":{"fajr":"04:37","sunrise":"06:21","dohr":"13:33","asr":"17:16","maghreb":"20:35","ichaa":"22:04"},"28":{"fajr":"04:38","sunrise":"06:22","dohr":"13:33","asr":"17:16","maghreb":"20:34","ichaa":"22:03"},"29":{"fajr":"04:39","sunrise":"06:23","dohr":"13:33","asr":"17:15","maghreb":"20:34","ichaa":"22:02"},"30":{"fajr":"04:41","sunrise":"06:23","dohr":"13:33","asr":"17:15","maghreb":"20:33","ichaa":"22:01"},"31":{"fajr":"04:42","sunrise":"06:24","dohr":"13:33","asr":"17:15","maghreb":"20:32","ichaa":"22:00"}}