{"1":{"fajr":"06:20","sunrise":"07:39","dohr":"13:36","asr":"16:48","maghreb":"19:24","ichaa":"20:33"},"2":{"fajr":"06:18","sunrise":"07:38","dohr":"13:36","asr":"16:48","maghreb":"19:25","ichaa":"20:34"},"3":{"fajr":"06:17","sunrise":"07:37","dohr":"13:36","asr":"16:49","maghreb":"19:26","ichaa":"20:35"},"4":{"fajr":"06:16","sunrise":"07:36","dohr":"13:36","asr":"16:49","maghreb":"19:26","ichaa":"20:36"},"5":{"fajr":"06:15","sunrise":"07:34","dohr":"13:35","asr":"16:49","maghreb":"19:27","ichaa":"20:37"},"6":{"fajr":"06:14","sunrise":"07:33","dohr":"13:35","asr":"16:50","maghreb":"19:28","ichaa":"20:37"},"7":{"fajr":"06:12","sunrise":"07:32","dohr":"13:35","asr":"16:50","maghreb":"19:29","ichaa":"20:38"},"8":{"fajr":"06:11","sunrise":"07:31","dohr":"13:35","asr":"16:51","maghreb":"19:29","ichaa":"20:39"},"9":{"fajr":"06:10","sunrise":"07:29","dohr":"13:34","asr":"16:51","maghreb":"19:30","ichaa":"20:40"},"10":{"fajr":"06:09","sunrise":"07:28","dohr":"13:34","asr":"16:51","maghreb":"19:31","ichaa":"20:40"},"11":{"fajr":"06:07","sunrise":"07:27","dohr":"13:34","asr":"16:52","maghreb":"19:32","ichaa":"20:41"},"12":{"fajr":"06:06","sunrise":"07:26","dohr":"13:34","asr":"16:52","maghreb":"19:32","ichaa":"20:42"},"13":{"fajr":"06:05","sunrise":"07:24","dohr":"13:33","asr":"16:52","maghreb":"19:33","ichaa":"20:43"},"14":{"fajr":"06:03","sunrise":"07:23","dohr":"13:33","asr":"16:52","maghreb":"19:34","ichaa":"20:43"},"15":{"fajr":"06:02","sunrise":"07:22","dohr":"13:33","asr":"16:53","maghreb":"19:35","ichaa":"20:44"},"16":{"fajr":"06:01","sunrise":"07:21","dohr":"13:33","asr":"16:53","maghreb":"19:35","ichaa":"20:45"},"17":{"fajr":"05:59","sunrise":"07:19","dohr":"13:32","asr":"16:53","maghreb":"19:36","ichaa":"20:46"},"18":{"fajr":"05:58","sunrise":"07:18","dohr":"13:32","asr":"16:53","maghreb":"19:37","ichaa":"20:47"},"19":{"fajr":"05:57","sunrise":"07:17","dohr":"13:32","asr":"16:54","maghreb":"19:37","ichaa":"20:47"},"20":{"fajr":"05:55","sunrise":"07:15","dohr":"13:31","asr":"16:54","maghreb":"19:38","ichaa":"20:48"},"21":{"fajr":"05:54","sunrise":"07:14","dohr":"13:31","asr":"16:54","maghreb":"19:39","ichaa":"20:49"},"22":{"fajr":"05:52","sunrise":"07:13","dohr":"13:31","asr":"16:54","maghreb":"19:40","ichaa":"20:50"},"23":{"fajr":"05:51","sunrise":"07:11","dohr":"13:30","asr":"16:54","maghreb":"19:40","ichaa":"20:50"},"24":{"fajr":"05:50","sunrise":"07:10","dohr":"13:30","asr":"16:55","maghreb":"19:41","ichaa":"20:51"},"25":{"fajr":"05:48","sunrise":"07:09","dohr":"13:30","asr":"16:55","maghreb":"19:42","ichaa":"20:52"},"26":{"fajr":"05:47","sunrise":"07:07","dohr":"13:30","asr":"16:55","maghreb":"19:42","ichaa":"20:53"},"27":{"fajr":"05:45","sunrise":"07:06","dohr":"13:29","asr":"16:55","maghreb":"19:43","ichaa":"20:54"},"28":{"fajr":"05:44","sunrise":"07:05","dohr":"13:29","asr":"16:55","maghreb":"19:44","ichaa":"20:54"},"29":{"fajr":"05:42","sunrise":"07:03","dohr":"13:29","asr":"16:55","maghreb":"19:45","ichaa":"20:55"},"30":{"fajr":"05:41","sunrise":"07:02","dohr":"13:28","asr":"16:56","maghreb":"19:45","ichaa":"20:56"},"31":{"fajr":"05:39","sunrise":"07:01","dohr":"13:28","asr":"16:56","maghreb":"19:46","ichaa":"20:57"}}