{"1":{"fajr":"05:38","sunrise":"07:00","dohr":"13:28","asr":"16:56","maghreb":"19:47","ichaa":"20:58"},"2":{"fajr":"05:37","sunrise":"06:58","dohr":"13:27","asr":"16:56","maghreb":"19:47","ichaa":"20:59"},"3":{"fajr":"05:35","sunrise":"06:57","dohr":"13:27","asr":"16:56","maghreb":"19:48","ichaa":"21:00"},"4":{"fajr":"05:34","sunrise":"06:56","dohr":"13:27","asr":"16:56","maghreb":"19:49","ichaa":"21:00"},"5":{"fajr":"05:32","sunrise":"06:54","dohr":"13:27","asr":"16:56","maghreb":"19:50","ichaa":"21:01"},"6":{"fajr":"05:31","sunrise":"06:53","dohr":"13:26","asr":"16:56","maghreb":"19:50","ichaa":"21:02"},"7":{"fajr":"05:29","sunrise":"06:52","dohr":"13:26","asr":"16:56","maghreb":"19:51","ichaa":"21:03"},"8":{"fajr":"05:28","sunrise":"06:51","dohr":"13:26","asr":"16:56","maghreb":"19:52","ichaa":"21:04"},"9":{"fajr":"05:26","sunrise":"06:49","dohr":"13:26","asr":"16:56","maghreb":"19:52","ichaa":"21:05"},"10":{"fajr":"05:25","sunrise":"06:48","dohr":"13:25","asr":"16:56","maghreb":"19:53","ichaa":"21:06"},"11":{"fajr":"05:23","sunrise":"06:47","dohr":"13:25","asr":"16:56","maghreb":"19:54","ichaa":"21:07"},"12":{"fajr":"05:22","sunrise":"06:46","dohr":"13:25","asr":"16:57","maghreb":"19:55","ichaa":"21:07"},"13":{"fajr":"05:20","sunrise":"06:44","dohr":"13:24","asr":"16:57","maghreb":"19:55","ichaa":"21:08"},"14":{"fajr":"05:19","sunrise":"06:43","dohr":"13:24","asr":"16:57","maghreb":"19:56","ichaa":"21:09"},"15":{"fajr":"05:18","sunrise":"06:42","dohr":"13:24","asr":"16:57","maghreb":"19:57","ichaa":"21:10"},"16":{"fajr":"05:16","sunrise":"06:41","dohr":"13:24","asr":"16:57","maghreb":"19:57","ichaa":"21:11"},"17":{"fajr":"05:15","sunrise":"06:40","dohr":"13:24","asr":"16:57","maghreb":"19:58","ichaa":"21:12"},"18":{"fajr":"05:13","sunrise":"06:38","dohr":"13:23","asr":"16:57","maghreb":"19:59","ichaa":"21:13"},"19":{"fajr":"05:12","sunrise":"06:37","dohr":"13:23","asr":"16:57","maghreb":"20:00","ichaa":"21:14"},"20":{"fajr":"05:10","sunrise":"06:36","dohr":"13:23","asr":"16:57","maghreb":"20:00","ichaa":"21:15"},"21":{"fajr":"05:09","sunrise":"06:35","dohr":"13:23","asr":"16:57","maghreb":"20:01","ichaa":"21:16"},"22":{"fajr":"05:08","sunrise":"06:34","dohr":"13:22","asr":"16:57","maghreb":"20:02","ichaa":"21:17"},"23":{"fajr":"05:06","sunrise":"06:33","dohr":"13:22","asr":"16:57","maghreb":"20:03","ichaa":"21:18"},"24":{"fajr":"05:05","sunrise":"06:32","dohr":"13:22","asr":"16:57","maghreb":"20:03","ichaa":"21:19"},"25":{"fajr":"05:03","sunrise":"06:30","dohr":"13:22","asr":"16:57","maghreb":"20:04","ichaa":"21:20"},"26":{"fajr":"05:02","sunrise":"06:29","dohr":"13:22","asr":"16:57","maghreb":"20:05","ichaa":"21:21"},"27":{"fajr":"05:01","sunrise":"06:28","dohr":"13:22","asr":"16:57","maghreb":"20:06","ichaa":"21:22"},"28":{"fajr":"04:59","sunrise":"06:27","dohr":"13:21","asr":"16:57","maghreb":"20:06","ichaa":"21:23"},"29":{"fajr":"04:58","sunrise":"06:26","dohr":"13:21","asr":"16:57","maghreb":"20:07","ichaa":"21:24"},"30":{"fajr":"04:57","sunrise":"06:25","dohr":"13:21","asr":"16:57","maghreb":"20:08","ichaa":"21:25"}}