{"1":{"fajr":"04:55","sunrise":"06:24","dohr":"13:21","asr":"16:57","maghreb":"20:09","ichaa":"21:26"},"2":{"fajr":"04:54","sunrise":"06:23","dohr":"13:21","asr":"16:57","maghreb":"20:09","ichaa":"21:27"},"3":{"fajr":"04:53","sunrise":"06:22","dohr":"13:21","asr":"16:57","maghreb":"20:10","ichaa":"21:28"},"4":{"fajr":"04:52","sunrise":"06:21","dohr":"13:21","asr":"16:57","maghreb":"20:11","ichaa":"21:29"},"5":{"fajr":"04:50","sunrise":"06:20","dohr":"13:21","asr":"16:57","maghreb":"20:12","ichaa":"21:30"},"6":{"fajr":"04:49","sunrise":"06:20","dohr":"13:21","asr":"16:57","maghreb":"20:12","ichaa":"21:31"},"7":{"fajr":"04:48","sunrise":"06:19","dohr":"13:21","asr":"16:57","maghreb":"20:13","ichaa":"21:32"},"8":{"fajr":"04:47","sunrise":"06:18","dohr":"13:20","asr":"16:57","maghreb":"20:14","ichaa":"21:33"},"9":{"fajr":"04:46","sunrise":"06:17","dohr":"13:20","asr":"16:57","maghreb":"20:15","ichaa":"21:34"},"10":{"fajr":"04:44","sunrise":"06:16","dohr":"13:20","asr":"16:57","maghreb":"20:15","ichaa":"21:35"},"11":{"fajr":"04:43","sunrise":"06:15","dohr":"13:20","asr":"16:57","maghreb":"20:16","ichaa":"21:36"},"12":{"fajr":"04:42","sunrise":"06:15","dohr":"13:20","asr":"16:57","maghreb":"20:17","ichaa":"21:37"},"13":{"fajr":"04:41","sunrise":"06:14","dohr":"13:20","asr":"16:57","maghreb":"20:18","ichaa":"21:38"},"14":{"fajr":"04:40","sunrise":"06:13","dohr":"13:20","asr":"16:57","maghreb":"20:18","ichaa":"21:39"},"15":{"fajr":"04:39","sunrise":"06:12","dohr":"13:20","asr":"16:57","maghreb":"20:19","ichaa":"21:40"},"16":{"fajr":"04:38","sunrise":"06:12","dohr":"13:20","asr":"16:57","maghreb":"20:20","ichaa":"21:41"},"17":{"fajr":"04:37","sunrise":"06:11","dohr":"13:20","asr":"16:58","maghreb":"20:20","ichaa":"21:42"},"18":{"fajr":"04:36","sunrise":"06:10","dohr":"13:20","asr":"16:58","maghreb":"20:21","ichaa":"21:43"},"19":{"fajr":"04:35","sunrise":"06:10","dohr":"13:20","asr":"16:58","maghreb":"20:22","ichaa":"21:44"},"20":{"fajr":"04:34","sunrise":"06:09","dohr":"13:21","asr":"16:58","maghreb":"20:23","ichaa":"21:45"},"21":{"fajr":"04:33","sunrise":"06:09","dohr":"13:21","asr":"16:58","maghreb":"20:23","ichaa":"21:46"},"22":{"fajr":"04:33","sunrise":"06:08","dohr":"13:21","asr":"16:58","maghreb":"20:24","ichaa":"21:47"},"23":{"fajr":"04:32","sunrise":"06:07","dohr":"13:21","asr":"16:58","maghreb":"20:25","ichaa":"21:47"},"24":{"fajr":"04:31","sunrise":"06:07","dohr":"13:21","asr":"16:58","maghreb":"20:25","ichaa":"21:48"},"25":{"fajr":"04:30","sunrise":"06:07","dohr":"13:21","asr":"16:58","maghreb":"20:26","ichaa":"21:49"},"26":{"fajr":"04:29","sunrise":"06:06","dohr":"13:21","asr":"16:58","maghreb":"20:27","ichaa":"21:50"},"27":{"fajr":"04:29","sunrise":"06:06","dohr":"13:21","asr":"16:58","maghreb":"20:27","ichaa":"21:51"},"28":{"fajr":"04:28","sunrise":"06:05","dohr":"13:21","asr":"16:59","maghreb":"20:28","ichaa":"21:52"},"29":{"fajr":"04:27","sunrise":"06:05","dohr":"13:21","asr":"16:59","maghreb":"20:28","ichaa":"21:53"},"30":{"fajr":"04:27","sunrise":"06:05","dohr":"13:22","asr":"16:59","maghreb":"20:29","ichaa":"21:53"},"31":{"fajr":"04:26","sunrise":"06:04","dohr":"13:22","asr":"16:59","maghreb":"20:30","ichaa":"21:54"}}