{"1":{"fajr":"04:26","sunrise":"06:04","dohr":"13:22","asr":"16:59","maghreb":"20:30","ichaa":"21:55"},"2":{"fajr":"04:25","sunrise":"06:04","dohr":"13:22","asr":"16:59","maghreb":"20:31","ichaa":"21:56"},"3":{"fajr":"04:25","sunrise":"06:03","dohr":"13:22","asr":"16:59","maghreb":"20:31","ichaa":"21:57"},"4":{"fajr":"04:24","sunrise":"06:03","dohr":"13:22","asr":"17:00","maghreb":"20:32","ichaa":"21:57"},"5":{"fajr":"04:24","sunrise":"06:03","dohr":"13:23","asr":"17:00","maghreb":"20:32","ichaa":"21:58"},"6":{"fajr":"04:24","sunrise":"06:03","dohr":"13:23","asr":"17:00","maghreb":"20:33","ichaa":"21:59"},"7":{"fajr":"04:23","sunrise":"06:03","dohr":"13:23","asr":"17:00","maghreb":"20:34","ichaa":"21:59"},"8":{"fajr":"04:23","sunrise":"06:03","dohr":"13:23","asr":"17:00","maghreb":"20:34","ichaa":"22:00"},"9":{"fajr":"04:23","sunrise":"06:03","dohr":"13:23","asr":"17:00","maghreb":"20:34","ichaa":"22:00"},"10":{"fajr":"04:23","sunrise":"06:02","dohr":"13:24","asr":"17:01","maghreb":"20:35","ichaa":"22:01"},"11":{"fajr":"04:22","sunrise":"06:02","dohr":"13:24","asr":"17:01","maghreb":"20:35","ichaa":"22:02"},"12":{"fajr":"04:22","sunrise":"06:02","dohr":"13:24","asr":"17:01","maghreb":"20:36","ichaa":"22:02"},"13":{"fajr":"04:22","sunrise":"06:02","dohr":"13:24","asr":"17:01","maghreb":"20:36","ichaa":"22:03"},"14":{"fajr":"04:22","sunrise":"06:03","dohr":"13:24","asr":"17:01","maghreb":"20:36","ichaa":"22:03"},"15":{"fajr":"04:22","sunrise":"06:03","dohr":"13:25","asr":"17:02","maghreb":"20:37","ichaa":"22:03"},"16":{"fajr":"04:22","sunrise":"06:03","dohr":"13:25","asr":"17:02","maghreb":"20:37","ichaa":"22:04"},"17":{"fajr":"04:22","sunrise":"06:03","dohr":"13:25","asr":"17:02","maghreb":"20:37","ichaa":"22:04"},"18":{"fajr":"04:22","sunrise":"06:03","dohr":"13:25","asr":"17:02","maghreb":"20:38","ichaa":"22:04"},"19":{"fajr":"04:22","sunrise":"06:03","dohr":"13:25","asr":"17:03","maghreb":"20:38","ichaa":"22:05"},"20":{"fajr":"04:22","sunrise":"06:03","dohr":"13:26","asr":"17:03","maghreb":"20:38","ichaa":"22:05"},"21":{"fajr":"04:23","sunrise":"06:03","dohr":"13:26","asr":"17:03","maghreb":"20:38","ichaa":"22:05"},"22":{"fajr":"04:23","sunrise":"06:04","dohr":"13:26","asr":"17:03","maghreb":"20:39","ichaa":"22:05"},"23":{"fajr":"04:23","sunrise":"06:04","dohr":"13:26","asr":"17:03","maghreb":"20:39","ichaa":"22:05"},"24":{"fajr":"04:23","sunrise":"06:04","dohr":"13:27","asr":"17:04","maghreb":"20:39","ichaa":"22:06"},"25":{"fajr":"04:24","sunrise":"06:05","dohr":"13:27","asr":"17:04","maghreb":"20:39","ichaa":"22:06"},"26":{"fajr":"04:24","sunrise":"06:05","dohr":"13:27","asr":"17:04","maghreb":"20:39","ichaa":"22:06"},"27":{"fajr":"04:25","sunrise":"06:05","dohr":"13:27","asr":"17:04","maghreb":"20:39","ichaa":"22:06"},"28":{"fajr":"04:25","sunrise":"06:06","dohr":"13:27","asr":"17:04","maghreb":"20:39","ichaa":"22:06"},"29":{"fajr":"04:26","sunrise":"06:06","dohr":"13:28","asr":"17:05","maghreb":"20:39","ichaa":"22:06"},"30":{"fajr":"04:26","sunrise":"06:06","dohr":"13:28","asr":"17:05","maghreb":"20:39","ichaa":"22:05"}}