{"1":{"fajr":"06:05","sunrise":"07:30","dohr":"13:04","asr":"15:59","maghreb":"18:28","ichaa":"19:42"},"2":{"fajr":"06:06","sunrise":"07:31","dohr":"13:04","asr":"15:58","maghreb":"18:28","ichaa":"19:41"},"3":{"fajr":"06:07","sunrise":"07:32","dohr":"13:04","asr":"15:57","maghreb":"18:27","ichaa":"19:40"},"4":{"fajr":"06:08","sunrise":"07:32","dohr":"13:04","asr":"15:57","maghreb":"18:26","ichaa":"19:40"},"5":{"fajr":"06:09","sunrise":"07:33","dohr":"13:04","asr":"15:56","maghreb":"18:25","ichaa":"19:39"},"6":{"fajr":"06:09","sunrise":"07:34","dohr":"13:04","asr":"15:55","maghreb":"18:24","ichaa":"19:38"},"7":{"fajr":"06:10","sunrise":"07:35","dohr":"13:04","asr":"15:55","maghreb":"18:23","ichaa":"19:37"},"8":{"fajr":"06:11","sunrise":"07:36","dohr":"13:04","asr":"15:54","maghreb":"18:22","ichaa":"19:37"},"9":{"fajr":"06:12","sunrise":"07:37","dohr":"13:04","asr":"15:53","maghreb":"18:22","ichaa":"19:36"},"10":{"fajr":"06:13","sunrise":"07:38","dohr":"13:04","asr":"15:53","maghreb":"18:21","ichaa":"19:35"},"11":{"fajr":"06:13","sunrise":"07:39","dohr":"13:05","asr":"15:52","maghreb":"18:20","ichaa":"19:35"},"12":{"fajr":"06:14","sunrise":"07:40","dohr":"13:05","asr":"15:52","maghreb":"18:19","ichaa":"19:34"},"13":{"fajr":"06:15","sunrise":"07:41","dohr":"13:05","asr":"15:51","maghreb":"18:19","ichaa":"19:34"},"14":{"fajr":"06:16","sunrise":"07:42","dohr":"13:05","asr":"15:51","maghreb":"18:18","ichaa":"19:33"},"15":{"fajr":"06:17","sunrise":"07:43","dohr":"13:05","asr":"15:50","maghreb":"18:18","ichaa":"19:33"},"16":{"fajr":"06:18","sunrise":"07:44","dohr":"13:05","asr":"15:50","maghreb":"18:17","ichaa":"19:32"},"17":{"fajr":"06:18","sunrise":"07:45","dohr":"13:05","asr":"15:49","maghreb":"18:16","ichaa":"19:32"},"18":{"fajr":"06:19","sunrise":"07:46","dohr":"13:06","asr":"15:49","maghreb":"18:16","ichaa":"19:31"},"19":{"fajr":"06:20","sunrise":"07:47","dohr":"13:06","asr":"15:48","maghreb":"18:15","ichaa":"19:31"},"20":{"fajr":"06:21","sunrise":"07:48","dohr":"13:06","asr":"15:48","maghreb":"18:15","ichaa":"19:31"},"21":{"fajr":"06:22","sunrise":"07:49","dohr":"13:06","asr":"15:48","maghreb":"18:14","ichaa":"19:30"},"22":{"fajr":"06:23","sunrise":"07:49","dohr":"13:07","asr":"15:47","maghreb":"18:14","ichaa":"19:30"},"23":{"fajr":"06:23","sunrise":"07:50","dohr":"13:07","asr":"15:47","maghreb":"18:14","ichaa":"19:30"},"24":{"fajr":"06:24","sunrise":"07:51","dohr":"13:07","asr":"15:47","maghreb":"18:13","ichaa":"19:30"},"25":{"fajr":"06:25","sunrise":"07:52","dohr":"13:08","asr":"15:47","maghreb":"18:13","ichaa":"19:29"},"26":{"fajr":"06:26","sunrise":"07:53","dohr":"13:08","asr":"15:46","maghreb":"18:13","ichaa":"19:29"},"27":{"fajr":"06:27","sunrise":"07:54","dohr":"13:08","asr":"15:46","maghreb":"18:13","ichaa":"19:29"},"28":{"fajr":"06:27","sunrise":"07:55","dohr":"13:09","asr":"15:46","maghreb":"18:12","ichaa":"19:29"},"29":{"fajr":"06:28","sunrise":"07:56","dohr":"13:09","asr":"15:46","maghreb":"18:12","ichaa":"19:29"},"30":{"fajr":"06:29","sunrise":"07:57","dohr":"13:09","asr":"15:46","maghreb":"18:12","ichaa":"19:29"}}