{"1":{"fajr":"04:13","sunrise":"05:57","dohr":"13:18","asr":"17:00","maghreb":"20:31","ichaa":"22:00"},"2":{"fajr":"04:12","sunrise":"05:56","dohr":"13:19","asr":"17:00","maghreb":"20:31","ichaa":"22:01"},"3":{"fajr":"04:12","sunrise":"05:56","dohr":"13:19","asr":"17:00","maghreb":"20:32","ichaa":"22:02"},"4":{"fajr":"04:11","sunrise":"05:56","dohr":"13:19","asr":"17:01","maghreb":"20:33","ichaa":"22:03"},"5":{"fajr":"04:11","sunrise":"05:56","dohr":"13:19","asr":"17:01","maghreb":"20:33","ichaa":"22:04"},"6":{"fajr":"04:10","sunrise":"05:56","dohr":"13:19","asr":"17:01","maghreb":"20:34","ichaa":"22:04"},"7":{"fajr":"04:10","sunrise":"05:55","dohr":"13:19","asr":"17:01","maghreb":"20:34","ichaa":"22:05"},"8":{"fajr":"04:09","sunrise":"05:55","dohr":"13:20","asr":"17:01","maghreb":"20:35","ichaa":"22:06"},"9":{"fajr":"04:09","sunrise":"05:55","dohr":"13:20","asr":"17:02","maghreb":"20:35","ichaa":"22:06"},"10":{"fajr":"04:09","sunrise":"05:55","dohr":"13:20","asr":"17:02","maghreb":"20:36","ichaa":"22:07"},"11":{"fajr":"04:09","sunrise":"05:55","dohr":"13:20","asr":"17:02","maghreb":"20:36","ichaa":"22:07"},"12":{"fajr":"04:08","sunrise":"05:55","dohr":"13:20","asr":"17:02","maghreb":"20:36","ichaa":"22:08"},"13":{"fajr":"04:08","sunrise":"05:55","dohr":"13:21","asr":"17:02","maghreb":"20:37","ichaa":"22:08"},"14":{"fajr":"04:08","sunrise":"05:55","dohr":"13:21","asr":"17:03","maghreb":"20:37","ichaa":"22:09"},"15":{"fajr":"04:08","sunrise":"05:55","dohr":"13:21","asr":"17:03","maghreb":"20:38","ichaa":"22:09"},"16":{"fajr":"04:08","sunrise":"05:55","dohr":"13:21","asr":"17:03","maghreb":"20:38","ichaa":"22:10"},"17":{"fajr":"04:08","sunrise":"05:55","dohr":"13:21","asr":"17:03","maghreb":"20:38","ichaa":"22:10"},"18":{"fajr":"04:08","sunrise":"05:55","dohr":"13:22","asr":"17:03","maghreb":"20:39","ichaa":"22:10"},"19":{"fajr":"04:08","sunrise":"05:56","dohr":"13:22","asr":"17:04","maghreb":"20:39","ichaa":"22:11"},"20":{"fajr":"04:09","sunrise":"05:56","dohr":"13:22","asr":"17:04","maghreb":"20:39","ichaa":"22:11"},"21":{"fajr":"04:09","sunrise":"05:56","dohr":"13:22","asr":"17:04","maghreb":"20:39","ichaa":"22:11"},"22":{"fajr":"04:09","sunrise":"05:56","dohr":"13:23","asr":"17:04","maghreb":"20:39","ichaa":"22:11"},"23":{"fajr":"04:09","sunrise":"05:56","dohr":"13:23","asr":"17:05","maghreb":"20:40","ichaa":"22:11"},"24":{"fajr":"04:10","sunrise":"05:57","dohr":"13:23","asr":"17:05","maghreb":"20:40","ichaa":"22:11"},"25":{"fajr":"04:10","sunrise":"05:57","dohr":"13:23","asr":"17:05","maghreb":"20:40","ichaa":"22:12"},"26":{"fajr":"04:10","sunrise":"05:57","dohr":"13:23","asr":"17:05","maghreb":"20:40","ichaa":"22:12"},"27":{"fajr":"04:11","sunrise":"05:58","dohr":"13:24","asr":"17:05","maghreb":"20:40","ichaa":"22:12"},"28":{"fajr":"04:11","sunrise":"05:58","dohr":"13:24","asr":"17:06","maghreb":"20:40","ichaa":"22:11"},"29":{"fajr":"04:12","sunrise":"05:58","dohr":"13:24","asr":"17:06","maghreb":"20:40","ichaa":"22:11"},"30":{"fajr":"04:12","sunrise":"05:59","dohr":"13:24","asr":"17:06","maghreb":"20:40","ichaa":"22:11"}}