{"1":{"fajr":"04:42","sunrise":"06:19","dohr":"13:27","asr":"17:07","maghreb":"20:25","ichaa":"21:48"},"2":{"fajr":"04:43","sunrise":"06:20","dohr":"13:27","asr":"17:07","maghreb":"20:24","ichaa":"21:47"},"3":{"fajr":"04:44","sunrise":"06:21","dohr":"13:27","asr":"17:06","maghreb":"20:23","ichaa":"21:45"},"4":{"fajr":"04:45","sunrise":"06:21","dohr":"13:27","asr":"17:06","maghreb":"20:22","ichaa":"21:44"},"5":{"fajr":"04:47","sunrise":"06:22","dohr":"13:26","asr":"17:06","maghreb":"20:21","ichaa":"21:43"},"6":{"fajr":"04:48","sunrise":"06:23","dohr":"13:26","asr":"17:06","maghreb":"20:20","ichaa":"21:42"},"7":{"fajr":"04:49","sunrise":"06:24","dohr":"13:26","asr":"17:05","maghreb":"20:19","ichaa":"21:40"},"8":{"fajr":"04:50","sunrise":"06:24","dohr":"13:26","asr":"17:05","maghreb":"20:18","ichaa":"21:39"},"9":{"fajr":"04:51","sunrise":"06:25","dohr":"13:26","asr":"17:05","maghreb":"20:17","ichaa":"21:38"},"10":{"fajr":"04:52","sunrise":"06:26","dohr":"13:26","asr":"17:04","maghreb":"20:16","ichaa":"21:36"},"11":{"fajr":"04:53","sunrise":"06:27","dohr":"13:26","asr":"17:04","maghreb":"20:15","ichaa":"21:35"},"12":{"fajr":"04:54","sunrise":"06:27","dohr":"13:25","asr":"17:04","maghreb":"20:14","ichaa":"21:34"},"13":{"fajr":"04:55","sunrise":"06:28","dohr":"13:25","asr":"17:03","maghreb":"20:12","ichaa":"21:32"},"14":{"fajr":"04:57","sunrise":"06:29","dohr":"13:25","asr":"17:03","maghreb":"20:11","ichaa":"21:31"},"15":{"fajr":"04:58","sunrise":"06:30","dohr":"13:25","asr":"17:02","maghreb":"20:10","ichaa":"21:29"},"16":{"fajr":"04:59","sunrise":"06:30","dohr":"13:25","asr":"17:02","maghreb":"20:09","ichaa":"21:28"},"17":{"fajr":"05:00","sunrise":"06:31","dohr":"13:25","asr":"17:01","maghreb":"20:08","ichaa":"21:26"},"18":{"fajr":"05:01","sunrise":"06:32","dohr":"13:24","asr":"17:01","maghreb":"20:07","ichaa":"21:25"},"19":{"fajr":"05:02","sunrise":"06:33","dohr":"13:24","asr":"17:01","maghreb":"20:05","ichaa":"21:24"},"20":{"fajr":"05:03","sunrise":"06:33","dohr":"13:24","asr":"17:00","maghreb":"20:04","ichaa":"21:22"},"21":{"fajr":"05:04","sunrise":"06:34","dohr":"13:24","asr":"16:59","maghreb":"20:03","ichaa":"21:21"},"22":{"fajr":"05:05","sunrise":"06:35","dohr":"13:23","asr":"16:59","maghreb":"20:02","ichaa":"21:19"},"23":{"fajr":"05:06","sunrise":"06:36","dohr":"13:23","asr":"16:58","maghreb":"20:00","ichaa":"21:18"},"24":{"fajr":"05:07","sunrise":"06:36","dohr":"13:23","asr":"16:58","maghreb":"19:59","ichaa":"21:16"},"25":{"fajr":"05:08","sunrise":"06:37","dohr":"13:23","asr":"16:57","maghreb":"19:58","ichaa":"21:15"},"26":{"fajr":"05:09","sunrise":"06:38","dohr":"13:22","asr":"16:57","maghreb":"19:56","ichaa":"21:13"},"27":{"fajr":"05:10","sunrise":"06:39","dohr":"13:22","asr":"16:56","maghreb":"19:55","ichaa":"21:11"},"28":{"fajr":"05:11","sunrise":"06:39","dohr":"13:22","asr":"16:55","maghreb":"19:54","ichaa":"21:10"},"29":{"fajr":"05:12","sunrise":"06:40","dohr":"13:21","asr":"16:55","maghreb":"19:52","ichaa":"21:08"},"30":{"fajr":"05:13","sunrise":"06:41","dohr":"13:21","asr":"16:54","maghreb":"19:51","ichaa":"21:07"},"31":{"fajr":"05:14","sunrise":"06:42","dohr":"13:21","asr":"16:53","maghreb":"19:50","ichaa":"21:05"}}