{"1":{"fajr":"06:19","sunrise":"07:39","dohr":"13:36","asr":"16:47","maghreb":"19:24","ichaa":"20:34"},"2":{"fajr":"06:18","sunrise":"07:38","dohr":"13:36","asr":"16:48","maghreb":"19:25","ichaa":"20:34"},"3":{"fajr":"06:17","sunrise":"07:36","dohr":"13:36","asr":"16:48","maghreb":"19:26","ichaa":"20:35"},"4":{"fajr":"06:16","sunrise":"07:35","dohr":"13:36","asr":"16:49","maghreb":"19:27","ichaa":"20:36"},"5":{"fajr":"06:15","sunrise":"07:34","dohr":"13:35","asr":"16:49","maghreb":"19:27","ichaa":"20:37"},"6":{"fajr":"06:13","sunrise":"07:33","dohr":"13:35","asr":"16:50","maghreb":"19:28","ichaa":"20:37"},"7":{"fajr":"06:12","sunrise":"07:31","dohr":"13:35","asr":"16:50","maghreb":"19:29","ichaa":"20:38"},"8":{"fajr":"06:11","sunrise":"07:30","dohr":"13:35","asr":"16:50","maghreb":"19:30","ichaa":"20:39"},"9":{"fajr":"06:10","sunrise":"07:29","dohr":"13:34","asr":"16:51","maghreb":"19:31","ichaa":"20:40"},"10":{"fajr":"06:08","sunrise":"07:28","dohr":"13:34","asr":"16:51","maghreb":"19:31","ichaa":"20:41"},"11":{"fajr":"06:07","sunrise":"07:26","dohr":"13:34","asr":"16:51","maghreb":"19:32","ichaa":"20:41"},"12":{"fajr":"06:06","sunrise":"07:25","dohr":"13:34","asr":"16:52","maghreb":"19:33","ichaa":"20:42"},"13":{"fajr":"06:04","sunrise":"07:24","dohr":"13:33","asr":"16:52","maghreb":"19:34","ichaa":"20:43"},"14":{"fajr":"06:03","sunrise":"07:22","dohr":"13:33","asr":"16:52","maghreb":"19:34","ichaa":"20:44"},"15":{"fajr":"06:02","sunrise":"07:21","dohr":"13:33","asr":"16:53","maghreb":"19:35","ichaa":"20:45"},"16":{"fajr":"06:00","sunrise":"07:20","dohr":"13:33","asr":"16:53","maghreb":"19:36","ichaa":"20:45"},"17":{"fajr":"05:59","sunrise":"07:18","dohr":"13:32","asr":"16:53","maghreb":"19:37","ichaa":"20:46"},"18":{"fajr":"05:57","sunrise":"07:17","dohr":"13:32","asr":"16:53","maghreb":"19:37","ichaa":"20:47"},"19":{"fajr":"05:56","sunrise":"07:16","dohr":"13:32","asr":"16:54","maghreb":"19:38","ichaa":"20:48"},"20":{"fajr":"05:55","sunrise":"07:15","dohr":"13:31","asr":"16:54","maghreb":"19:39","ichaa":"20:49"},"21":{"fajr":"05:53","sunrise":"07:13","dohr":"13:31","asr":"16:54","maghreb":"19:40","ichaa":"20:49"},"22":{"fajr":"05:52","sunrise":"07:12","dohr":"13:31","asr":"16:54","maghreb":"19:40","ichaa":"20:50"},"23":{"fajr":"05:50","sunrise":"07:11","dohr":"13:30","asr":"16:55","maghreb":"19:41","ichaa":"20:51"},"24":{"fajr":"05:49","sunrise":"07:09","dohr":"13:30","asr":"16:55","maghreb":"19:42","ichaa":"20:52"},"25":{"fajr":"05:47","sunrise":"07:08","dohr":"13:30","asr":"16:55","maghreb":"19:42","ichaa":"20:53"},"26":{"fajr":"05:46","sunrise":"07:07","dohr":"13:30","asr":"16:55","maghreb":"19:43","ichaa":"20:53"},"27":{"fajr":"05:45","sunrise":"07:05","dohr":"13:29","asr":"16:55","maghreb":"19:44","ichaa":"20:54"},"28":{"fajr":"05:43","sunrise":"07:04","dohr":"13:29","asr":"16:55","maghreb":"19:45","ichaa":"20:55"},"29":{"fajr":"05:42","sunrise":"07:03","dohr":"13:29","asr":"16:56","maghreb":"19:45","ichaa":"20:56"},"30":{"fajr":"05:40","sunrise":"07:01","dohr":"13:28","asr":"16:56","maghreb":"19:46","ichaa":"20:57"},"31":{"fajr":"05:39","sunrise":"07:00","dohr":"13:28","asr":"16:56","maghreb":"19:47","ichaa":"20:58"}}