{"1":{"fajr":"04:54","sunrise":"06:23","dohr":"13:21","asr":"16:58","maghreb":"20:10","ichaa":"21:27"},"2":{"fajr":"04:53","sunrise":"06:22","dohr":"13:21","asr":"16:58","maghreb":"20:11","ichaa":"21:28"},"3":{"fajr":"04:51","sunrise":"06:21","dohr":"13:21","asr":"16:58","maghreb":"20:12","ichaa":"21:29"},"4":{"fajr":"04:50","sunrise":"06:20","dohr":"13:21","asr":"16:58","maghreb":"20:12","ichaa":"21:30"},"5":{"fajr":"04:49","sunrise":"06:19","dohr":"13:21","asr":"16:58","maghreb":"20:13","ichaa":"21:31"},"6":{"fajr":"04:47","sunrise":"06:18","dohr":"13:21","asr":"16:58","maghreb":"20:14","ichaa":"21:32"},"7":{"fajr":"04:46","sunrise":"06:17","dohr":"13:21","asr":"16:58","maghreb":"20:15","ichaa":"21:33"},"8":{"fajr":"04:45","sunrise":"06:16","dohr":"13:20","asr":"16:58","maghreb":"20:15","ichaa":"21:34"},"9":{"fajr":"04:44","sunrise":"06:15","dohr":"13:20","asr":"16:58","maghreb":"20:16","ichaa":"21:35"},"10":{"fajr":"04:43","sunrise":"06:14","dohr":"13:20","asr":"16:58","maghreb":"20:17","ichaa":"21:37"},"11":{"fajr":"04:42","sunrise":"06:14","dohr":"13:20","asr":"16:58","maghreb":"20:18","ichaa":"21:38"},"12":{"fajr":"04:40","sunrise":"06:13","dohr":"13:20","asr":"16:58","maghreb":"20:18","ichaa":"21:39"},"13":{"fajr":"04:39","sunrise":"06:12","dohr":"13:20","asr":"16:58","maghreb":"20:19","ichaa":"21:40"},"14":{"fajr":"04:38","sunrise":"06:11","dohr":"13:20","asr":"16:58","maghreb":"20:20","ichaa":"21:41"},"15":{"fajr":"04:37","sunrise":"06:10","dohr":"13:20","asr":"16:58","maghreb":"20:21","ichaa":"21:42"},"16":{"fajr":"04:36","sunrise":"06:10","dohr":"13:20","asr":"16:58","maghreb":"20:21","ichaa":"21:43"},"17":{"fajr":"04:35","sunrise":"06:09","dohr":"13:20","asr":"16:58","maghreb":"20:22","ichaa":"21:44"},"18":{"fajr":"04:34","sunrise":"06:08","dohr":"13:20","asr":"16:59","maghreb":"20:23","ichaa":"21:45"},"19":{"fajr":"04:33","sunrise":"06:08","dohr":"13:20","asr":"16:59","maghreb":"20:24","ichaa":"21:46"},"20":{"fajr":"04:32","sunrise":"06:07","dohr":"13:21","asr":"16:59","maghreb":"20:24","ichaa":"21:47"},"21":{"fajr":"04:31","sunrise":"06:07","dohr":"13:21","asr":"16:59","maghreb":"20:25","ichaa":"21:48"},"22":{"fajr":"04:30","sunrise":"06:06","dohr":"13:21","asr":"16:59","maghreb":"20:26","ichaa":"21:48"},"23":{"fajr":"04:30","sunrise":"06:05","dohr":"13:21","asr":"16:59","maghreb":"20:26","ichaa":"21:49"},"24":{"fajr":"04:29","sunrise":"06:05","dohr":"13:21","asr":"16:59","maghreb":"20:27","ichaa":"21:50"},"25":{"fajr":"04:28","sunrise":"06:04","dohr":"13:21","asr":"16:59","maghreb":"20:28","ichaa":"21:51"},"26":{"fajr":"04:27","sunrise":"06:04","dohr":"13:21","asr":"16:59","maghreb":"20:28","ichaa":"21:52"},"27":{"fajr":"04:27","sunrise":"06:04","dohr":"13:21","asr":"17:00","maghreb":"20:29","ichaa":"21:53"},"28":{"fajr":"04:26","sunrise":"06:03","dohr":"13:21","asr":"17:00","maghreb":"20:30","ichaa":"21:54"},"29":{"fajr":"04:25","sunrise":"06:03","dohr":"13:21","asr":"17:00","maghreb":"20:30","ichaa":"21:55"},"30":{"fajr":"04:25","sunrise":"06:02","dohr":"13:22","asr":"17:00","maghreb":"20:31","ichaa":"21:56"},"31":{"fajr":"04:24","sunrise":"06:02","dohr":"13:22","asr":"17:00","maghreb":"20:32","ichaa":"21:56"}}