{"1":{"fajr":"04:23","sunrise":"06:02","dohr":"13:22","asr":"17:00","maghreb":"20:32","ichaa":"21:57"},"2":{"fajr":"04:23","sunrise":"06:02","dohr":"13:22","asr":"17:00","maghreb":"20:33","ichaa":"21:58"},"3":{"fajr":"04:22","sunrise":"06:01","dohr":"13:22","asr":"17:01","maghreb":"20:33","ichaa":"21:59"},"4":{"fajr":"04:22","sunrise":"06:01","dohr":"13:22","asr":"17:01","maghreb":"20:34","ichaa":"21:59"},"5":{"fajr":"04:22","sunrise":"06:01","dohr":"13:23","asr":"17:01","maghreb":"20:34","ichaa":"22:00"},"6":{"fajr":"04:21","sunrise":"06:01","dohr":"13:23","asr":"17:01","maghreb":"20:35","ichaa":"22:01"},"7":{"fajr":"04:21","sunrise":"06:01","dohr":"13:23","asr":"17:01","maghreb":"20:35","ichaa":"22:01"},"8":{"fajr":"04:21","sunrise":"06:00","dohr":"13:23","asr":"17:01","maghreb":"20:36","ichaa":"22:02"},"9":{"fajr":"04:20","sunrise":"06:00","dohr":"13:23","asr":"17:02","maghreb":"20:36","ichaa":"22:03"},"10":{"fajr":"04:20","sunrise":"06:00","dohr":"13:24","asr":"17:02","maghreb":"20:37","ichaa":"22:03"},"11":{"fajr":"04:20","sunrise":"06:00","dohr":"13:24","asr":"17:02","maghreb":"20:37","ichaa":"22:04"},"12":{"fajr":"04:20","sunrise":"06:00","dohr":"13:24","asr":"17:02","maghreb":"20:38","ichaa":"22:04"},"13":{"fajr":"04:20","sunrise":"06:00","dohr":"13:24","asr":"17:02","maghreb":"20:38","ichaa":"22:05"},"14":{"fajr":"04:20","sunrise":"06:00","dohr":"13:24","asr":"17:03","maghreb":"20:38","ichaa":"22:05"},"15":{"fajr":"04:20","sunrise":"06:00","dohr":"13:25","asr":"17:03","maghreb":"20:39","ichaa":"22:06"},"16":{"fajr":"04:20","sunrise":"06:00","dohr":"13:25","asr":"17:03","maghreb":"20:39","ichaa":"22:06"},"17":{"fajr":"04:20","sunrise":"06:01","dohr":"13:25","asr":"17:03","maghreb":"20:39","ichaa":"22:06"},"18":{"fajr":"04:20","sunrise":"06:01","dohr":"13:25","asr":"17:03","maghreb":"20:40","ichaa":"22:07"},"19":{"fajr":"04:20","sunrise":"06:01","dohr":"13:25","asr":"17:04","maghreb":"20:40","ichaa":"22:07"},"20":{"fajr":"04:20","sunrise":"06:01","dohr":"13:26","asr":"17:04","maghreb":"20:40","ichaa":"22:07"},"21":{"fajr":"04:20","sunrise":"06:01","dohr":"13:26","asr":"17:04","maghreb":"20:40","ichaa":"22:07"},"22":{"fajr":"04:20","sunrise":"06:01","dohr":"13:26","asr":"17:04","maghreb":"20:41","ichaa":"22:08"},"23":{"fajr":"04:21","sunrise":"06:02","dohr":"13:26","asr":"17:05","maghreb":"20:41","ichaa":"22:08"},"24":{"fajr":"04:21","sunrise":"06:02","dohr":"13:27","asr":"17:05","maghreb":"20:41","ichaa":"22:08"},"25":{"fajr":"04:21","sunrise":"06:02","dohr":"13:27","asr":"17:05","maghreb":"20:41","ichaa":"22:08"},"26":{"fajr":"04:22","sunrise":"06:03","dohr":"13:27","asr":"17:05","maghreb":"20:41","ichaa":"22:08"},"27":{"fajr":"04:22","sunrise":"06:03","dohr":"13:27","asr":"17:05","maghreb":"20:41","ichaa":"22:08"},"28":{"fajr":"04:23","sunrise":"06:03","dohr":"13:27","asr":"17:06","maghreb":"20:41","ichaa":"22:08"},"29":{"fajr":"04:23","sunrise":"06:04","dohr":"13:28","asr":"17:06","maghreb":"20:41","ichaa":"22:08"},"30":{"fajr":"04:24","sunrise":"06:04","dohr":"13:28","asr":"17:06","maghreb":"20:41","ichaa":"22:08"}}