{"1":{"fajr":"04:21","sunrise":"06:03","dohr":"13:22","asr":"17:02","maghreb":"20:32","ichaa":"22:00"},"2":{"fajr":"04:20","sunrise":"06:03","dohr":"13:22","asr":"17:02","maghreb":"20:33","ichaa":"22:01"},"3":{"fajr":"04:20","sunrise":"06:02","dohr":"13:23","asr":"17:02","maghreb":"20:34","ichaa":"22:02"},"4":{"fajr":"04:19","sunrise":"06:02","dohr":"13:23","asr":"17:03","maghreb":"20:34","ichaa":"22:03"},"5":{"fajr":"04:19","sunrise":"06:02","dohr":"13:23","asr":"17:03","maghreb":"20:35","ichaa":"22:03"},"6":{"fajr":"04:18","sunrise":"06:02","dohr":"13:23","asr":"17:03","maghreb":"20:35","ichaa":"22:04"},"7":{"fajr":"04:18","sunrise":"06:02","dohr":"13:23","asr":"17:03","maghreb":"20:36","ichaa":"22:05"},"8":{"fajr":"04:18","sunrise":"06:01","dohr":"13:24","asr":"17:03","maghreb":"20:36","ichaa":"22:05"},"9":{"fajr":"04:17","sunrise":"06:01","dohr":"13:24","asr":"17:04","maghreb":"20:37","ichaa":"22:06"},"10":{"fajr":"04:17","sunrise":"06:01","dohr":"13:24","asr":"17:04","maghreb":"20:37","ichaa":"22:07"},"11":{"fajr":"04:17","sunrise":"06:01","dohr":"13:24","asr":"17:04","maghreb":"20:38","ichaa":"22:07"},"12":{"fajr":"04:17","sunrise":"06:01","dohr":"13:24","asr":"17:04","maghreb":"20:38","ichaa":"22:08"},"13":{"fajr":"04:17","sunrise":"06:01","dohr":"13:25","asr":"17:04","maghreb":"20:38","ichaa":"22:08"},"14":{"fajr":"04:17","sunrise":"06:01","dohr":"13:25","asr":"17:05","maghreb":"20:39","ichaa":"22:09"},"15":{"fajr":"04:17","sunrise":"06:01","dohr":"13:25","asr":"17:05","maghreb":"20:39","ichaa":"22:09"},"16":{"fajr":"04:17","sunrise":"06:01","dohr":"13:25","asr":"17:05","maghreb":"20:40","ichaa":"22:09"},"17":{"fajr":"04:17","sunrise":"06:02","dohr":"13:25","asr":"17:05","maghreb":"20:40","ichaa":"22:10"},"18":{"fajr":"04:17","sunrise":"06:02","dohr":"13:26","asr":"17:05","maghreb":"20:40","ichaa":"22:10"},"19":{"fajr":"04:17","sunrise":"06:02","dohr":"13:26","asr":"17:06","maghreb":"20:40","ichaa":"22:10"},"20":{"fajr":"04:17","sunrise":"06:02","dohr":"13:26","asr":"17:06","maghreb":"20:41","ichaa":"22:11"},"21":{"fajr":"04:17","sunrise":"06:02","dohr":"13:26","asr":"17:06","maghreb":"20:41","ichaa":"22:11"},"22":{"fajr":"04:17","sunrise":"06:02","dohr":"13:26","asr":"17:06","maghreb":"20:41","ichaa":"22:11"},"23":{"fajr":"04:18","sunrise":"06:03","dohr":"13:27","asr":"17:07","maghreb":"20:41","ichaa":"22:11"},"24":{"fajr":"04:18","sunrise":"06:03","dohr":"13:27","asr":"17:07","maghreb":"20:41","ichaa":"22:11"},"25":{"fajr":"04:18","sunrise":"06:03","dohr":"13:27","asr":"17:07","maghreb":"20:41","ichaa":"22:11"},"26":{"fajr":"04:19","sunrise":"06:04","dohr":"13:27","asr":"17:07","maghreb":"20:41","ichaa":"22:11"},"27":{"fajr":"04:19","sunrise":"06:04","dohr":"13:28","asr":"17:07","maghreb":"20:42","ichaa":"22:11"},"28":{"fajr":"04:20","sunrise":"06:04","dohr":"13:28","asr":"17:08","maghreb":"20:42","ichaa":"22:11"},"29":{"fajr":"04:20","sunrise":"06:05","dohr":"13:28","asr":"17:08","maghreb":"20:42","ichaa":"22:11"},"30":{"fajr":"04:21","sunrise":"06:05","dohr":"13:28","asr":"17:08","maghreb":"20:42","ichaa":"22:11"}}