{"1":{"fajr":"04:40","sunrise":"06:18","dohr":"13:14","asr":"16:54","maghreb":"20:02","ichaa":"21:27"},"2":{"fajr":"04:38","sunrise":"06:17","dohr":"13:14","asr":"16:54","maghreb":"20:03","ichaa":"21:28"},"3":{"fajr":"04:37","sunrise":"06:15","dohr":"13:14","asr":"16:54","maghreb":"20:03","ichaa":"21:29"},"4":{"fajr":"04:35","sunrise":"06:14","dohr":"13:14","asr":"16:54","maghreb":"20:04","ichaa":"21:30"},"5":{"fajr":"04:34","sunrise":"06:13","dohr":"13:14","asr":"16:54","maghreb":"20:05","ichaa":"21:31"},"6":{"fajr":"04:33","sunrise":"06:12","dohr":"13:13","asr":"16:54","maghreb":"20:06","ichaa":"21:32"},"7":{"fajr":"04:31","sunrise":"06:12","dohr":"13:13","asr":"16:54","maghreb":"20:07","ichaa":"21:34"},"8":{"fajr":"04:30","sunrise":"06:11","dohr":"13:13","asr":"16:54","maghreb":"20:08","ichaa":"21:35"},"9":{"fajr":"04:29","sunrise":"06:10","dohr":"13:13","asr":"16:54","maghreb":"20:08","ichaa":"21:36"},"10":{"fajr":"04:27","sunrise":"06:09","dohr":"13:13","asr":"16:54","maghreb":"20:09","ichaa":"21:37"},"11":{"fajr":"04:26","sunrise":"06:08","dohr":"13:13","asr":"16:55","maghreb":"20:10","ichaa":"21:38"},"12":{"fajr":"04:25","sunrise":"06:07","dohr":"13:13","asr":"16:55","maghreb":"20:11","ichaa":"21:39"},"13":{"fajr":"04:24","sunrise":"06:06","dohr":"13:13","asr":"16:55","maghreb":"20:12","ichaa":"21:40"},"14":{"fajr":"04:22","sunrise":"06:05","dohr":"13:13","asr":"16:55","maghreb":"20:12","ichaa":"21:42"},"15":{"fajr":"04:21","sunrise":"06:05","dohr":"13:13","asr":"16:55","maghreb":"20:13","ichaa":"21:43"},"16":{"fajr":"04:20","sunrise":"06:04","dohr":"13:13","asr":"16:55","maghreb":"20:14","ichaa":"21:44"},"17":{"fajr":"04:19","sunrise":"06:03","dohr":"13:13","asr":"16:55","maghreb":"20:15","ichaa":"21:45"},"18":{"fajr":"04:18","sunrise":"06:02","dohr":"13:13","asr":"16:55","maghreb":"20:16","ichaa":"21:46"},"19":{"fajr":"04:17","sunrise":"06:02","dohr":"13:13","asr":"16:56","maghreb":"20:16","ichaa":"21:47"},"20":{"fajr":"04:16","sunrise":"06:01","dohr":"13:13","asr":"16:56","maghreb":"20:17","ichaa":"21:48"},"21":{"fajr":"04:15","sunrise":"06:00","dohr":"13:14","asr":"16:56","maghreb":"20:18","ichaa":"21:49"},"22":{"fajr":"04:14","sunrise":"06:00","dohr":"13:14","asr":"16:56","maghreb":"20:19","ichaa":"21:50"},"23":{"fajr":"04:13","sunrise":"05:59","dohr":"13:14","asr":"16:56","maghreb":"20:19","ichaa":"21:51"},"24":{"fajr":"04:12","sunrise":"05:59","dohr":"13:14","asr":"16:56","maghreb":"20:20","ichaa":"21:52"},"25":{"fajr":"04:11","sunrise":"05:58","dohr":"13:14","asr":"16:57","maghreb":"20:21","ichaa":"21:53"},"26":{"fajr":"04:10","sunrise":"05:58","dohr":"13:14","asr":"16:57","maghreb":"20:21","ichaa":"21:54"},"27":{"fajr":"04:09","sunrise":"05:57","dohr":"13:14","asr":"16:57","maghreb":"20:22","ichaa":"21:55"},"28":{"fajr":"04:09","sunrise":"05:57","dohr":"13:14","asr":"16:57","maghreb":"20:23","ichaa":"21:56"},"29":{"fajr":"04:08","sunrise":"05:56","dohr":"13:14","asr":"16:57","maghreb":"20:24","ichaa":"21:57"},"30":{"fajr":"04:07","sunrise":"05:56","dohr":"13:14","asr":"16:57","maghreb":"20:24","ichaa":"21:58"},"31":{"fajr":"04:06","sunrise":"05:56","dohr":"13:15","asr":"16:58","maghreb":"20:25","ichaa":"21:59"}}