{"1":{"fajr":"04:06","sunrise":"05:55","dohr":"13:15","asr":"16:58","maghreb":"20:25","ichaa":"22:00"},"2":{"fajr":"04:05","sunrise":"05:55","dohr":"13:15","asr":"16:58","maghreb":"20:26","ichaa":"22:01"},"3":{"fajr":"04:05","sunrise":"05:55","dohr":"13:15","asr":"16:58","maghreb":"20:27","ichaa":"22:01"},"4":{"fajr":"04:04","sunrise":"05:54","dohr":"13:15","asr":"16:58","maghreb":"20:27","ichaa":"22:02"},"5":{"fajr":"04:04","sunrise":"05:54","dohr":"13:15","asr":"16:59","maghreb":"20:28","ichaa":"22:03"},"6":{"fajr":"04:03","sunrise":"05:54","dohr":"13:16","asr":"16:59","maghreb":"20:28","ichaa":"22:04"},"7":{"fajr":"04:03","sunrise":"05:54","dohr":"13:16","asr":"16:59","maghreb":"20:29","ichaa":"22:04"},"8":{"fajr":"04:02","sunrise":"05:54","dohr":"13:16","asr":"16:59","maghreb":"20:29","ichaa":"22:05"},"9":{"fajr":"04:02","sunrise":"05:54","dohr":"13:16","asr":"16:59","maghreb":"20:30","ichaa":"22:06"},"10":{"fajr":"04:02","sunrise":"05:54","dohr":"13:16","asr":"17:00","maghreb":"20:30","ichaa":"22:06"},"11":{"fajr":"04:02","sunrise":"05:54","dohr":"13:17","asr":"17:00","maghreb":"20:31","ichaa":"22:07"},"12":{"fajr":"04:01","sunrise":"05:54","dohr":"13:17","asr":"17:00","maghreb":"20:31","ichaa":"22:07"},"13":{"fajr":"04:01","sunrise":"05:54","dohr":"13:17","asr":"17:00","maghreb":"20:32","ichaa":"22:08"},"14":{"fajr":"04:01","sunrise":"05:54","dohr":"13:17","asr":"17:00","maghreb":"20:32","ichaa":"22:08"},"15":{"fajr":"04:01","sunrise":"05:54","dohr":"13:17","asr":"17:01","maghreb":"20:32","ichaa":"22:09"},"16":{"fajr":"04:01","sunrise":"05:54","dohr":"13:18","asr":"17:01","maghreb":"20:33","ichaa":"22:09"},"17":{"fajr":"04:01","sunrise":"05:54","dohr":"13:18","asr":"17:01","maghreb":"20:33","ichaa":"22:10"},"18":{"fajr":"04:01","sunrise":"05:54","dohr":"13:18","asr":"17:01","maghreb":"20:33","ichaa":"22:10"},"19":{"fajr":"04:01","sunrise":"05:54","dohr":"13:18","asr":"17:02","maghreb":"20:34","ichaa":"22:10"},"20":{"fajr":"04:01","sunrise":"05:54","dohr":"13:19","asr":"17:02","maghreb":"20:34","ichaa":"22:10"},"21":{"fajr":"04:02","sunrise":"05:54","dohr":"13:19","asr":"17:02","maghreb":"20:34","ichaa":"22:11"},"22":{"fajr":"04:02","sunrise":"05:55","dohr":"13:19","asr":"17:02","maghreb":"20:34","ichaa":"22:11"},"23":{"fajr":"04:02","sunrise":"05:55","dohr":"13:19","asr":"17:02","maghreb":"20:34","ichaa":"22:11"},"24":{"fajr":"04:02","sunrise":"05:55","dohr":"13:19","asr":"17:03","maghreb":"20:34","ichaa":"22:11"},"25":{"fajr":"04:03","sunrise":"05:56","dohr":"13:20","asr":"17:03","maghreb":"20:35","ichaa":"22:11"},"26":{"fajr":"04:03","sunrise":"05:56","dohr":"13:20","asr":"17:03","maghreb":"20:35","ichaa":"22:11"},"27":{"fajr":"04:04","sunrise":"05:56","dohr":"13:20","asr":"17:03","maghreb":"20:35","ichaa":"22:11"},"28":{"fajr":"04:04","sunrise":"05:57","dohr":"13:20","asr":"17:03","maghreb":"20:35","ichaa":"22:11"},"29":{"fajr":"04:05","sunrise":"05:57","dohr":"13:20","asr":"17:04","maghreb":"20:35","ichaa":"22:11"},"30":{"fajr":"04:05","sunrise":"05:57","dohr":"13:21","asr":"17:04","maghreb":"20:35","ichaa":"22:11"}}