{"1":{"fajr":"05:41","sunrise":"07:07","dohr":"13:10","asr":"16:27","maghreb":"19:04","ichaa":"20:19"},"2":{"fajr":"05:42","sunrise":"07:08","dohr":"13:10","asr":"16:26","maghreb":"19:02","ichaa":"20:17"},"3":{"fajr":"05:42","sunrise":"07:09","dohr":"13:10","asr":"16:25","maghreb":"19:01","ichaa":"20:16"},"4":{"fajr":"05:43","sunrise":"07:10","dohr":"13:09","asr":"16:24","maghreb":"19:00","ichaa":"20:14"},"5":{"fajr":"05:44","sunrise":"07:10","dohr":"13:09","asr":"16:23","maghreb":"18:58","ichaa":"20:13"},"6":{"fajr":"05:45","sunrise":"07:11","dohr":"13:09","asr":"16:22","maghreb":"18:57","ichaa":"20:12"},"7":{"fajr":"05:46","sunrise":"07:12","dohr":"13:08","asr":"16:21","maghreb":"18:55","ichaa":"20:10"},"8":{"fajr":"05:46","sunrise":"07:13","dohr":"13:08","asr":"16:20","maghreb":"18:54","ichaa":"20:09"},"9":{"fajr":"05:47","sunrise":"07:14","dohr":"13:08","asr":"16:19","maghreb":"18:53","ichaa":"20:08"},"10":{"fajr":"05:48","sunrise":"07:14","dohr":"13:08","asr":"16:18","maghreb":"18:51","ichaa":"20:06"},"11":{"fajr":"05:49","sunrise":"07:15","dohr":"13:07","asr":"16:17","maghreb":"18:50","ichaa":"20:05"},"12":{"fajr":"05:50","sunrise":"07:16","dohr":"13:07","asr":"16:16","maghreb":"18:49","ichaa":"20:04"},"13":{"fajr":"05:50","sunrise":"07:17","dohr":"13:07","asr":"16:15","maghreb":"18:47","ichaa":"20:02"},"14":{"fajr":"05:51","sunrise":"07:18","dohr":"13:07","asr":"16:14","maghreb":"18:46","ichaa":"20:01"},"15":{"fajr":"05:52","sunrise":"07:18","dohr":"13:06","asr":"16:13","maghreb":"18:45","ichaa":"20:00"},"16":{"fajr":"05:53","sunrise":"07:19","dohr":"13:06","asr":"16:12","maghreb":"18:44","ichaa":"19:59"},"17":{"fajr":"05:54","sunrise":"07:20","dohr":"13:06","asr":"16:11","maghreb":"18:42","ichaa":"19:58"},"18":{"fajr":"05:54","sunrise":"07:21","dohr":"13:06","asr":"16:10","maghreb":"18:41","ichaa":"19:56"},"19":{"fajr":"05:55","sunrise":"07:22","dohr":"13:06","asr":"16:09","maghreb":"18:40","ichaa":"19:55"},"20":{"fajr":"05:56","sunrise":"07:23","dohr":"13:05","asr":"16:08","maghreb":"18:39","ichaa":"19:54"},"21":{"fajr":"05:57","sunrise":"07:24","dohr":"13:05","asr":"16:07","maghreb":"18:37","ichaa":"19:53"},"22":{"fajr":"05:58","sunrise":"07:25","dohr":"13:05","asr":"16:06","maghreb":"18:36","ichaa":"19:52"},"23":{"fajr":"05:58","sunrise":"07:25","dohr":"13:05","asr":"16:05","maghreb":"18:35","ichaa":"19:51"},"24":{"fajr":"05:59","sunrise":"07:26","dohr":"13:05","asr":"16:05","maghreb":"18:34","ichaa":"19:50"},"25":{"fajr":"06:00","sunrise":"07:27","dohr":"13:05","asr":"16:04","maghreb":"18:33","ichaa":"19:49"},"26":{"fajr":"06:01","sunrise":"07:28","dohr":"13:05","asr":"16:03","maghreb":"18:32","ichaa":"19:48"},"27":{"fajr":"06:02","sunrise":"07:29","dohr":"13:05","asr":"16:02","maghreb":"18:31","ichaa":"19:47"},"28":{"fajr":"06:03","sunrise":"07:30","dohr":"13:04","asr":"16:01","maghreb":"18:30","ichaa":"19:46"},"29":{"fajr":"06:03","sunrise":"07:31","dohr":"13:04","asr":"16:00","maghreb":"18:28","ichaa":"19:45"},"30":{"fajr":"06:04","sunrise":"07:32","dohr":"13:04","asr":"16:00","maghreb":"18:27","ichaa":"19:44"},"31":{"fajr":"06:05","sunrise":"07:33","dohr":"13:04","asr":"15:59","maghreb":"18:26","ichaa":"19:43"}}