{"1":{"fajr":"06:16","sunrise":"07:42","dohr":"13:33","asr":"16:42","maghreb":"19:16","ichaa":"20:31"},"2":{"fajr":"06:14","sunrise":"07:40","dohr":"13:33","asr":"16:43","maghreb":"19:17","ichaa":"20:32"},"3":{"fajr":"06:13","sunrise":"07:39","dohr":"13:33","asr":"16:43","maghreb":"19:17","ichaa":"20:32"},"4":{"fajr":"06:12","sunrise":"07:38","dohr":"13:32","asr":"16:44","maghreb":"19:18","ichaa":"20:33"},"5":{"fajr":"06:10","sunrise":"07:36","dohr":"13:32","asr":"16:44","maghreb":"19:19","ichaa":"20:34"},"6":{"fajr":"06:09","sunrise":"07:35","dohr":"13:32","asr":"16:45","maghreb":"19:20","ichaa":"20:35"},"7":{"fajr":"06:08","sunrise":"07:34","dohr":"13:32","asr":"16:45","maghreb":"19:21","ichaa":"20:36"},"8":{"fajr":"06:06","sunrise":"07:32","dohr":"13:31","asr":"16:46","maghreb":"19:22","ichaa":"20:37"},"9":{"fajr":"06:05","sunrise":"07:31","dohr":"13:31","asr":"16:46","maghreb":"19:23","ichaa":"20:38"},"10":{"fajr":"06:04","sunrise":"07:30","dohr":"13:31","asr":"16:47","maghreb":"19:24","ichaa":"20:39"},"11":{"fajr":"06:02","sunrise":"07:28","dohr":"13:31","asr":"16:47","maghreb":"19:24","ichaa":"20:39"},"12":{"fajr":"06:01","sunrise":"07:27","dohr":"13:30","asr":"16:48","maghreb":"19:25","ichaa":"20:40"},"13":{"fajr":"05:59","sunrise":"07:26","dohr":"13:30","asr":"16:48","maghreb":"19:26","ichaa":"20:41"},"14":{"fajr":"05:58","sunrise":"07:24","dohr":"13:30","asr":"16:48","maghreb":"19:27","ichaa":"20:42"},"15":{"fajr":"05:56","sunrise":"07:23","dohr":"13:30","asr":"16:49","maghreb":"19:28","ichaa":"20:43"},"16":{"fajr":"05:55","sunrise":"07:21","dohr":"13:29","asr":"16:49","maghreb":"19:29","ichaa":"20:44"},"17":{"fajr":"05:53","sunrise":"07:20","dohr":"13:29","asr":"16:49","maghreb":"19:29","ichaa":"20:45"},"18":{"fajr":"05:52","sunrise":"07:19","dohr":"13:29","asr":"16:50","maghreb":"19:30","ichaa":"20:46"},"19":{"fajr":"05:50","sunrise":"07:17","dohr":"13:28","asr":"16:50","maghreb":"19:31","ichaa":"20:47"},"20":{"fajr":"05:49","sunrise":"07:16","dohr":"13:28","asr":"16:50","maghreb":"19:32","ichaa":"20:47"},"21":{"fajr":"05:47","sunrise":"07:14","dohr":"13:28","asr":"16:51","maghreb":"19:33","ichaa":"20:48"},"22":{"fajr":"05:46","sunrise":"07:13","dohr":"13:28","asr":"16:51","maghreb":"19:34","ichaa":"20:49"},"23":{"fajr":"05:44","sunrise":"07:12","dohr":"13:27","asr":"16:51","maghreb":"19:34","ichaa":"20:50"},"24":{"fajr":"05:43","sunrise":"07:10","dohr":"13:27","asr":"16:52","maghreb":"19:35","ichaa":"20:51"},"25":{"fajr":"05:41","sunrise":"07:09","dohr":"13:27","asr":"16:52","maghreb":"19:36","ichaa":"20:52"},"26":{"fajr":"05:40","sunrise":"07:07","dohr":"13:26","asr":"16:52","maghreb":"19:37","ichaa":"20:53"},"27":{"fajr":"05:38","sunrise":"07:06","dohr":"13:26","asr":"16:52","maghreb":"19:38","ichaa":"20:54"},"28":{"fajr":"05:37","sunrise":"07:04","dohr":"13:26","asr":"16:53","maghreb":"19:38","ichaa":"20:55"},"29":{"fajr":"05:35","sunrise":"07:03","dohr":"13:25","asr":"16:53","maghreb":"19:39","ichaa":"20:56"},"30":{"fajr":"05:33","sunrise":"07:02","dohr":"13:25","asr":"16:53","maghreb":"19:40","ichaa":"20:57"},"31":{"fajr":"05:32","sunrise":"07:00","dohr":"13:25","asr":"16:53","maghreb":"19:41","ichaa":"20:58"}}