{"1":{"fajr":"04:10","sunrise":"05:59","dohr":"13:19","asr":"17:02","maghreb":"20:30","ichaa":"22:03"},"2":{"fajr":"04:09","sunrise":"05:58","dohr":"13:19","asr":"17:02","maghreb":"20:30","ichaa":"22:04"},"3":{"fajr":"04:09","sunrise":"05:58","dohr":"13:19","asr":"17:02","maghreb":"20:31","ichaa":"22:05"},"4":{"fajr":"04:08","sunrise":"05:58","dohr":"13:19","asr":"17:02","maghreb":"20:32","ichaa":"22:06"},"5":{"fajr":"04:08","sunrise":"05:58","dohr":"13:19","asr":"17:02","maghreb":"20:32","ichaa":"22:07"},"6":{"fajr":"04:07","sunrise":"05:57","dohr":"13:19","asr":"17:03","maghreb":"20:33","ichaa":"22:07"},"7":{"fajr":"04:07","sunrise":"05:57","dohr":"13:20","asr":"17:03","maghreb":"20:33","ichaa":"22:08"},"8":{"fajr":"04:07","sunrise":"05:57","dohr":"13:20","asr":"17:03","maghreb":"20:34","ichaa":"22:09"},"9":{"fajr":"04:06","sunrise":"05:57","dohr":"13:20","asr":"17:03","maghreb":"20:34","ichaa":"22:09"},"10":{"fajr":"04:06","sunrise":"05:57","dohr":"13:20","asr":"17:03","maghreb":"20:35","ichaa":"22:10"},"11":{"fajr":"04:06","sunrise":"05:57","dohr":"13:20","asr":"17:04","maghreb":"20:35","ichaa":"22:10"},"12":{"fajr":"04:06","sunrise":"05:57","dohr":"13:21","asr":"17:04","maghreb":"20:36","ichaa":"22:11"},"13":{"fajr":"04:05","sunrise":"05:57","dohr":"13:21","asr":"17:04","maghreb":"20:36","ichaa":"22:12"},"14":{"fajr":"04:05","sunrise":"05:57","dohr":"13:21","asr":"17:04","maghreb":"20:36","ichaa":"22:12"},"15":{"fajr":"04:05","sunrise":"05:57","dohr":"13:21","asr":"17:04","maghreb":"20:37","ichaa":"22:12"},"16":{"fajr":"04:05","sunrise":"05:57","dohr":"13:21","asr":"17:05","maghreb":"20:37","ichaa":"22:13"},"17":{"fajr":"04:05","sunrise":"05:57","dohr":"13:22","asr":"17:05","maghreb":"20:37","ichaa":"22:13"},"18":{"fajr":"04:05","sunrise":"05:57","dohr":"13:22","asr":"17:05","maghreb":"20:38","ichaa":"22:14"},"19":{"fajr":"04:05","sunrise":"05:57","dohr":"13:22","asr":"17:05","maghreb":"20:38","ichaa":"22:14"},"20":{"fajr":"04:06","sunrise":"05:57","dohr":"13:22","asr":"17:06","maghreb":"20:38","ichaa":"22:14"},"21":{"fajr":"04:06","sunrise":"05:58","dohr":"13:23","asr":"17:06","maghreb":"20:38","ichaa":"22:14"},"22":{"fajr":"04:06","sunrise":"05:58","dohr":"13:23","asr":"17:06","maghreb":"20:39","ichaa":"22:14"},"23":{"fajr":"04:06","sunrise":"05:58","dohr":"13:23","asr":"17:06","maghreb":"20:39","ichaa":"22:15"},"24":{"fajr":"04:07","sunrise":"05:58","dohr":"13:23","asr":"17:06","maghreb":"20:39","ichaa":"22:15"},"25":{"fajr":"04:07","sunrise":"05:59","dohr":"13:23","asr":"17:07","maghreb":"20:39","ichaa":"22:15"},"26":{"fajr":"04:07","sunrise":"05:59","dohr":"13:24","asr":"17:07","maghreb":"20:39","ichaa":"22:15"},"27":{"fajr":"04:08","sunrise":"05:59","dohr":"13:24","asr":"17:07","maghreb":"20:39","ichaa":"22:15"},"28":{"fajr":"04:08","sunrise":"06:00","dohr":"13:24","asr":"17:07","maghreb":"20:39","ichaa":"22:15"},"29":{"fajr":"04:09","sunrise":"06:00","dohr":"13:24","asr":"17:07","maghreb":"20:39","ichaa":"22:14"},"30":{"fajr":"04:09","sunrise":"06:01","dohr":"13:24","asr":"17:08","maghreb":"20:39","ichaa":"22:14"}}