{"1":{"fajr":"04:21","sunrise":"06:02","dohr":"13:19","asr":"16:57","maghreb":"20:27","ichaa":"21:54"},"2":{"fajr":"04:21","sunrise":"06:02","dohr":"13:19","asr":"16:57","maghreb":"20:27","ichaa":"21:54"},"3":{"fajr":"04:20","sunrise":"06:01","dohr":"13:19","asr":"16:57","maghreb":"20:28","ichaa":"21:55"},"4":{"fajr":"04:20","sunrise":"06:01","dohr":"13:19","asr":"16:58","maghreb":"20:29","ichaa":"21:56"},"5":{"fajr":"04:19","sunrise":"06:01","dohr":"13:20","asr":"16:58","maghreb":"20:29","ichaa":"21:57"},"6":{"fajr":"04:19","sunrise":"06:01","dohr":"13:20","asr":"16:58","maghreb":"20:30","ichaa":"21:57"},"7":{"fajr":"04:19","sunrise":"06:01","dohr":"13:20","asr":"16:58","maghreb":"20:30","ichaa":"21:58"},"8":{"fajr":"04:18","sunrise":"06:01","dohr":"13:20","asr":"16:58","maghreb":"20:31","ichaa":"21:59"},"9":{"fajr":"04:18","sunrise":"06:00","dohr":"13:20","asr":"16:58","maghreb":"20:31","ichaa":"21:59"},"10":{"fajr":"04:18","sunrise":"06:00","dohr":"13:21","asr":"16:59","maghreb":"20:32","ichaa":"22:00"},"11":{"fajr":"04:18","sunrise":"06:00","dohr":"13:21","asr":"16:59","maghreb":"20:32","ichaa":"22:00"},"12":{"fajr":"04:17","sunrise":"06:00","dohr":"13:21","asr":"16:59","maghreb":"20:32","ichaa":"22:01"},"13":{"fajr":"04:17","sunrise":"06:00","dohr":"13:21","asr":"16:59","maghreb":"20:33","ichaa":"22:01"},"14":{"fajr":"04:17","sunrise":"06:00","dohr":"13:21","asr":"16:59","maghreb":"20:33","ichaa":"22:02"},"15":{"fajr":"04:17","sunrise":"06:00","dohr":"13:22","asr":"17:00","maghreb":"20:33","ichaa":"22:02"},"16":{"fajr":"04:17","sunrise":"06:01","dohr":"13:22","asr":"17:00","maghreb":"20:34","ichaa":"22:03"},"17":{"fajr":"04:17","sunrise":"06:01","dohr":"13:22","asr":"17:00","maghreb":"20:34","ichaa":"22:03"},"18":{"fajr":"04:17","sunrise":"06:01","dohr":"13:22","asr":"17:00","maghreb":"20:34","ichaa":"22:03"},"19":{"fajr":"04:18","sunrise":"06:01","dohr":"13:23","asr":"17:00","maghreb":"20:35","ichaa":"22:03"},"20":{"fajr":"04:18","sunrise":"06:01","dohr":"13:23","asr":"17:01","maghreb":"20:35","ichaa":"22:04"},"21":{"fajr":"04:18","sunrise":"06:01","dohr":"13:23","asr":"17:01","maghreb":"20:35","ichaa":"22:04"},"22":{"fajr":"04:18","sunrise":"06:02","dohr":"13:23","asr":"17:01","maghreb":"20:35","ichaa":"22:04"},"23":{"fajr":"04:18","sunrise":"06:02","dohr":"13:23","asr":"17:01","maghreb":"20:35","ichaa":"22:04"},"24":{"fajr":"04:19","sunrise":"06:02","dohr":"13:24","asr":"17:02","maghreb":"20:36","ichaa":"22:04"},"25":{"fajr":"04:19","sunrise":"06:02","dohr":"13:24","asr":"17:02","maghreb":"20:36","ichaa":"22:04"},"26":{"fajr":"04:19","sunrise":"06:03","dohr":"13:24","asr":"17:02","maghreb":"20:36","ichaa":"22:04"},"27":{"fajr":"04:20","sunrise":"06:03","dohr":"13:24","asr":"17:02","maghreb":"20:36","ichaa":"22:04"},"28":{"fajr":"04:20","sunrise":"06:03","dohr":"13:24","asr":"17:02","maghreb":"20:36","ichaa":"22:04"},"29":{"fajr":"04:21","sunrise":"06:04","dohr":"13:25","asr":"17:03","maghreb":"20:36","ichaa":"22:04"},"30":{"fajr":"04:21","sunrise":"06:04","dohr":"13:25","asr":"17:03","maghreb":"20:36","ichaa":"22:04"}}