{"1":{"fajr":"05:40","sunrise":"06:59","dohr":"13:09","asr":"16:29","maghreb":"19:10","ichaa":"20:18"},"2":{"fajr":"05:41","sunrise":"06:59","dohr":"13:09","asr":"16:30","maghreb":"19:10","ichaa":"20:18"},"3":{"fajr":"05:41","sunrise":"07:00","dohr":"13:10","asr":"16:30","maghreb":"19:11","ichaa":"20:19"},"4":{"fajr":"05:42","sunrise":"07:00","dohr":"13:10","asr":"16:31","maghreb":"19:11","ichaa":"20:19"},"5":{"fajr":"05:42","sunrise":"07:01","dohr":"13:11","asr":"16:31","maghreb":"19:11","ichaa":"20:19"},"6":{"fajr":"05:43","sunrise":"07:01","dohr":"13:11","asr":"16:31","maghreb":"19:12","ichaa":"20:20"},"7":{"fajr":"05:43","sunrise":"07:01","dohr":"13:11","asr":"16:32","maghreb":"19:12","ichaa":"20:20"},"8":{"fajr":"05:44","sunrise":"07:02","dohr":"13:12","asr":"16:32","maghreb":"19:13","ichaa":"20:21"},"9":{"fajr":"05:44","sunrise":"07:02","dohr":"13:12","asr":"16:32","maghreb":"19:13","ichaa":"20:21"},"10":{"fajr":"05:45","sunrise":"07:03","dohr":"13:13","asr":"16:33","maghreb":"19:14","ichaa":"20:21"},"11":{"fajr":"05:45","sunrise":"07:03","dohr":"13:13","asr":"16:33","maghreb":"19:14","ichaa":"20:21"},"12":{"fajr":"05:46","sunrise":"07:04","dohr":"13:13","asr":"16:33","maghreb":"19:14","ichaa":"20:22"},"13":{"fajr":"05:46","sunrise":"07:04","dohr":"13:14","asr":"16:34","maghreb":"19:15","ichaa":"20:22"},"14":{"fajr":"05:47","sunrise":"07:04","dohr":"13:14","asr":"16:34","maghreb":"19:15","ichaa":"20:22"},"15":{"fajr":"05:47","sunrise":"07:05","dohr":"13:14","asr":"16:34","maghreb":"19:15","ichaa":"20:23"},"16":{"fajr":"05:48","sunrise":"07:05","dohr":"13:15","asr":"16:34","maghreb":"19:16","ichaa":"20:23"},"17":{"fajr":"05:48","sunrise":"07:05","dohr":"13:15","asr":"16:35","maghreb":"19:16","ichaa":"20:23"},"18":{"fajr":"05:49","sunrise":"07:06","dohr":"13:15","asr":"16:35","maghreb":"19:16","ichaa":"20:23"},"19":{"fajr":"05:49","sunrise":"07:06","dohr":"13:16","asr":"16:35","maghreb":"19:17","ichaa":"20:23"},"20":{"fajr":"05:49","sunrise":"07:06","dohr":"13:16","asr":"16:35","maghreb":"19:17","ichaa":"20:24"},"21":{"fajr":"05:50","sunrise":"07:07","dohr":"13:16","asr":"16:35","maghreb":"19:17","ichaa":"20:24"},"22":{"fajr":"05:50","sunrise":"07:07","dohr":"13:17","asr":"16:35","maghreb":"19:17","ichaa":"20:24"},"23":{"fajr":"05:51","sunrise":"07:07","dohr":"13:17","asr":"16:36","maghreb":"19:18","ichaa":"20:24"},"24":{"fajr":"05:51","sunrise":"07:07","dohr":"13:17","asr":"16:36","maghreb":"19:18","ichaa":"20:24"},"25":{"fajr":"05:51","sunrise":"07:08","dohr":"13:17","asr":"16:36","maghreb":"19:18","ichaa":"20:24"},"26":{"fajr":"05:52","sunrise":"07:08","dohr":"13:18","asr":"16:36","maghreb":"19:18","ichaa":"20:24"},"27":{"fajr":"05:52","sunrise":"07:08","dohr":"13:18","asr":"16:36","maghreb":"19:19","ichaa":"20:25"},"28":{"fajr":"05:52","sunrise":"07:08","dohr":"13:18","asr":"16:36","maghreb":"19:19","ichaa":"20:25"},"29":{"fajr":"05:53","sunrise":"07:08","dohr":"13:18","asr":"16:36","maghreb":"19:19","ichaa":"20:25"},"30":{"fajr":"05:53","sunrise":"07:09","dohr":"13:18","asr":"16:36","maghreb":"19:19","ichaa":"20:25"},"31":{"fajr":"05:53","sunrise":"07:09","dohr":"13:18","asr":"16:36","maghreb":"19:19","ichaa":"20:25"}}