{"1":{"fajr":"05:33","sunrise":"06:45","dohr":"12:55","asr":"15:56","maghreb":"18:55","ichaa":"19:58"},"2":{"fajr":"05:33","sunrise":"06:45","dohr":"12:54","asr":"15:56","maghreb":"18:55","ichaa":"19:57"},"3":{"fajr":"05:32","sunrise":"06:45","dohr":"12:54","asr":"15:56","maghreb":"18:54","ichaa":"19:57"},"4":{"fajr":"05:32","sunrise":"06:44","dohr":"12:54","asr":"15:57","maghreb":"18:54","ichaa":"19:57"},"5":{"fajr":"05:32","sunrise":"06:44","dohr":"12:53","asr":"15:57","maghreb":"18:54","ichaa":"19:57"},"6":{"fajr":"05:31","sunrise":"06:44","dohr":"12:53","asr":"15:57","maghreb":"18:53","ichaa":"19:56"},"7":{"fajr":"05:31","sunrise":"06:43","dohr":"12:53","asr":"15:58","maghreb":"18:53","ichaa":"19:56"},"8":{"fajr":"05:31","sunrise":"06:43","dohr":"12:52","asr":"15:58","maghreb":"18:53","ichaa":"19:56"},"9":{"fajr":"05:30","sunrise":"06:43","dohr":"12:52","asr":"15:58","maghreb":"18:53","ichaa":"19:56"},"10":{"fajr":"05:30","sunrise":"06:42","dohr":"12:52","asr":"15:58","maghreb":"18:52","ichaa":"19:55"},"11":{"fajr":"05:30","sunrise":"06:42","dohr":"12:52","asr":"15:59","maghreb":"18:52","ichaa":"19:55"},"12":{"fajr":"05:29","sunrise":"06:42","dohr":"12:51","asr":"15:59","maghreb":"18:52","ichaa":"19:55"},"13":{"fajr":"05:29","sunrise":"06:42","dohr":"12:51","asr":"15:59","maghreb":"18:52","ichaa":"19:55"},"14":{"fajr":"05:29","sunrise":"06:41","dohr":"12:51","asr":"15:59","maghreb":"18:51","ichaa":"19:55"},"15":{"fajr":"05:28","sunrise":"06:41","dohr":"12:51","asr":"16:00","maghreb":"18:51","ichaa":"19:54"},"16":{"fajr":"05:28","sunrise":"06:41","dohr":"12:51","asr":"16:00","maghreb":"18:51","ichaa":"19:54"},"17":{"fajr":"05:28","sunrise":"06:41","dohr":"12:50","asr":"16:00","maghreb":"18:51","ichaa":"19:54"},"18":{"fajr":"05:28","sunrise":"06:41","dohr":"12:50","asr":"16:00","maghreb":"18:51","ichaa":"19:54"},"19":{"fajr":"05:27","sunrise":"06:40","dohr":"12:50","asr":"16:01","maghreb":"18:50","ichaa":"19:54"},"20":{"fajr":"05:27","sunrise":"06:40","dohr":"12:50","asr":"16:01","maghreb":"18:50","ichaa":"19:54"},"21":{"fajr":"05:27","sunrise":"06:40","dohr":"12:50","asr":"16:01","maghreb":"18:50","ichaa":"19:54"},"22":{"fajr":"05:26","sunrise":"06:40","dohr":"12:49","asr":"16:01","maghreb":"18:50","ichaa":"19:54"},"23":{"fajr":"05:26","sunrise":"06:40","dohr":"12:49","asr":"16:01","maghreb":"18:50","ichaa":"19:54"},"24":{"fajr":"05:26","sunrise":"06:40","dohr":"12:49","asr":"16:02","maghreb":"18:50","ichaa":"19:54"},"25":{"fajr":"05:26","sunrise":"06:39","dohr":"12:49","asr":"16:02","maghreb":"18:50","ichaa":"19:54"},"26":{"fajr":"05:26","sunrise":"06:39","dohr":"12:49","asr":"16:02","maghreb":"18:50","ichaa":"19:54"},"27":{"fajr":"05:25","sunrise":"06:39","dohr":"12:49","asr":"16:02","maghreb":"18:49","ichaa":"19:54"},"28":{"fajr":"05:25","sunrise":"06:39","dohr":"12:49","asr":"16:03","maghreb":"18:49","ichaa":"19:54"},"29":{"fajr":"05:25","sunrise":"06:39","dohr":"12:49","asr":"16:03","maghreb":"18:49","ichaa":"19:54"},"30":{"fajr":"05:25","sunrise":"06:39","dohr":"12:49","asr":"16:03","maghreb":"18:49","ichaa":"19:54"},"31":{"fajr":"05:25","sunrise":"06:39","dohr":"12:49","asr":"16:03","maghreb":"18:49","ichaa":"19:54"}}