{"1":{"fajr":"05:24","sunrise":"06:39","dohr":"12:49","asr":"16:04","maghreb":"18:49","ichaa":"19:54"},"2":{"fajr":"05:24","sunrise":"06:39","dohr":"12:49","asr":"16:04","maghreb":"18:49","ichaa":"19:54"},"3":{"fajr":"05:24","sunrise":"06:39","dohr":"12:49","asr":"16:04","maghreb":"18:49","ichaa":"19:54"},"4":{"fajr":"05:24","sunrise":"06:39","dohr":"12:49","asr":"16:04","maghreb":"18:49","ichaa":"19:54"},"5":{"fajr":"05:24","sunrise":"06:39","dohr":"12:49","asr":"16:05","maghreb":"18:49","ichaa":"19:54"},"6":{"fajr":"05:24","sunrise":"06:39","dohr":"12:49","asr":"16:05","maghreb":"18:49","ichaa":"19:55"},"7":{"fajr":"05:24","sunrise":"06:39","dohr":"12:49","asr":"16:05","maghreb":"18:49","ichaa":"19:55"},"8":{"fajr":"05:24","sunrise":"06:39","dohr":"12:49","asr":"16:06","maghreb":"18:49","ichaa":"19:55"},"9":{"fajr":"05:24","sunrise":"06:39","dohr":"12:49","asr":"16:06","maghreb":"18:50","ichaa":"19:55"},"10":{"fajr":"05:24","sunrise":"06:39","dohr":"12:49","asr":"16:06","maghreb":"18:50","ichaa":"19:55"},"11":{"fajr":"05:24","sunrise":"06:39","dohr":"12:49","asr":"16:07","maghreb":"18:50","ichaa":"19:56"},"12":{"fajr":"05:24","sunrise":"06:39","dohr":"12:49","asr":"16:07","maghreb":"18:50","ichaa":"19:56"},"13":{"fajr":"05:24","sunrise":"06:40","dohr":"12:49","asr":"16:07","maghreb":"18:50","ichaa":"19:56"},"14":{"fajr":"05:24","sunrise":"06:40","dohr":"12:49","asr":"16:07","maghreb":"18:50","ichaa":"19:56"},"15":{"fajr":"05:24","sunrise":"06:40","dohr":"12:50","asr":"16:08","maghreb":"18:50","ichaa":"19:57"},"16":{"fajr":"05:24","sunrise":"06:40","dohr":"12:50","asr":"16:08","maghreb":"18:51","ichaa":"19:57"},"17":{"fajr":"05:24","sunrise":"06:40","dohr":"12:50","asr":"16:08","maghreb":"18:51","ichaa":"19:57"},"18":{"fajr":"05:24","sunrise":"06:40","dohr":"12:50","asr":"16:09","maghreb":"18:51","ichaa":"19:58"},"19":{"fajr":"05:24","sunrise":"06:41","dohr":"12:50","asr":"16:09","maghreb":"18:51","ichaa":"19:58"},"20":{"fajr":"05:24","sunrise":"06:41","dohr":"12:51","asr":"16:10","maghreb":"18:51","ichaa":"19:58"},"21":{"fajr":"05:24","sunrise":"06:41","dohr":"12:51","asr":"16:10","maghreb":"18:52","ichaa":"19:59"},"22":{"fajr":"05:24","sunrise":"06:41","dohr":"12:51","asr":"16:10","maghreb":"18:52","ichaa":"19:59"},"23":{"fajr":"05:25","sunrise":"06:42","dohr":"12:51","asr":"16:11","maghreb":"18:52","ichaa":"19:59"},"24":{"fajr":"05:25","sunrise":"06:42","dohr":"12:52","asr":"16:11","maghreb":"18:53","ichaa":"20:00"},"25":{"fajr":"05:25","sunrise":"06:42","dohr":"12:52","asr":"16:12","maghreb":"18:53","ichaa":"20:00"},"26":{"fajr":"05:25","sunrise":"06:43","dohr":"12:52","asr":"16:12","maghreb":"18:53","ichaa":"20:01"},"27":{"fajr":"05:25","sunrise":"06:43","dohr":"12:53","asr":"16:12","maghreb":"18:54","ichaa":"20:01"},"28":{"fajr":"05:26","sunrise":"06:43","dohr":"12:53","asr":"16:13","maghreb":"18:54","ichaa":"20:01"},"29":{"fajr":"05:26","sunrise":"06:43","dohr":"12:53","asr":"16:13","maghreb":"18:54","ichaa":"20:02"},"30":{"fajr":"05:26","sunrise":"06:44","dohr":"12:54","asr":"16:14","maghreb":"18:55","ichaa":"20:02"}}