{"1":{"fajr":"05:26","sunrise":"06:44","dohr":"12:54","asr":"16:14","maghreb":"18:55","ichaa":"20:03"},"2":{"fajr":"05:27","sunrise":"06:45","dohr":"12:54","asr":"16:15","maghreb":"18:55","ichaa":"20:03"},"3":{"fajr":"05:27","sunrise":"06:45","dohr":"12:55","asr":"16:15","maghreb":"18:56","ichaa":"20:04"},"4":{"fajr":"05:27","sunrise":"06:45","dohr":"12:55","asr":"16:16","maghreb":"18:56","ichaa":"20:04"},"5":{"fajr":"05:28","sunrise":"06:46","dohr":"12:56","asr":"16:16","maghreb":"18:57","ichaa":"20:05"},"6":{"fajr":"05:28","sunrise":"06:46","dohr":"12:56","asr":"16:16","maghreb":"18:57","ichaa":"20:05"},"7":{"fajr":"05:28","sunrise":"06:47","dohr":"12:57","asr":"16:17","maghreb":"18:57","ichaa":"20:06"},"8":{"fajr":"05:29","sunrise":"06:47","dohr":"12:57","asr":"16:17","maghreb":"18:58","ichaa":"20:06"},"9":{"fajr":"05:29","sunrise":"06:47","dohr":"12:57","asr":"16:18","maghreb":"18:58","ichaa":"20:07"},"10":{"fajr":"05:29","sunrise":"06:48","dohr":"12:58","asr":"16:18","maghreb":"18:59","ichaa":"20:07"},"11":{"fajr":"05:30","sunrise":"06:48","dohr":"12:58","asr":"16:19","maghreb":"18:59","ichaa":"20:08"},"12":{"fajr":"05:30","sunrise":"06:49","dohr":"12:59","asr":"16:19","maghreb":"19:00","ichaa":"20:08"},"13":{"fajr":"05:31","sunrise":"06:49","dohr":"12:59","asr":"16:20","maghreb":"19:00","ichaa":"20:09"},"14":{"fajr":"05:31","sunrise":"06:50","dohr":"13:00","asr":"16:20","maghreb":"19:01","ichaa":"20:09"},"15":{"fajr":"05:32","sunrise":"06:50","dohr":"13:00","asr":"16:21","maghreb":"19:01","ichaa":"20:10"},"16":{"fajr":"05:32","sunrise":"06:51","dohr":"13:01","asr":"16:21","maghreb":"19:02","ichaa":"20:10"},"17":{"fajr":"05:32","sunrise":"06:51","dohr":"13:01","asr":"16:22","maghreb":"19:02","ichaa":"20:11"},"18":{"fajr":"05:33","sunrise":"06:52","dohr":"13:02","asr":"16:22","maghreb":"19:03","ichaa":"20:11"},"19":{"fajr":"05:33","sunrise":"06:52","dohr":"13:02","asr":"16:23","maghreb":"19:03","ichaa":"20:12"},"20":{"fajr":"05:34","sunrise":"06:53","dohr":"13:03","asr":"16:23","maghreb":"19:04","ichaa":"20:12"},"21":{"fajr":"05:34","sunrise":"06:53","dohr":"13:03","asr":"16:24","maghreb":"19:04","ichaa":"20:13"},"22":{"fajr":"05:35","sunrise":"06:54","dohr":"13:04","asr":"16:24","maghreb":"19:05","ichaa":"20:13"},"23":{"fajr":"05:35","sunrise":"06:54","dohr":"13:04","asr":"16:25","maghreb":"19:05","ichaa":"20:14"},"24":{"fajr":"05:36","sunrise":"06:55","dohr":"13:05","asr":"16:25","maghreb":"19:06","ichaa":"20:14"},"25":{"fajr":"05:36","sunrise":"06:55","dohr":"13:05","asr":"16:26","maghreb":"19:06","ichaa":"20:15"},"26":{"fajr":"05:37","sunrise":"06:56","dohr":"13:06","asr":"16:26","maghreb":"19:07","ichaa":"20:15"},"27":{"fajr":"05:37","sunrise":"06:56","dohr":"13:06","asr":"16:27","maghreb":"19:07","ichaa":"20:16"},"28":{"fajr":"05:38","sunrise":"06:57","dohr":"13:07","asr":"16:27","maghreb":"19:08","ichaa":"20:16"},"29":{"fajr":"05:38","sunrise":"06:57","dohr":"13:07","asr":"16:28","maghreb":"19:08","ichaa":"20:16"},"30":{"fajr":"05:39","sunrise":"06:58","dohr":"13:08","asr":"16:28","maghreb":"19:09","ichaa":"20:17"},"31":{"fajr":"05:40","sunrise":"06:58","dohr":"13:08","asr":"16:29","maghreb":"19:09","ichaa":"20:17"}}