{"1":{"fajr":"05:53","sunrise":"07:09","dohr":"13:19","asr":"16:36","maghreb":"19:19","ichaa":"20:25"},"2":{"fajr":"05:54","sunrise":"07:09","dohr":"13:19","asr":"16:36","maghreb":"19:19","ichaa":"20:25"},"3":{"fajr":"05:54","sunrise":"07:09","dohr":"13:19","asr":"16:35","maghreb":"19:20","ichaa":"20:25"},"4":{"fajr":"05:54","sunrise":"07:09","dohr":"13:19","asr":"16:35","maghreb":"19:20","ichaa":"20:25"},"5":{"fajr":"05:54","sunrise":"07:09","dohr":"13:19","asr":"16:35","maghreb":"19:20","ichaa":"20:25"},"6":{"fajr":"05:55","sunrise":"07:09","dohr":"13:19","asr":"16:35","maghreb":"19:20","ichaa":"20:25"},"7":{"fajr":"05:55","sunrise":"07:09","dohr":"13:19","asr":"16:35","maghreb":"19:20","ichaa":"20:25"},"8":{"fajr":"05:55","sunrise":"07:10","dohr":"13:19","asr":"16:35","maghreb":"19:20","ichaa":"20:25"},"9":{"fajr":"05:55","sunrise":"07:10","dohr":"13:19","asr":"16:34","maghreb":"19:20","ichaa":"20:24"},"10":{"fajr":"05:55","sunrise":"07:10","dohr":"13:19","asr":"16:34","maghreb":"19:20","ichaa":"20:24"},"11":{"fajr":"05:55","sunrise":"07:10","dohr":"13:19","asr":"16:34","maghreb":"19:20","ichaa":"20:24"},"12":{"fajr":"05:55","sunrise":"07:10","dohr":"13:19","asr":"16:33","maghreb":"19:20","ichaa":"20:24"},"13":{"fajr":"05:56","sunrise":"07:10","dohr":"13:19","asr":"16:33","maghreb":"19:20","ichaa":"20:24"},"14":{"fajr":"05:56","sunrise":"07:10","dohr":"13:19","asr":"16:33","maghreb":"19:20","ichaa":"20:24"},"15":{"fajr":"05:56","sunrise":"07:09","dohr":"13:19","asr":"16:32","maghreb":"19:20","ichaa":"20:24"},"16":{"fajr":"05:56","sunrise":"07:09","dohr":"13:19","asr":"16:32","maghreb":"19:20","ichaa":"20:24"},"17":{"fajr":"05:56","sunrise":"07:09","dohr":"13:19","asr":"16:31","maghreb":"19:20","ichaa":"20:23"},"18":{"fajr":"05:56","sunrise":"07:09","dohr":"13:19","asr":"16:31","maghreb":"19:19","ichaa":"20:23"},"19":{"fajr":"05:56","sunrise":"07:09","dohr":"13:19","asr":"16:31","maghreb":"19:19","ichaa":"20:23"},"20":{"fajr":"05:56","sunrise":"07:09","dohr":"13:19","asr":"16:30","maghreb":"19:19","ichaa":"20:23"},"21":{"fajr":"05:56","sunrise":"07:09","dohr":"13:19","asr":"16:30","maghreb":"19:19","ichaa":"20:23"},"22":{"fajr":"05:56","sunrise":"07:09","dohr":"13:18","asr":"16:29","maghreb":"19:19","ichaa":"20:22"},"23":{"fajr":"05:56","sunrise":"07:09","dohr":"13:18","asr":"16:28","maghreb":"19:19","ichaa":"20:22"},"24":{"fajr":"05:56","sunrise":"07:09","dohr":"13:18","asr":"16:28","maghreb":"19:19","ichaa":"20:22"},"25":{"fajr":"05:56","sunrise":"07:08","dohr":"13:18","asr":"16:27","maghreb":"19:19","ichaa":"20:22"},"26":{"fajr":"05:55","sunrise":"07:08","dohr":"13:18","asr":"16:27","maghreb":"19:18","ichaa":"20:22"},"27":{"fajr":"05:55","sunrise":"07:08","dohr":"13:18","asr":"16:26","maghreb":"19:18","ichaa":"20:21"},"28":{"fajr":"05:55","sunrise":"07:08","dohr":"13:17","asr":"16:25","maghreb":"19:18","ichaa":"20:21"}}