{"1":{"fajr":"05:55","sunrise":"07:08","dohr":"13:17","asr":"16:24","maghreb":"19:18","ichaa":"20:21"},"2":{"fajr":"05:55","sunrise":"07:08","dohr":"13:17","asr":"16:24","maghreb":"19:18","ichaa":"20:21"},"3":{"fajr":"05:55","sunrise":"07:07","dohr":"13:17","asr":"16:23","maghreb":"19:17","ichaa":"20:20"},"4":{"fajr":"05:55","sunrise":"07:07","dohr":"13:17","asr":"16:22","maghreb":"19:17","ichaa":"20:20"},"5":{"fajr":"05:55","sunrise":"07:07","dohr":"13:16","asr":"16:21","maghreb":"19:17","ichaa":"20:20"},"6":{"fajr":"05:54","sunrise":"07:07","dohr":"13:16","asr":"16:21","maghreb":"19:17","ichaa":"20:19"},"7":{"fajr":"05:54","sunrise":"07:06","dohr":"13:16","asr":"16:20","maghreb":"19:16","ichaa":"20:19"},"8":{"fajr":"05:54","sunrise":"07:06","dohr":"13:16","asr":"16:19","maghreb":"19:16","ichaa":"20:19"},"9":{"fajr":"05:54","sunrise":"07:06","dohr":"13:15","asr":"16:18","maghreb":"19:16","ichaa":"20:19"},"10":{"fajr":"05:54","sunrise":"07:06","dohr":"13:15","asr":"16:17","maghreb":"19:16","ichaa":"20:18"},"11":{"fajr":"05:53","sunrise":"07:05","dohr":"13:15","asr":"16:16","maghreb":"19:15","ichaa":"20:18"},"12":{"fajr":"05:53","sunrise":"07:05","dohr":"13:15","asr":"16:15","maghreb":"19:15","ichaa":"20:18"},"13":{"fajr":"05:53","sunrise":"07:05","dohr":"13:14","asr":"16:14","maghreb":"19:15","ichaa":"20:17"},"14":{"fajr":"05:53","sunrise":"07:05","dohr":"13:14","asr":"16:13","maghreb":"19:15","ichaa":"20:17"},"15":{"fajr":"05:52","sunrise":"07:04","dohr":"13:14","asr":"16:12","maghreb":"19:14","ichaa":"20:17"},"16":{"fajr":"05:52","sunrise":"07:04","dohr":"13:14","asr":"16:11","maghreb":"19:14","ichaa":"20:16"},"17":{"fajr":"05:52","sunrise":"07:04","dohr":"13:13","asr":"16:10","maghreb":"19:14","ichaa":"20:16"},"18":{"fajr":"05:52","sunrise":"07:04","dohr":"13:13","asr":"16:09","maghreb":"19:13","ichaa":"20:16"},"19":{"fajr":"05:51","sunrise":"07:03","dohr":"13:13","asr":"16:08","maghreb":"19:13","ichaa":"20:16"},"20":{"fajr":"05:51","sunrise":"07:03","dohr":"13:12","asr":"16:07","maghreb":"19:13","ichaa":"20:15"},"21":{"fajr":"05:51","sunrise":"07:03","dohr":"13:12","asr":"16:06","maghreb":"19:13","ichaa":"20:15"},"22":{"fajr":"05:50","sunrise":"07:02","dohr":"13:12","asr":"16:05","maghreb":"19:12","ichaa":"20:15"},"23":{"fajr":"05:50","sunrise":"07:02","dohr":"13:11","asr":"16:04","maghreb":"19:12","ichaa":"20:14"},"24":{"fajr":"05:50","sunrise":"07:02","dohr":"13:11","asr":"16:03","maghreb":"19:12","ichaa":"20:14"},"25":{"fajr":"05:49","sunrise":"07:01","dohr":"13:11","asr":"16:02","maghreb":"19:11","ichaa":"20:14"},"26":{"fajr":"05:49","sunrise":"07:01","dohr":"13:11","asr":"16:00","maghreb":"19:11","ichaa":"20:14"},"27":{"fajr":"05:49","sunrise":"07:01","dohr":"13:10","asr":"15:59","maghreb":"19:11","ichaa":"20:13"},"28":{"fajr":"05:48","sunrise":"07:01","dohr":"13:10","asr":"15:58","maghreb":"19:10","ichaa":"20:13"},"29":{"fajr":"05:48","sunrise":"07:00","dohr":"13:10","asr":"15:57","maghreb":"19:10","ichaa":"20:13"},"30":{"fajr":"05:48","sunrise":"07:00","dohr":"13:09","asr":"15:56","maghreb":"19:10","ichaa":"20:12"},"31":{"fajr":"05:47","sunrise":"07:00","dohr":"13:09","asr":"15:54","maghreb":"19:10","ichaa":"20:12"}}