{"1":{"fajr":"05:47","sunrise":"06:59","dohr":"13:09","asr":"15:53","maghreb":"19:09","ichaa":"20:12"},"2":{"fajr":"05:47","sunrise":"06:59","dohr":"13:08","asr":"15:52","maghreb":"19:09","ichaa":"20:12"},"3":{"fajr":"05:46","sunrise":"06:59","dohr":"13:08","asr":"15:50","maghreb":"19:09","ichaa":"20:11"},"4":{"fajr":"05:46","sunrise":"06:58","dohr":"13:08","asr":"15:49","maghreb":"19:08","ichaa":"20:11"},"5":{"fajr":"05:46","sunrise":"06:58","dohr":"13:08","asr":"15:48","maghreb":"19:08","ichaa":"20:11"},"6":{"fajr":"05:45","sunrise":"06:58","dohr":"13:07","asr":"15:46","maghreb":"19:08","ichaa":"20:11"},"7":{"fajr":"05:45","sunrise":"06:58","dohr":"13:07","asr":"15:45","maghreb":"19:08","ichaa":"20:11"},"8":{"fajr":"05:45","sunrise":"06:57","dohr":"13:07","asr":"15:44","maghreb":"19:07","ichaa":"20:10"},"9":{"fajr":"05:44","sunrise":"06:57","dohr":"13:07","asr":"15:42","maghreb":"19:07","ichaa":"20:10"},"10":{"fajr":"05:44","sunrise":"06:57","dohr":"13:06","asr":"15:41","maghreb":"19:07","ichaa":"20:10"},"11":{"fajr":"05:44","sunrise":"06:57","dohr":"13:06","asr":"15:39","maghreb":"19:06","ichaa":"20:10"},"12":{"fajr":"05:43","sunrise":"06:56","dohr":"13:06","asr":"15:38","maghreb":"19:06","ichaa":"20:10"},"13":{"fajr":"05:43","sunrise":"06:56","dohr":"13:05","asr":"15:37","maghreb":"19:06","ichaa":"20:09"},"14":{"fajr":"05:43","sunrise":"06:56","dohr":"13:05","asr":"15:35","maghreb":"19:06","ichaa":"20:09"},"15":{"fajr":"05:42","sunrise":"06:55","dohr":"13:05","asr":"15:34","maghreb":"19:05","ichaa":"20:09"},"16":{"fajr":"05:42","sunrise":"06:55","dohr":"13:05","asr":"15:32","maghreb":"19:05","ichaa":"20:09"},"17":{"fajr":"05:42","sunrise":"06:55","dohr":"13:05","asr":"15:31","maghreb":"19:05","ichaa":"20:09"},"18":{"fajr":"05:41","sunrise":"06:55","dohr":"13:04","asr":"15:29","maghreb":"19:05","ichaa":"20:09"},"19":{"fajr":"05:41","sunrise":"06:55","dohr":"13:04","asr":"15:28","maghreb":"19:05","ichaa":"20:08"},"20":{"fajr":"05:41","sunrise":"06:54","dohr":"13:04","asr":"15:26","maghreb":"19:04","ichaa":"20:08"},"21":{"fajr":"05:40","sunrise":"06:54","dohr":"13:04","asr":"15:25","maghreb":"19:04","ichaa":"20:08"},"22":{"fajr":"05:40","sunrise":"06:54","dohr":"13:03","asr":"15:23","maghreb":"19:04","ichaa":"20:08"},"23":{"fajr":"05:40","sunrise":"06:54","dohr":"13:03","asr":"15:22","maghreb":"19:04","ichaa":"20:08"},"24":{"fajr":"05:40","sunrise":"06:54","dohr":"13:03","asr":"15:20","maghreb":"19:04","ichaa":"20:08"},"25":{"fajr":"05:39","sunrise":"06:53","dohr":"13:03","asr":"15:19","maghreb":"19:03","ichaa":"20:08"},"26":{"fajr":"05:39","sunrise":"06:53","dohr":"13:03","asr":"15:17","maghreb":"19:03","ichaa":"20:08"},"27":{"fajr":"05:39","sunrise":"06:53","dohr":"13:03","asr":"15:16","maghreb":"19:03","ichaa":"20:08"},"28":{"fajr":"05:39","sunrise":"06:53","dohr":"13:02","asr":"15:14","maghreb":"19:03","ichaa":"20:08"},"29":{"fajr":"05:38","sunrise":"06:53","dohr":"13:02","asr":"15:12","maghreb":"19:03","ichaa":"20:08"},"30":{"fajr":"05:38","sunrise":"06:53","dohr":"13:02","asr":"15:11","maghreb":"19:03","ichaa":"20:08"}}