{"1":{"fajr":"05:38","sunrise":"06:52","dohr":"13:02","asr":"15:09","maghreb":"19:03","ichaa":"20:08"},"2":{"fajr":"05:38","sunrise":"06:52","dohr":"13:02","asr":"15:08","maghreb":"19:03","ichaa":"20:08"},"3":{"fajr":"05:37","sunrise":"06:52","dohr":"13:02","asr":"15:06","maghreb":"19:02","ichaa":"20:08"},"4":{"fajr":"05:37","sunrise":"06:52","dohr":"13:02","asr":"15:05","maghreb":"19:02","ichaa":"20:08"},"5":{"fajr":"05:37","sunrise":"06:52","dohr":"13:02","asr":"15:03","maghreb":"19:02","ichaa":"20:08"},"6":{"fajr":"05:37","sunrise":"06:52","dohr":"13:02","asr":"15:01","maghreb":"19:02","ichaa":"20:08"},"7":{"fajr":"05:37","sunrise":"06:52","dohr":"13:02","asr":"15:00","maghreb":"19:02","ichaa":"20:08"},"8":{"fajr":"05:36","sunrise":"06:52","dohr":"13:01","asr":"14:58","maghreb":"19:02","ichaa":"20:08"},"9":{"fajr":"05:36","sunrise":"06:52","dohr":"13:01","asr":"14:57","maghreb":"19:02","ichaa":"20:08"},"10":{"fajr":"05:36","sunrise":"06:52","dohr":"13:01","asr":"14:55","maghreb":"19:02","ichaa":"20:08"},"11":{"fajr":"05:36","sunrise":"06:52","dohr":"13:01","asr":"14:54","maghreb":"19:02","ichaa":"20:08"},"12":{"fajr":"05:36","sunrise":"06:52","dohr":"13:01","asr":"14:52","maghreb":"19:02","ichaa":"20:08"},"13":{"fajr":"05:36","sunrise":"06:52","dohr":"13:01","asr":"14:51","maghreb":"19:02","ichaa":"20:08"},"14":{"fajr":"05:35","sunrise":"06:52","dohr":"13:01","asr":"14:49","maghreb":"19:02","ichaa":"20:08"},"15":{"fajr":"05:35","sunrise":"06:52","dohr":"13:01","asr":"14:48","maghreb":"19:02","ichaa":"20:08"},"16":{"fajr":"05:35","sunrise":"06:52","dohr":"13:01","asr":"14:46","maghreb":"19:02","ichaa":"20:09"},"17":{"fajr":"05:35","sunrise":"06:52","dohr":"13:01","asr":"14:45","maghreb":"19:02","ichaa":"20:09"},"18":{"fajr":"05:35","sunrise":"06:52","dohr":"13:01","asr":"14:43","maghreb":"19:02","ichaa":"20:09"},"19":{"fajr":"05:35","sunrise":"06:52","dohr":"13:01","asr":"14:42","maghreb":"19:02","ichaa":"20:09"},"20":{"fajr":"05:35","sunrise":"06:52","dohr":"13:02","asr":"14:40","maghreb":"19:02","ichaa":"20:09"},"21":{"fajr":"05:35","sunrise":"06:52","dohr":"13:02","asr":"14:39","maghreb":"19:02","ichaa":"20:09"},"22":{"fajr":"05:35","sunrise":"06:52","dohr":"13:02","asr":"14:38","maghreb":"19:02","ichaa":"20:09"},"23":{"fajr":"05:35","sunrise":"06:52","dohr":"13:02","asr":"14:36","maghreb":"19:03","ichaa":"20:10"},"24":{"fajr":"05:35","sunrise":"06:52","dohr":"13:02","asr":"14:35","maghreb":"19:03","ichaa":"20:10"},"25":{"fajr":"05:35","sunrise":"06:52","dohr":"13:02","asr":"14:34","maghreb":"19:03","ichaa":"20:10"},"26":{"fajr":"05:35","sunrise":"06:52","dohr":"13:02","asr":"14:32","maghreb":"19:03","ichaa":"20:10"},"27":{"fajr":"05:35","sunrise":"06:52","dohr":"13:02","asr":"14:31","maghreb":"19:03","ichaa":"20:10"},"28":{"fajr":"05:35","sunrise":"06:53","dohr":"13:02","asr":"14:30","maghreb":"19:03","ichaa":"20:11"},"29":{"fajr":"05:35","sunrise":"06:53","dohr":"13:02","asr":"14:29","maghreb":"19:03","ichaa":"20:11"},"30":{"fajr":"05:35","sunrise":"06:53","dohr":"13:03","asr":"14:27","maghreb":"19:03","ichaa":"20:11"},"31":{"fajr":"05:35","sunrise":"06:53","dohr":"13:03","asr":"14:26","maghreb":"19:04","ichaa":"20:11"}}