{"1":{"fajr":"05:35","sunrise":"06:53","dohr":"13:03","asr":"14:25","maghreb":"19:04","ichaa":"20:12"},"2":{"fajr":"05:35","sunrise":"06:53","dohr":"13:03","asr":"14:24","maghreb":"19:04","ichaa":"20:12"},"3":{"fajr":"05:35","sunrise":"06:53","dohr":"13:03","asr":"14:23","maghreb":"19:04","ichaa":"20:12"},"4":{"fajr":"05:35","sunrise":"06:54","dohr":"13:03","asr":"14:22","maghreb":"19:04","ichaa":"20:12"},"5":{"fajr":"05:35","sunrise":"06:54","dohr":"13:04","asr":"14:21","maghreb":"19:04","ichaa":"20:12"},"6":{"fajr":"05:36","sunrise":"06:54","dohr":"13:04","asr":"14:21","maghreb":"19:05","ichaa":"20:13"},"7":{"fajr":"05:36","sunrise":"06:54","dohr":"13:04","asr":"14:20","maghreb":"19:05","ichaa":"20:13"},"8":{"fajr":"05:36","sunrise":"06:54","dohr":"13:04","asr":"14:19","maghreb":"19:05","ichaa":"20:13"},"9":{"fajr":"05:36","sunrise":"06:54","dohr":"13:04","asr":"14:18","maghreb":"19:05","ichaa":"20:13"},"10":{"fajr":"05:36","sunrise":"06:55","dohr":"13:05","asr":"14:18","maghreb":"19:05","ichaa":"20:14"},"11":{"fajr":"05:36","sunrise":"06:55","dohr":"13:05","asr":"14:17","maghreb":"19:06","ichaa":"20:14"},"12":{"fajr":"05:36","sunrise":"06:55","dohr":"13:05","asr":"14:17","maghreb":"19:06","ichaa":"20:14"},"13":{"fajr":"05:37","sunrise":"06:55","dohr":"13:05","asr":"14:16","maghreb":"19:06","ichaa":"20:14"},"14":{"fajr":"05:37","sunrise":"06:55","dohr":"13:05","asr":"14:16","maghreb":"19:06","ichaa":"20:15"},"15":{"fajr":"05:37","sunrise":"06:56","dohr":"13:06","asr":"14:16","maghreb":"19:06","ichaa":"20:15"},"16":{"fajr":"05:37","sunrise":"06:56","dohr":"13:06","asr":"14:16","maghreb":"19:07","ichaa":"20:15"},"17":{"fajr":"05:37","sunrise":"06:56","dohr":"13:06","asr":"14:16","maghreb":"19:07","ichaa":"20:15"},"18":{"fajr":"05:38","sunrise":"06:56","dohr":"13:06","asr":"14:15","maghreb":"19:07","ichaa":"20:16"},"19":{"fajr":"05:38","sunrise":"06:57","dohr":"13:06","asr":"14:16","maghreb":"19:07","ichaa":"20:16"},"20":{"fajr":"05:38","sunrise":"06:57","dohr":"13:07","asr":"14:16","maghreb":"19:08","ichaa":"20:16"},"21":{"fajr":"05:38","sunrise":"06:57","dohr":"13:07","asr":"14:16","maghreb":"19:08","ichaa":"20:16"},"22":{"fajr":"05:38","sunrise":"06:57","dohr":"13:07","asr":"14:16","maghreb":"19:08","ichaa":"20:16"},"23":{"fajr":"05:39","sunrise":"06:57","dohr":"13:07","asr":"14:17","maghreb":"19:08","ichaa":"20:17"},"24":{"fajr":"05:39","sunrise":"06:58","dohr":"13:08","asr":"14:17","maghreb":"19:08","ichaa":"20:17"},"25":{"fajr":"05:39","sunrise":"06:58","dohr":"13:08","asr":"14:17","maghreb":"19:09","ichaa":"20:17"},"26":{"fajr":"05:39","sunrise":"06:58","dohr":"13:08","asr":"14:18","maghreb":"19:09","ichaa":"20:17"},"27":{"fajr":"05:40","sunrise":"06:58","dohr":"13:08","asr":"14:19","maghreb":"19:09","ichaa":"20:17"},"28":{"fajr":"05:40","sunrise":"06:58","dohr":"13:08","asr":"14:19","maghreb":"19:09","ichaa":"20:18"},"29":{"fajr":"05:40","sunrise":"06:59","dohr":"13:09","asr":"14:20","maghreb":"19:09","ichaa":"20:18"},"30":{"fajr":"05:40","sunrise":"06:59","dohr":"13:09","asr":"14:21","maghreb":"19:10","ichaa":"20:18"}}