{"1":{"fajr":"05:40","sunrise":"06:59","dohr":"13:09","asr":"14:22","maghreb":"19:10","ichaa":"20:18"},"2":{"fajr":"05:41","sunrise":"06:59","dohr":"13:09","asr":"14:23","maghreb":"19:10","ichaa":"20:18"},"3":{"fajr":"05:41","sunrise":"06:59","dohr":"13:09","asr":"14:24","maghreb":"19:10","ichaa":"20:18"},"4":{"fajr":"05:41","sunrise":"07:00","dohr":"13:09","asr":"14:25","maghreb":"19:10","ichaa":"20:19"},"5":{"fajr":"05:41","sunrise":"07:00","dohr":"13:10","asr":"14:26","maghreb":"19:10","ichaa":"20:19"},"6":{"fajr":"05:42","sunrise":"07:00","dohr":"13:10","asr":"14:27","maghreb":"19:11","ichaa":"20:19"},"7":{"fajr":"05:42","sunrise":"07:00","dohr":"13:10","asr":"14:29","maghreb":"19:11","ichaa":"20:19"},"8":{"fajr":"05:42","sunrise":"07:00","dohr":"13:10","asr":"14:30","maghreb":"19:11","ichaa":"20:19"},"9":{"fajr":"05:42","sunrise":"07:00","dohr":"13:10","asr":"14:31","maghreb":"19:11","ichaa":"20:19"},"10":{"fajr":"05:43","sunrise":"07:01","dohr":"13:10","asr":"14:32","maghreb":"19:11","ichaa":"20:19"},"11":{"fajr":"05:43","sunrise":"07:01","dohr":"13:11","asr":"14:34","maghreb":"19:11","ichaa":"20:19"},"12":{"fajr":"05:43","sunrise":"07:01","dohr":"13:11","asr":"14:35","maghreb":"19:11","ichaa":"20:19"},"13":{"fajr":"05:43","sunrise":"07:01","dohr":"13:11","asr":"14:37","maghreb":"19:12","ichaa":"20:19"},"14":{"fajr":"05:43","sunrise":"07:01","dohr":"13:11","asr":"14:38","maghreb":"19:12","ichaa":"20:19"},"15":{"fajr":"05:44","sunrise":"07:01","dohr":"13:11","asr":"14:39","maghreb":"19:12","ichaa":"20:19"},"16":{"fajr":"05:44","sunrise":"07:01","dohr":"13:11","asr":"14:41","maghreb":"19:12","ichaa":"20:19"},"17":{"fajr":"05:44","sunrise":"07:01","dohr":"13:11","asr":"14:42","maghreb":"19:12","ichaa":"20:19"},"18":{"fajr":"05:44","sunrise":"07:02","dohr":"13:11","asr":"14:44","maghreb":"19:12","ichaa":"20:19"},"19":{"fajr":"05:44","sunrise":"07:02","dohr":"13:11","asr":"14:45","maghreb":"19:12","ichaa":"20:19"},"20":{"fajr":"05:44","sunrise":"07:02","dohr":"13:11","asr":"14:47","maghreb":"19:12","ichaa":"20:19"},"21":{"fajr":"05:45","sunrise":"07:02","dohr":"13:11","asr":"14:48","maghreb":"19:12","ichaa":"20:19"},"22":{"fajr":"05:45","sunrise":"07:02","dohr":"13:11","asr":"14:50","maghreb":"19:12","ichaa":"20:19"},"23":{"fajr":"05:45","sunrise":"07:02","dohr":"13:12","asr":"14:51","maghreb":"19:12","ichaa":"20:19"},"24":{"fajr":"05:45","sunrise":"07:02","dohr":"13:12","asr":"14:53","maghreb":"19:12","ichaa":"20:19"},"25":{"fajr":"05:45","sunrise":"07:02","dohr":"13:12","asr":"14:54","maghreb":"19:12","ichaa":"20:19"},"26":{"fajr":"05:45","sunrise":"07:02","dohr":"13:12","asr":"14:56","maghreb":"19:12","ichaa":"20:19"},"27":{"fajr":"05:45","sunrise":"07:02","dohr":"13:12","asr":"14:57","maghreb":"19:12","ichaa":"20:19"},"28":{"fajr":"05:46","sunrise":"07:02","dohr":"13:12","asr":"14:59","maghreb":"19:12","ichaa":"20:18"},"29":{"fajr":"05:46","sunrise":"07:02","dohr":"13:11","asr":"15:00","maghreb":"19:12","ichaa":"20:18"},"30":{"fajr":"05:46","sunrise":"07:02","dohr":"13:11","asr":"15:02","maghreb":"19:12","ichaa":"20:18"},"31":{"fajr":"05:46","sunrise":"07:02","dohr":"13:11","asr":"15:03","maghreb":"19:12","ichaa":"20:18"}}