{"1":{"fajr":"05:46","sunrise":"07:02","dohr":"13:11","asr":"15:05","maghreb":"19:12","ichaa":"20:18"},"2":{"fajr":"05:46","sunrise":"07:02","dohr":"13:11","asr":"15:06","maghreb":"19:12","ichaa":"20:18"},"3":{"fajr":"05:46","sunrise":"07:02","dohr":"13:11","asr":"15:07","maghreb":"19:12","ichaa":"20:17"},"4":{"fajr":"05:46","sunrise":"07:01","dohr":"13:11","asr":"15:09","maghreb":"19:12","ichaa":"20:17"},"5":{"fajr":"05:46","sunrise":"07:01","dohr":"13:11","asr":"15:10","maghreb":"19:12","ichaa":"20:17"},"6":{"fajr":"05:46","sunrise":"07:01","dohr":"13:11","asr":"15:12","maghreb":"19:11","ichaa":"20:17"},"7":{"fajr":"05:46","sunrise":"07:01","dohr":"13:11","asr":"15:13","maghreb":"19:11","ichaa":"20:17"},"8":{"fajr":"05:46","sunrise":"07:01","dohr":"13:11","asr":"15:14","maghreb":"19:11","ichaa":"20:16"},"9":{"fajr":"05:46","sunrise":"07:01","dohr":"13:10","asr":"15:16","maghreb":"19:11","ichaa":"20:16"},"10":{"fajr":"05:46","sunrise":"07:01","dohr":"13:10","asr":"15:17","maghreb":"19:11","ichaa":"20:16"},"11":{"fajr":"05:46","sunrise":"07:01","dohr":"13:10","asr":"15:18","maghreb":"19:11","ichaa":"20:16"},"12":{"fajr":"05:46","sunrise":"07:00","dohr":"13:10","asr":"15:19","maghreb":"19:11","ichaa":"20:15"},"13":{"fajr":"05:46","sunrise":"07:00","dohr":"13:10","asr":"15:21","maghreb":"19:10","ichaa":"20:15"},"14":{"fajr":"05:46","sunrise":"07:00","dohr":"13:10","asr":"15:22","maghreb":"19:10","ichaa":"20:15"},"15":{"fajr":"05:46","sunrise":"07:00","dohr":"13:09","asr":"15:23","maghreb":"19:10","ichaa":"20:14"},"16":{"fajr":"05:46","sunrise":"07:00","dohr":"13:09","asr":"15:24","maghreb":"19:10","ichaa":"20:14"},"17":{"fajr":"05:45","sunrise":"06:59","dohr":"13:09","asr":"15:25","maghreb":"19:10","ichaa":"20:14"},"18":{"fajr":"05:45","sunrise":"06:59","dohr":"13:09","asr":"15:26","maghreb":"19:09","ichaa":"20:14"},"19":{"fajr":"05:45","sunrise":"06:59","dohr":"13:09","asr":"15:27","maghreb":"19:09","ichaa":"20:13"},"20":{"fajr":"05:45","sunrise":"06:59","dohr":"13:08","asr":"15:29","maghreb":"19:09","ichaa":"20:13"},"21":{"fajr":"05:45","sunrise":"06:59","dohr":"13:08","asr":"15:30","maghreb":"19:09","ichaa":"20:13"},"22":{"fajr":"05:45","sunrise":"06:58","dohr":"13:08","asr":"15:31","maghreb":"19:08","ichaa":"20:12"},"23":{"fajr":"05:45","sunrise":"06:58","dohr":"13:08","asr":"15:32","maghreb":"19:08","ichaa":"20:12"},"24":{"fajr":"05:44","sunrise":"06:58","dohr":"13:07","asr":"15:33","maghreb":"19:08","ichaa":"20:11"},"25":{"fajr":"05:44","sunrise":"06:58","dohr":"13:07","asr":"15:34","maghreb":"19:08","ichaa":"20:11"},"26":{"fajr":"05:44","sunrise":"06:57","dohr":"13:07","asr":"15:35","maghreb":"19:07","ichaa":"20:11"},"27":{"fajr":"05:44","sunrise":"06:57","dohr":"13:06","asr":"15:35","maghreb":"19:07","ichaa":"20:10"},"28":{"fajr":"05:44","sunrise":"06:57","dohr":"13:06","asr":"15:36","maghreb":"19:07","ichaa":"20:10"},"29":{"fajr":"05:43","sunrise":"06:56","dohr":"13:06","asr":"15:37","maghreb":"19:06","ichaa":"20:10"},"30":{"fajr":"05:43","sunrise":"06:56","dohr":"13:06","asr":"15:38","maghreb":"19:06","ichaa":"20:09"},"31":{"fajr":"05:43","sunrise":"06:56","dohr":"13:05","asr":"15:39","maghreb":"19:06","ichaa":"20:09"}}