{"1":{"fajr":"05:43","sunrise":"06:55","dohr":"13:05","asr":"15:40","maghreb":"19:05","ichaa":"20:09"},"2":{"fajr":"05:42","sunrise":"06:55","dohr":"13:05","asr":"15:41","maghreb":"19:05","ichaa":"20:08"},"3":{"fajr":"05:42","sunrise":"06:55","dohr":"13:04","asr":"15:41","maghreb":"19:05","ichaa":"20:08"},"4":{"fajr":"05:42","sunrise":"06:55","dohr":"13:04","asr":"15:42","maghreb":"19:04","ichaa":"20:07"},"5":{"fajr":"05:42","sunrise":"06:54","dohr":"13:04","asr":"15:43","maghreb":"19:04","ichaa":"20:07"},"6":{"fajr":"05:41","sunrise":"06:54","dohr":"13:03","asr":"15:43","maghreb":"19:04","ichaa":"20:07"},"7":{"fajr":"05:41","sunrise":"06:54","dohr":"13:03","asr":"15:44","maghreb":"19:03","ichaa":"20:06"},"8":{"fajr":"05:41","sunrise":"06:53","dohr":"13:03","asr":"15:45","maghreb":"19:03","ichaa":"20:06"},"9":{"fajr":"05:41","sunrise":"06:53","dohr":"13:02","asr":"15:45","maghreb":"19:03","ichaa":"20:05"},"10":{"fajr":"05:40","sunrise":"06:52","dohr":"13:02","asr":"15:46","maghreb":"19:02","ichaa":"20:05"},"11":{"fajr":"05:40","sunrise":"06:52","dohr":"13:02","asr":"15:47","maghreb":"19:02","ichaa":"20:05"},"12":{"fajr":"05:40","sunrise":"06:52","dohr":"13:01","asr":"15:47","maghreb":"19:02","ichaa":"20:04"},"13":{"fajr":"05:39","sunrise":"06:51","dohr":"13:01","asr":"15:48","maghreb":"19:01","ichaa":"20:04"},"14":{"fajr":"05:39","sunrise":"06:51","dohr":"13:00","asr":"15:48","maghreb":"19:01","ichaa":"20:03"},"15":{"fajr":"05:39","sunrise":"06:51","dohr":"13:00","asr":"15:49","maghreb":"19:01","ichaa":"20:03"},"16":{"fajr":"05:38","sunrise":"06:50","dohr":"13:00","asr":"15:50","maghreb":"19:00","ichaa":"20:03"},"17":{"fajr":"05:38","sunrise":"06:50","dohr":"12:59","asr":"15:50","maghreb":"19:00","ichaa":"20:02"},"18":{"fajr":"05:38","sunrise":"06:50","dohr":"12:59","asr":"15:51","maghreb":"18:59","ichaa":"20:02"},"19":{"fajr":"05:37","sunrise":"06:49","dohr":"12:59","asr":"15:51","maghreb":"18:59","ichaa":"20:02"},"20":{"fajr":"05:37","sunrise":"06:49","dohr":"12:58","asr":"15:51","maghreb":"18:59","ichaa":"20:01"},"21":{"fajr":"05:37","sunrise":"06:49","dohr":"12:58","asr":"15:52","maghreb":"18:58","ichaa":"20:01"},"22":{"fajr":"05:36","sunrise":"06:48","dohr":"12:58","asr":"15:52","maghreb":"18:58","ichaa":"20:01"},"23":{"fajr":"05:36","sunrise":"06:48","dohr":"12:57","asr":"15:53","maghreb":"18:58","ichaa":"20:00"},"24":{"fajr":"05:36","sunrise":"06:48","dohr":"12:57","asr":"15:53","maghreb":"18:57","ichaa":"20:00"},"25":{"fajr":"05:35","sunrise":"06:47","dohr":"12:57","asr":"15:54","maghreb":"18:57","ichaa":"20:00"},"26":{"fajr":"05:35","sunrise":"06:47","dohr":"12:56","asr":"15:54","maghreb":"18:57","ichaa":"19:59"},"27":{"fajr":"05:34","sunrise":"06:46","dohr":"12:56","asr":"15:54","maghreb":"18:56","ichaa":"19:59"},"28":{"fajr":"05:34","sunrise":"06:46","dohr":"12:56","asr":"15:55","maghreb":"18:56","ichaa":"19:59"},"29":{"fajr":"05:34","sunrise":"06:46","dohr":"12:55","asr":"15:55","maghreb":"18:56","ichaa":"19:58"},"30":{"fajr":"05:33","sunrise":"06:45","dohr":"12:55","asr":"15:55","maghreb":"18:55","ichaa":"19:58"}}