{"1":{"fajr":"06:33","sunrise":"08:01","dohr":"13:13","asr":"15:49","maghreb":"18:15","ichaa":"19:32"},"2":{"fajr":"06:33","sunrise":"08:02","dohr":"13:13","asr":"15:49","maghreb":"18:14","ichaa":"19:32"},"3":{"fajr":"06:34","sunrise":"08:03","dohr":"13:14","asr":"15:49","maghreb":"18:14","ichaa":"19:32"},"4":{"fajr":"06:35","sunrise":"08:04","dohr":"13:14","asr":"15:49","maghreb":"18:14","ichaa":"19:32"},"5":{"fajr":"06:36","sunrise":"08:05","dohr":"13:14","asr":"15:50","maghreb":"18:14","ichaa":"19:32"},"6":{"fajr":"06:36","sunrise":"08:06","dohr":"13:15","asr":"15:50","maghreb":"18:14","ichaa":"19:32"},"7":{"fajr":"06:37","sunrise":"08:06","dohr":"13:15","asr":"15:50","maghreb":"18:14","ichaa":"19:33"},"8":{"fajr":"06:38","sunrise":"08:07","dohr":"13:16","asr":"15:50","maghreb":"18:15","ichaa":"19:33"},"9":{"fajr":"06:39","sunrise":"08:08","dohr":"13:16","asr":"15:50","maghreb":"18:15","ichaa":"19:33"},"10":{"fajr":"06:39","sunrise":"08:09","dohr":"13:17","asr":"15:50","maghreb":"18:15","ichaa":"19:33"},"11":{"fajr":"06:40","sunrise":"08:10","dohr":"13:17","asr":"15:51","maghreb":"18:15","ichaa":"19:33"},"12":{"fajr":"06:41","sunrise":"08:10","dohr":"13:17","asr":"15:51","maghreb":"18:15","ichaa":"19:34"},"13":{"fajr":"06:41","sunrise":"08:11","dohr":"13:18","asr":"15:51","maghreb":"18:16","ichaa":"19:34"},"14":{"fajr":"06:42","sunrise":"08:12","dohr":"13:18","asr":"15:51","maghreb":"18:16","ichaa":"19:34"},"15":{"fajr":"06:42","sunrise":"08:12","dohr":"13:19","asr":"15:52","maghreb":"18:16","ichaa":"19:35"},"16":{"fajr":"06:43","sunrise":"08:13","dohr":"13:19","asr":"15:52","maghreb":"18:17","ichaa":"19:35"},"17":{"fajr":"06:44","sunrise":"08:14","dohr":"13:20","asr":"15:52","maghreb":"18:17","ichaa":"19:35"},"18":{"fajr":"06:44","sunrise":"08:14","dohr":"13:20","asr":"15:53","maghreb":"18:17","ichaa":"19:36"},"19":{"fajr":"06:45","sunrise":"08:15","dohr":"13:21","asr":"15:53","maghreb":"18:18","ichaa":"19:36"},"20":{"fajr":"06:45","sunrise":"08:15","dohr":"13:21","asr":"15:54","maghreb":"18:18","ichaa":"19:37"},"21":{"fajr":"06:46","sunrise":"08:16","dohr":"13:22","asr":"15:54","maghreb":"18:19","ichaa":"19:37"},"22":{"fajr":"06:46","sunrise":"08:16","dohr":"13:22","asr":"15:55","maghreb":"18:19","ichaa":"19:38"},"23":{"fajr":"06:47","sunrise":"08:17","dohr":"13:23","asr":"15:55","maghreb":"18:20","ichaa":"19:38"},"24":{"fajr":"06:47","sunrise":"08:17","dohr":"13:23","asr":"15:56","maghreb":"18:20","ichaa":"19:39"},"25":{"fajr":"06:48","sunrise":"08:18","dohr":"13:24","asr":"15:56","maghreb":"18:21","ichaa":"19:39"},"26":{"fajr":"06:48","sunrise":"08:18","dohr":"13:24","asr":"15:57","maghreb":"18:21","ichaa":"19:40"},"27":{"fajr":"06:48","sunrise":"08:18","dohr":"13:25","asr":"15:58","maghreb":"18:22","ichaa":"19:41"},"28":{"fajr":"06:49","sunrise":"08:19","dohr":"13:25","asr":"15:58","maghreb":"18:23","ichaa":"19:41"},"29":{"fajr":"06:49","sunrise":"08:19","dohr":"13:26","asr":"15:59","maghreb":"18:23","ichaa":"19:42"},"30":{"fajr":"06:49","sunrise":"08:19","dohr":"13:26","asr":"16:00","maghreb":"18:24","ichaa":"19:43"},"31":{"fajr":"06:50","sunrise":"08:19","dohr":"13:27","asr":"16:00","maghreb":"18:25","ichaa":"19:43"}}