{"1":{"fajr":"06:45","sunrise":"08:11","dohr":"13:37","asr":"16:27","maghreb":"18:55","ichaa":"20:10"},"2":{"fajr":"06:44","sunrise":"08:10","dohr":"13:37","asr":"16:28","maghreb":"18:56","ichaa":"20:11"},"3":{"fajr":"06:44","sunrise":"08:09","dohr":"13:38","asr":"16:29","maghreb":"18:57","ichaa":"20:11"},"4":{"fajr":"06:43","sunrise":"08:09","dohr":"13:38","asr":"16:29","maghreb":"18:58","ichaa":"20:12"},"5":{"fajr":"06:42","sunrise":"08:08","dohr":"13:38","asr":"16:30","maghreb":"18:59","ichaa":"20:13"},"6":{"fajr":"06:42","sunrise":"08:07","dohr":"13:38","asr":"16:31","maghreb":"19:00","ichaa":"20:14"},"7":{"fajr":"06:41","sunrise":"08:06","dohr":"13:38","asr":"16:32","maghreb":"19:01","ichaa":"20:15"},"8":{"fajr":"06:40","sunrise":"08:05","dohr":"13:38","asr":"16:33","maghreb":"19:01","ichaa":"20:16"},"9":{"fajr":"06:39","sunrise":"08:04","dohr":"13:38","asr":"16:33","maghreb":"19:02","ichaa":"20:17"},"10":{"fajr":"06:39","sunrise":"08:03","dohr":"13:38","asr":"16:34","maghreb":"19:03","ichaa":"20:17"},"11":{"fajr":"06:38","sunrise":"08:03","dohr":"13:38","asr":"16:35","maghreb":"19:04","ichaa":"20:18"},"12":{"fajr":"06:37","sunrise":"08:02","dohr":"13:38","asr":"16:36","maghreb":"19:05","ichaa":"20:19"},"13":{"fajr":"06:36","sunrise":"08:01","dohr":"13:38","asr":"16:36","maghreb":"19:06","ichaa":"20:20"},"14":{"fajr":"06:35","sunrise":"08:00","dohr":"13:38","asr":"16:37","maghreb":"19:07","ichaa":"20:21"},"15":{"fajr":"06:34","sunrise":"07:58","dohr":"13:38","asr":"16:38","maghreb":"19:08","ichaa":"20:22"},"16":{"fajr":"06:33","sunrise":"07:57","dohr":"13:38","asr":"16:38","maghreb":"19:09","ichaa":"20:23"},"17":{"fajr":"06:32","sunrise":"07:56","dohr":"13:38","asr":"16:39","maghreb":"19:10","ichaa":"20:23"},"18":{"fajr":"06:31","sunrise":"07:55","dohr":"13:38","asr":"16:40","maghreb":"19:11","ichaa":"20:24"},"19":{"fajr":"06:30","sunrise":"07:54","dohr":"13:37","asr":"16:40","maghreb":"19:12","ichaa":"20:25"},"20":{"fajr":"06:29","sunrise":"07:53","dohr":"13:37","asr":"16:41","maghreb":"19:13","ichaa":"20:26"},"21":{"fajr":"06:28","sunrise":"07:52","dohr":"13:37","asr":"16:42","maghreb":"19:14","ichaa":"20:27"},"22":{"fajr":"06:27","sunrise":"07:51","dohr":"13:37","asr":"16:42","maghreb":"19:15","ichaa":"20:28"},"23":{"fajr":"06:26","sunrise":"07:50","dohr":"13:37","asr":"16:43","maghreb":"19:15","ichaa":"20:29"},"24":{"fajr":"06:25","sunrise":"07:48","dohr":"13:37","asr":"16:43","maghreb":"19:16","ichaa":"20:29"},"25":{"fajr":"06:24","sunrise":"07:47","dohr":"13:37","asr":"16:44","maghreb":"19:17","ichaa":"20:30"},"26":{"fajr":"06:22","sunrise":"07:46","dohr":"13:37","asr":"16:44","maghreb":"19:18","ichaa":"20:31"},"27":{"fajr":"06:21","sunrise":"07:45","dohr":"13:36","asr":"16:45","maghreb":"19:19","ichaa":"20:32"},"28":{"fajr":"06:20","sunrise":"07:44","dohr":"13:36","asr":"16:45","maghreb":"19:20","ichaa":"20:33"}}