{"1":{"fajr":"04:17","sunrise":"06:01","dohr":"13:22","asr":"17:03","maghreb":"20:33","ichaa":"22:03"},"2":{"fajr":"04:16","sunrise":"06:01","dohr":"13:22","asr":"17:03","maghreb":"20:33","ichaa":"22:04"},"3":{"fajr":"04:15","sunrise":"06:01","dohr":"13:22","asr":"17:03","maghreb":"20:34","ichaa":"22:05"},"4":{"fajr":"04:15","sunrise":"06:01","dohr":"13:22","asr":"17:03","maghreb":"20:35","ichaa":"22:05"},"5":{"fajr":"04:15","sunrise":"06:00","dohr":"13:22","asr":"17:04","maghreb":"20:35","ichaa":"22:06"},"6":{"fajr":"04:14","sunrise":"06:00","dohr":"13:22","asr":"17:04","maghreb":"20:36","ichaa":"22:07"},"7":{"fajr":"04:14","sunrise":"06:00","dohr":"13:23","asr":"17:04","maghreb":"20:36","ichaa":"22:07"},"8":{"fajr":"04:13","sunrise":"06:00","dohr":"13:23","asr":"17:04","maghreb":"20:37","ichaa":"22:08"},"9":{"fajr":"04:13","sunrise":"06:00","dohr":"13:23","asr":"17:04","maghreb":"20:37","ichaa":"22:09"},"10":{"fajr":"04:13","sunrise":"06:00","dohr":"13:23","asr":"17:05","maghreb":"20:38","ichaa":"22:09"},"11":{"fajr":"04:13","sunrise":"06:00","dohr":"13:23","asr":"17:05","maghreb":"20:38","ichaa":"22:10"},"12":{"fajr":"04:12","sunrise":"06:00","dohr":"13:24","asr":"17:05","maghreb":"20:38","ichaa":"22:10"},"13":{"fajr":"04:12","sunrise":"06:00","dohr":"13:24","asr":"17:05","maghreb":"20:39","ichaa":"22:11"},"14":{"fajr":"04:12","sunrise":"06:00","dohr":"13:24","asr":"17:06","maghreb":"20:39","ichaa":"22:11"},"15":{"fajr":"04:12","sunrise":"06:00","dohr":"13:24","asr":"17:06","maghreb":"20:40","ichaa":"22:12"},"16":{"fajr":"04:12","sunrise":"06:00","dohr":"13:24","asr":"17:06","maghreb":"20:40","ichaa":"22:12"},"17":{"fajr":"04:12","sunrise":"06:00","dohr":"13:25","asr":"17:06","maghreb":"20:40","ichaa":"22:13"},"18":{"fajr":"04:12","sunrise":"06:00","dohr":"13:25","asr":"17:06","maghreb":"20:40","ichaa":"22:13"},"19":{"fajr":"04:12","sunrise":"06:00","dohr":"13:25","asr":"17:07","maghreb":"20:41","ichaa":"22:13"},"20":{"fajr":"04:13","sunrise":"06:00","dohr":"13:25","asr":"17:07","maghreb":"20:41","ichaa":"22:13"},"21":{"fajr":"04:13","sunrise":"06:01","dohr":"13:26","asr":"17:07","maghreb":"20:41","ichaa":"22:14"},"22":{"fajr":"04:13","sunrise":"06:01","dohr":"13:26","asr":"17:07","maghreb":"20:41","ichaa":"22:14"},"23":{"fajr":"04:13","sunrise":"06:01","dohr":"13:26","asr":"17:07","maghreb":"20:42","ichaa":"22:14"},"24":{"fajr":"04:14","sunrise":"06:01","dohr":"13:26","asr":"17:08","maghreb":"20:42","ichaa":"22:14"},"25":{"fajr":"04:14","sunrise":"06:02","dohr":"13:26","asr":"17:08","maghreb":"20:42","ichaa":"22:14"},"26":{"fajr":"04:14","sunrise":"06:02","dohr":"13:27","asr":"17:08","maghreb":"20:42","ichaa":"22:14"},"27":{"fajr":"04:15","sunrise":"06:02","dohr":"13:27","asr":"17:08","maghreb":"20:42","ichaa":"22:14"},"28":{"fajr":"04:15","sunrise":"06:03","dohr":"13:27","asr":"17:08","maghreb":"20:42","ichaa":"22:14"},"29":{"fajr":"04:16","sunrise":"06:03","dohr":"13:27","asr":"17:09","maghreb":"20:42","ichaa":"22:14"},"30":{"fajr":"04:16","sunrise":"06:03","dohr":"13:27","asr":"17:09","maghreb":"20:42","ichaa":"22:14"}}